/* Generated by tools/convert-penalty-cover.py; do not edit. */
#include <stdint.h>
const uint16_t penalty_cover_pixels[240 * 320] = {
    0x0318, 0x0318, 0x0338, 0x0338, 0x0338, 0x0338, 0x0338, 0x0338, 0x0338, 0x0338, 0x0338, 0x0338, 0x0338, 0x0338, 0x0338, 0x0338,
    0x0338, 0x0338, 0x0338, 0x0318, 0x0318, 0x0318, 0x0318, 0x0318, 0x0338, 0x0338, 0x0338, 0x0338, 0x0338, 0x0338, 0x0338, 0x0338,
    0x0338, 0x0338, 0x0338, 0x0338, 0x0338, 0x0338, 0x0338, 0x0338, 0x0358, 0x0338, 0x0338, 0x0338, 0x0338, 0x0338, 0x0338, 0x0338,
    0x0338, 0x0338, 0x0338, 0x0338, 0x0338, 0x0317, 0x0317, 0x0317, 0x0317, 0x02f7, 0x0317, 0x02f7, 0x02f7, 0x02f7, 0x02f7, 0x02f7,
    0x02f6, 0x02f6, 0x02d6, 0x02d6, 0x02d6, 0x02d6, 0x02d6, 0x02d6, 0x02f6, 0x02d6, 0x02b5, 0x02b5, 0x0295, 0x02b5, 0x02d5, 0x02d5,
    0x02b5, 0x0294, 0x02b4, 0x0294, 0x0a93, 0x0273, 0x0273, 0x0293, 0x02b2, 0x02b2, 0x0272, 0x0253, 0x0252, 0x0232, 0x0212, 0x0232,
    0x0291, 0x01f1, 0x0210, 0x02b4, 0x0371, 0x03ef, 0x040f, 0x040f, 0x03ef, 0x03af, 0x02d4, 0x03cf, 0x03ef, 0x03ef, 0x03ef, 0x02f3,
    0x02d5, 0x02b5, 0x02b5, 0x0211, 0x0230, 0x0230, 0x020f, 0x022f, 0x02aa, 0x02ca, 0x02aa, 0x026c, 0x0312, 0x02ec, 0x02f0, 0x02f4,
    0x0295, 0x0296, 0x02b6, 0x0295, 0x0275, 0x0295, 0x02b6, 0x0295, 0x0275, 0x02b5, 0x0253, 0x0211, 0x01d0, 0x0313, 0x0271, 0x0334,
    0x0333, 0x0333, 0x0333, 0x02b0, 0x0290, 0x0233, 0x0253, 0x0ab3, 0x0a93, 0x0a94, 0x0ab4, 0x02b4, 0x0294, 0x0294, 0x0295, 0x02b5,
    0x02b5, 0x02b5, 0x02d6, 0x02d6, 0x02d6, 0x02d6, 0x02d6, 0x02d6, 0x02f6, 0x02f7, 0x02f7, 0x0317, 0x0317, 0x0317, 0x0317, 0x0317,
    0x0318, 0x0318, 0x0318, 0x0318, 0x0318, 0x0318, 0x0338, 0x0338, 0x0338, 0x0338, 0x0338, 0x0338, 0x0338, 0x0338, 0x0338, 0x0338,
    0x0338, 0x0338, 0x0338, 0x0338, 0x0338, 0x0318, 0x0318, 0x0318, 0x0318, 0x0318, 0x0318, 0x0318, 0x0318, 0x0318, 0x0318, 0x0318,
    0x0338, 0x0318, 0x0338, 0x0338, 0x0338, 0x0318, 0x0318, 0x0318, 0x0338, 0x0318, 0x0318, 0x0338, 0x0338, 0x0318, 0x0338, 0x0338,
    0x0338, 0x0338, 0x0338, 0x0338, 0x0338, 0x0338, 0x0338, 0x0338, 0x0338, 0x0338, 0x0338, 0x0318, 0x0318, 0x0338, 0x0317, 0x0317,
    0x0318, 0x0318, 0x0318, 0x0338, 0x0338, 0x0338, 0x0338, 0x0338, 0x0338, 0x0338, 0x0338, 0x0338, 0x0338, 0x0338, 0x0338, 0x0338,
    0x0338, 0x0339, 0x0338, 0x0338, 0x0318, 0x0338, 0x0318, 0x0318, 0x0338, 0x0338, 0x0338, 0x0339, 0x0339, 0x0338, 0x0338, 0x0338,
    0x0338, 0x0338, 0x0338, 0x0338, 0x0338, 0x0359, 0x0338, 0x0338, 0x0338, 0x0339, 0x0339, 0x0339, 0x0339, 0x0339, 0x0339, 0x0338,
    0x0338, 0x0338, 0x0338, 0x0338, 0x0338, 0x0318, 0x0317, 0x0317, 0x0317, 0x02f7, 0x02f7, 0x02f7, 0x02f7, 0x02f7, 0x02f7, 0x02f7,
    0x02f6, 0x02f6, 0x02d6, 0x02d6, 0x02d6, 0x02d6, 0x02d6, 0x02d6, 0x02d6, 0x02d6, 0x02b5, 0x02d5, 0x02b5, 0x02b5, 0x02b5, 0x02b5,
    0x02b5, 0x02b5, 0x02b4, 0x0294, 0x0a93, 0x0273, 0x0253, 0x0293, 0x02b3, 0x0293, 0x0214, 0x0252, 0x0252, 0x0252, 0x0252, 0x0271,
    0x0270, 0x01f1, 0x0210, 0x0252, 0x0333, 0x03ef, 0x040f, 0x040f, 0x03ef, 0x03ef, 0x0373, 0x03ef, 0x03ef, 0x03ef, 0x03cf, 0x02d3,
    0x02d5, 0x02b6, 0x02b6, 0x0295, 0x0294, 0x02b4, 0x0274, 0x026d, 0x02aa, 0x02aa, 0x02aa, 0x02d3, 0x02f5, 0x0312, 0x02d4, 0x02b5,
    0x02b6, 0x0296, 0x02b6, 0x0296, 0x0295, 0x0295, 0x0295, 0x0295, 0x0295, 0x0295, 0x02b5, 0x0211, 0x01f0, 0x02f3, 0x0314, 0x0334,
    0x0333, 0x0333, 0x02d2, 0x02b0, 0x0290, 0x0253, 0x0273, 0x0293, 0x0ab4, 0x0ab4, 0x0ab4, 0x02b5, 0x0294, 0x0295, 0x0295, 0x02b5,
    0x02b6, 0x02d5, 0x02d6, 0x02d6, 0x02f6, 0x02d6, 0x02d6, 0x02d7, 0x02f7, 0x02f7, 0x02f7, 0x0317, 0x0317, 0x0318, 0x0318, 0x0318,
    0x0318, 0x0318, 0x0318, 0x0318, 0x0318, 0x0318, 0x0338, 0x0338, 0x0338, 0x0339, 0x0339, 0x0339, 0x0339, 0x0338, 0x0338, 0x0338,
    0x0338, 0x0338, 0x0338, 0x0338, 0x0338, 0x0318, 0x0318, 0x0318, 0x0318, 0x0318, 0x0318, 0x0318, 0x0318, 0x0318, 0x0318, 0x0318,
    0x0318, 0x0318, 0x0338, 0x0318, 0x0318, 0x0318, 0x0318, 0x0318, 0x0318, 0x0318, 0x0338, 0x0338, 0x0338, 0x0318, 0x0338, 0x0338,
    0x0338, 0x0b38, 0x0338, 0x0b38, 0x0338, 0x0338, 0x0338, 0x0338, 0x0338, 0x0338, 0x0318, 0x0318, 0x0338, 0x0318, 0x0318, 0x0337,
    0x0318, 0x0318, 0x0318, 0x0338, 0x0338, 0x0338, 0x0318, 0x0338, 0x0318, 0x0338, 0x0338, 0x0338, 0x0318, 0x0318, 0x0338, 0x0338,
    0x0338, 0x0338, 0x0318, 0x23da, 0x2c3b, 0x2c3b, 0x2c3b, 0x2c3b, 0x2c3a, 0x0339, 0x0338, 0x0338, 0x0338, 0x0339, 0x0338, 0x0338,
    0x0338, 0x0338, 0x0338, 0x0338, 0x0338, 0x0338, 0x0338, 0x0338, 0x0338, 0x0338, 0x0338, 0x0338, 0x0338, 0x0338, 0x0338, 0x0338,
    0x0338, 0x0338, 0x0338, 0x0338, 0x0338, 0x0318, 0x0318, 0x0317, 0x0317, 0x02f7, 0x02f7, 0x02f7, 0x02f7, 0x02f7, 0x02f7, 0x02f7,
    0x02f7, 0x02f7, 0x02d6, 0x02d6, 0x02d6, 0x02d6, 0x02d6, 0x02b6, 0x02b6, 0x02b6, 0x02d6, 0x02b5, 0x02b5, 0x02b5, 0x02b5, 0x0295,
    0x02b5, 0x02b5, 0x0294, 0x0294, 0x0a93, 0x0a73, 0x0a93, 0x0233, 0x0272, 0x0273, 0x0214, 0x0252, 0x0252, 0x0272, 0x0252, 0x0272,
    0x0290, 0x01f1, 0x01f0, 0x0251, 0x02b5, 0x0392, 0x03ef, 0x03ef, 0x0333, 0x03cf, 0x03b0, 0x03ef, 0x03ef, 0x03b1, 0x0311, 0x0334,
    0x02f3, 0x0296, 0x0296, 0x02f4, 0x0313, 0x02f4, 0x0294, 0x0291, 0x030c, 0x03d0, 0x038f, 0x0371, 0x03b1, 0x0390, 0x0332, 0x02d4,
    0x02b5, 0x0296, 0x0296, 0x0296, 0x0295, 0x0253, 0x0234, 0x0295, 0x0275, 0x0254, 0x0274, 0x0212, 0x01d0, 0x0272, 0x0333, 0x0333,
    0x0333, 0x02f2, 0x02f2, 0x0290, 0x0271, 0x02d4, 0x0254, 0x0293, 0x1294, 0x0a94, 0x0294, 0x0294, 0x0294, 0x0295, 0x02b5, 0x02b5,
    0x02b6, 0x02d6, 0x02d6, 0x02d6, 0x02d6, 0x02d6, 0x02d7, 0x02d7, 0x02f7, 0x02f7, 0x02f7, 0x0317, 0x0317, 0x0318, 0x0318, 0x0318,
    0x0318, 0x0318, 0x0318, 0x0318, 0x0318, 0x0318, 0x0338, 0x0338, 0x0338, 0x0338, 0x0338, 0x0338, 0x0338, 0x0338, 0x0338, 0x0339,
    0x0339, 0x0339, 0x0338, 0x0339, 0x0338, 0x0318, 0x0318, 0x0318, 0x0318, 0x0318, 0x0318, 0x0318, 0x0338, 0x0338, 0x0318, 0x0318,
    0x0338, 0x0318, 0x0338, 0x0318, 0x0318, 0x0318, 0x0318, 0x0318, 0x0318, 0x0318, 0x0318, 0x0338, 0x0338, 0x0338, 0x0338, 0x0338,
    0x0338, 0x0338, 0x0338, 0x0338, 0x0338, 0x0338, 0x0338, 0x0338, 0x0338, 0x0318, 0x0318, 0x0318, 0x0318, 0x0318, 0x0318, 0x0318,
    0x0338, 0x0318, 0x0318, 0x0318, 0x0338, 0x0318, 0x0318, 0x0318, 0x0338, 0x0338, 0x0318, 0x0338, 0x0338, 0x0338, 0x0338, 0x0338,
    0x0338, 0x0338, 0x0318, 0x1bd9, 0x2c3b, 0x2c3b, 0x2c3b, 0x2c3a, 0x2c3a, 0x0338, 0x0338, 0x0338, 0x0338, 0x0338, 0x0338, 0x0338,
    0x0338, 0x0338, 0x0338, 0x0338, 0x0338, 0x0338, 0x0338, 0x0338, 0x0338, 0x0338, 0x0339, 0x0339, 0x0338, 0x0338, 0x0338, 0x0338,
    0x0338, 0x0338, 0x0338, 0x0338, 0x0338, 0x0338, 0x0318, 0x0318, 0x0318, 0x02f7, 0x02f7, 0x02f7, 0x02f7, 0x02f7, 0x02f7, 0x02f7,
    0x02f7, 0x02f7, 0x02f6, 0x02d6, 0x02d6, 0x02d6, 0x02d6, 0x02b6, 0x02b6, 0x02b6, 0x02b6, 0x02b5, 0x02b5, 0x02b5, 0x02b5, 0x02b5,
    0x02b5, 0x02b5, 0x0294, 0x0294, 0x0a94, 0x0a73, 0x0a73, 0x1273, 0x0273, 0x0272, 0x02b4, 0x0253, 0x0233, 0x0234, 0x0214, 0x0233,
    0x0272, 0x0212, 0x0252, 0x01f0, 0x02b4, 0x02b5, 0x02b5, 0x02d5, 0x02b6, 0x02b6, 0x02f5, 0x03ef, 0x03ef, 0x03b1, 0x0332, 0x03d1,
    0x03b0, 0x0296, 0x02b5, 0x02d4, 0x03b0, 0x03cf, 0x03cf, 0x03f0, 0x03ee, 0x03ee, 0x03ee, 0x03ef, 0x03cf, 0x0371, 0x02d5, 0x0295,
    0x0295, 0x02b6, 0x02b6, 0x02b5, 0x0294, 0x01f0, 0x0233, 0x0252, 0x0211, 0x0210, 0x01f0, 0x01d0, 0x01d0, 0x02f3, 0x0314, 0x0313,
    0x0313, 0x02d1, 0x0290, 0x0270, 0x0252, 0x02d3, 0x0273, 0x0a93, 0x1294, 0x0a94, 0x0294, 0x0294, 0x02b4, 0x0294, 0x02b5, 0x02b5,
    0x02d6, 0x02b5, 0x0ad6, 0x02d6, 0x02d6, 0x02d6, 0x02d7, 0x02f7, 0x02f7, 0x02f7, 0x02f7, 0x0317, 0x0318, 0x0318, 0x0318, 0x0318,
    0x0318, 0x0318, 0x0318, 0x0318, 0x0338, 0x0338, 0x0338, 0x0338, 0x0338, 0x0338, 0x0338, 0x0318, 0x0338, 0x0338, 0x0338, 0x0338,
    0x0339, 0x0338, 0x0338, 0x0338, 0x0338, 0x0318, 0x0318, 0x0318, 0x0318, 0x0318, 0x0338, 0x0318, 0x0338, 0x0338, 0x0338, 0x0338,
    0x0318, 0x0318, 0x0338, 0x0318, 0x0318, 0x0318, 0x0318, 0x0318, 0x0318, 0x0318, 0x0318, 0x0338, 0x0338, 0x0338, 0x0338, 0x0338,
    0x0338, 0x0338, 0x0338, 0x0338, 0x0338, 0x0338, 0x0338, 0x0338, 0x0338, 0x0338, 0x0318, 0x0318, 0x0318, 0x0318, 0x0318, 0x0318,
    0x0338, 0x0338, 0x0318, 0x0338, 0x0318, 0x0338, 0x0318, 0x0338, 0x0338, 0x0338, 0x0338, 0x0338, 0x0338, 0x0338, 0x0338, 0x0338,
    0x0338, 0x2c1a, 0x2c1b, 0x2c1a, 0x2c3a, 0x2c3b, 0x2c3a, 0x2c3a, 0x2c3b, 0x345b, 0x345a, 0x0338, 0x0338, 0x0338, 0x0338, 0x0318,
    0x0338, 0x0338, 0x0338, 0x0338, 0x0338, 0x0338, 0x0338, 0x0338, 0x0338, 0x0338, 0x0338, 0x0338, 0x0338, 0x0338, 0x0338, 0x0338,
    0x0338, 0x0338, 0x0338, 0x0338, 0x0338, 0x0338, 0x0318, 0x0318, 0x0318, 0x02f7, 0x02f7, 0x02f7, 0x02f7, 0x02f7, 0x02f7, 0x02f7,
    0x02f7, 0x02f7, 0x02f7, 0x02f7, 0x02d7, 0x02d6, 0x02d6, 0x02d6, 0x02d6, 0x02d6, 0x02d5, 0x02b5, 0x02b5, 0x02b5, 0x02b5, 0x02b5,
    0x02b5, 0x02b4, 0x0294, 0x0ab4, 0x0a94, 0x0294, 0x0a73, 0x0ab4, 0x1272, 0x0273, 0x02d4, 0x02f4, 0x0334, 0x02d3, 0x02b2, 0x02d2,
    0x0234, 0x02b0, 0x0312, 0x0271, 0x01f1, 0x0295, 0x0295, 0x0296, 0x02b6, 0x02b6, 0x02b6, 0x02d6, 0x0372, 0x0352, 0x03d0, 0x03b1,
    0x03b0, 0x02d5, 0x0312, 0x02b6, 0x03f0, 0x03ef, 0x03ef, 0x03ef, 0x03ef, 0x03ee, 0x040f, 0x040f, 0x0390, 0x0314, 0x0296, 0x0274,
    0x0234, 0x0295, 0x0296, 0x0253, 0x0211, 0x01cf, 0x01cf, 0x01ef, 0x01f0, 0x0210, 0x0292, 0x0251, 0x02d2, 0x0313, 0x0313, 0x02f2,
    0x02f1, 0x0290, 0x0271, 0x0232, 0x0274, 0x02b2, 0x12b3, 0x0a93, 0x1294, 0x0a94, 0x0294, 0x0294, 0x02b4, 0x02b5, 0x0ab5, 0x02b5,
    0x02d6, 0x02d6, 0x02d6, 0x02d6, 0x02d6, 0x02d7, 0x02d7, 0x02f7, 0x02f7, 0x02f7, 0x02f7, 0x0317, 0x0318, 0x0318, 0x0318, 0x0318,
    0x0318, 0x0318, 0x0318, 0x0318, 0x0318, 0x0338, 0x0338, 0x0338, 0x0338, 0x0338, 0x0338, 0x0338, 0x0338, 0x0338, 0x0338, 0x0338,
    0x0338, 0x0338, 0x0338, 0x0338, 0x0338, 0x0338, 0x0338, 0x0338, 0x0318, 0x0338, 0x0318, 0x0318, 0x0338, 0x0318, 0x0318, 0x0318,
    0x0318, 0x0318, 0x0318, 0x0338, 0x0338, 0x0318, 0x0318, 0x0318, 0x0318, 0x0318, 0x0338, 0x0318, 0x0338, 0x0338, 0x0338, 0x0338,
    0x0338, 0x0338, 0x0338, 0x0338, 0x0338, 0x0338, 0x0338, 0x0338, 0x0338, 0x0318, 0x0338, 0x0338, 0x0338, 0x0338, 0x0338, 0x0318,
    0x0338, 0x0338, 0x0318, 0x0338, 0x0318, 0x0318, 0x0338, 0x0318, 0x0338, 0x0318, 0x0318, 0x0338, 0x0338, 0x0338, 0x0338, 0x0338,
    0x0338, 0x2c3a, 0x2c1a, 0x2c1a, 0x2c3a, 0x2c3a, 0x2c3a, 0x343b, 0x2c3a, 0x2c3a, 0x2c3a, 0x0318, 0x0b58, 0x343a, 0x0318, 0x0338,
    0x0338, 0x0338, 0x0338, 0x0338, 0x0338, 0x0338, 0x0338, 0x0338, 0x0338, 0x0338, 0x0338, 0x0339, 0x0339, 0x0338, 0x0338, 0x0338,
    0x0338, 0x0338, 0x0338, 0x0338, 0x0338, 0x0338, 0x0318, 0x0318, 0x02f7, 0x02f7, 0x02f7, 0x02f7, 0x02f7, 0x02f7, 0x02f7, 0x02f7,
    0x02f7, 0x02f7, 0x02f6, 0x02f6, 0x02f6, 0x02d6, 0x02d6, 0x02d6, 0x02d6, 0x02d6, 0x02d6, 0x02d5, 0x02b5, 0x02d5, 0x02d5, 0x02b5,
    0x02b5, 0x02b5, 0x0294, 0x0ab4, 0x0a94, 0x0a94, 0x0a94, 0x0ab4, 0x1272, 0x0ad4, 0x0314, 0x0314, 0x02f3, 0x02b3, 0x02b3, 0x1293,
    0x0a94, 0x0271, 0x0291, 0x0332, 0x0211, 0x0211, 0x0233, 0x0254, 0x02b6, 0x02b6, 0x02b6, 0x02b6, 0x02b6, 0x02b5, 0x0353, 0x0373,
    0x0371, 0x02b5, 0x0313, 0x02b6, 0x0391, 0x03ef, 0x040f, 0x03ef, 0x040f, 0x03ee, 0x040f, 0x03d0, 0x02d4, 0x02b5, 0x0275, 0x0273,
    0x0232, 0x0252, 0x01f0, 0x01d0, 0x01d0, 0x01ef, 0x01f0, 0x0250, 0x0251, 0x0313, 0x0333, 0x0313, 0x0332, 0x0313, 0x02d0, 0x0290,
    0x0271, 0x0272, 0x0293, 0x0313, 0x12b2, 0x0a72, 0x1293, 0x12b4, 0x0a93, 0x0a94, 0x02b4, 0x0294, 0x0294, 0x0ab5, 0x0ab5, 0x02b5,
    0x02d6, 0x02d6, 0x0ad6, 0x02d6, 0x02d6, 0x02d6, 0x02d7, 0x02f7, 0x02f7, 0x02f7, 0x02f7, 0x0318, 0x0318, 0x0318, 0x0318, 0x0318,
    0x0318, 0x0318, 0x0318, 0x0318, 0x0338, 0x0338, 0x0338, 0x0338, 0x0338, 0x0338, 0x0338, 0x0338, 0x0338, 0x0338, 0x0338, 0x0339,
    0x0338, 0x0338, 0x0338, 0x0338, 0x0338, 0x0338, 0x0338, 0x0338, 0x0338, 0x0338, 0x0338, 0x0318, 0x0318, 0x0318, 0x0318, 0x0318,
    0x0318, 0x0318, 0x0338, 0x0318, 0x0318, 0x0318, 0x0317, 0x0318, 0x0318, 0x0318, 0x0318, 0x0338, 0x0318, 0x0338, 0x0338, 0x0338,
    0x0338, 0x0338, 0x0338, 0x0338, 0x0338, 0x0338, 0x0338, 0x0338, 0x0338, 0x0338, 0x0338, 0x0338, 0x0338, 0x0338, 0x0338, 0x0338,
    0x0338, 0x0338, 0x0338, 0x0338, 0x0318, 0x0338, 0x0338, 0x0318, 0x0318, 0x0318, 0x0318, 0x0338, 0x0338, 0x0338, 0x0338, 0x23fa,
    0x2c1a, 0x2c1a, 0x2c1a, 0x2c1a, 0x2c1a, 0x2c3a, 0x2c3a, 0x2c3a, 0x2c3a, 0x2c3a, 0x2c3a, 0x2c3a, 0x2c3a, 0x2c3b, 0x2c3b, 0x2c3a,
    0x0338, 0x0338, 0x0338, 0x0338, 0x0338, 0x0338, 0x0b58, 0x343b, 0x2c3b, 0x345b, 0x2c3b, 0x0358, 0x0338, 0x0338, 0x0338, 0x0338,
    0x0338, 0x0338, 0x0338, 0x0338, 0x0338, 0x0338, 0x0318, 0x0318, 0x0317, 0x02f7, 0x02f7, 0x02f7, 0x02f7, 0x02f7, 0x02f7, 0x02f7,
    0x02f7, 0x02f7, 0x02d6, 0x02d6, 0x02d6, 0x02d6, 0x02d6, 0x02b5, 0x02d6, 0x02d6, 0x02d6, 0x02b5, 0x02d5, 0x02d5, 0x02b5, 0x02d5,
    0x02b4, 0x0ab4, 0x02b4, 0x0ab4, 0x0a94, 0x0ab4, 0x1294, 0x12d4, 0x1293, 0x0ad4, 0x02f4, 0x0313, 0x02b3, 0x0a93, 0x1273, 0x1274,
    0x1293, 0x02d3, 0x0272, 0x02d1, 0x0332, 0x0210, 0x01f1, 0x02b4, 0x02d6, 0x02b6, 0x02b6, 0x02b6, 0x02b6, 0x0275, 0x02b5, 0x0313,
    0x0351, 0x02b4, 0x0313, 0x02f4, 0x0314, 0x03f0, 0x040f, 0x03ef, 0x040f, 0x03ef, 0x03b0, 0x0333, 0x0275, 0x0255, 0x01d0, 0x01f0,
    0x0251, 0x01cf, 0x01ef, 0x01cf, 0x01cf, 0x0230, 0x02b2, 0x0313, 0x0313, 0x0333, 0x02d1, 0x0290, 0x0270, 0x0271, 0x0270, 0x0290,
    0x0251, 0x0254, 0x02d2, 0x1292, 0x1a72, 0x1293, 0x12b3, 0x0ab4, 0x0a94, 0x0a94, 0x0294, 0x0294, 0x0294, 0x0ab5, 0x0ab5, 0x02d5,
    0x02d6, 0x02d6, 0x02d6, 0x02d6, 0x02f6, 0x02d6, 0x02f7, 0x02f7, 0x02f7, 0x02f7, 0x0317, 0x0318, 0x0318, 0x0318, 0x0318, 0x0318,
    0x0318, 0x0318, 0x0318, 0x0338, 0x0338, 0x0338, 0x0338, 0x0338, 0x0338, 0x0338, 0x0338, 0x0338, 0x0338, 0x0338, 0x0338, 0x0338,
    0x0338, 0x0338, 0x0338, 0x0338, 0x0338, 0x0338, 0x0338, 0x0338, 0x0338, 0x0338, 0x0338, 0x0338, 0x0318, 0x0318, 0x0338, 0x0318,
    0x0318, 0x0338, 0x0338, 0x0318, 0x0317, 0x0317, 0x0318, 0x0317, 0x0318, 0x0318, 0x0318, 0x0318, 0x0318, 0x0318, 0x0338, 0x0338,
    0x0338, 0x0338, 0x0338, 0x0338, 0x0338, 0x0338, 0x0338, 0x0338, 0x0338, 0x0338, 0x0338, 0x0338, 0x0338, 0x0338, 0x0338, 0x0338,
    0x0338, 0x0318, 0x0338, 0x0338, 0x0338, 0x0338, 0x0338, 0x0338, 0x0338, 0x0338, 0x0318, 0x2c3a, 0x2c3b, 0x0b38, 0x0b38, 0x23fa,
    0x2c1a, 0x2c1a, 0x2c3a, 0x2c1a, 0x2c3a, 0x2c3a, 0x2c3a, 0x2c3a, 0x343a, 0x2c3a, 0x2c3a, 0x2c3a, 0x343b, 0x2c3a, 0x2c3a, 0x2c3a,
    0x0358, 0x0338, 0x0338, 0x0338, 0x0b38, 0x0b38, 0x1378, 0x2c3b, 0x343b, 0x2c3a, 0x2c3a, 0x0b59, 0x0b58, 0x0338, 0x0338, 0x0338,
    0x0338, 0x0338, 0x0338, 0x0338, 0x0338, 0x0338, 0x0318, 0x0318, 0x0318, 0x0318, 0x0317, 0x02f7, 0x02f7, 0x02f7, 0x02f7, 0x02f7,
    0x02f7, 0x02f7, 0x02f7, 0x02d6, 0x02d6, 0x02d6, 0x02d6, 0x02d6, 0x02d6, 0x02d6, 0x02d6, 0x02b5, 0x02d5, 0x02b5, 0x02b5, 0x02b5,
    0x0ab4, 0x0a94, 0x0ab4, 0x0ab4, 0x0a94, 0x0ab4, 0x12d4, 0x1293, 0x12b4, 0x0a72, 0x02f4, 0x02f2, 0x0a92, 0x1273, 0x1a73, 0x1a73,
    0x1a93, 0x12f3, 0x0252, 0x0272, 0x0291, 0x02d1, 0x0313, 0x0211, 0x0295, 0x02b6, 0x0296, 0x02b6, 0x0296, 0x02b6, 0x0314, 0x0372,
    0x03d0, 0x0332, 0x02b4, 0x02b5, 0x02b6, 0x02d5, 0x0334, 0x02f5, 0x0392, 0x0372, 0x0371, 0x02b5, 0x0275, 0x01f2, 0x01d0, 0x0231,
    0x0230, 0x01f0, 0x01cf, 0x0210, 0x02b2, 0x0333, 0x0333, 0x0313, 0x0333, 0x0333, 0x02b0, 0x0271, 0x0252, 0x0252, 0x0252, 0x0290,
    0x0290, 0x0273, 0x0b12, 0x1a92, 0x1a72, 0x0a93, 0x0a93, 0x0a94, 0x0ab4, 0x0294, 0x0294, 0x0ab4, 0x0ab5, 0x0ab5, 0x02b5, 0x02d5,
    0x02d6, 0x02d6, 0x02d6, 0x02d6, 0x02f6, 0x02f7, 0x02f7, 0x02f7, 0x0317, 0x0317, 0x0318, 0x0318, 0x0318, 0x0318, 0x0318, 0x0318,
    0x0318, 0x0318, 0x0318, 0x0318, 0x0338, 0x0338, 0x0338, 0x0338, 0x0338, 0x0338, 0x0338, 0x0b38, 0x0b58, 0x0b58, 0x0b58, 0x0338,
    0x0338, 0x0338, 0x0338, 0x0338, 0x0338, 0x0338, 0x0358, 0x0338, 0x0338, 0x0338, 0x0338, 0x0338, 0x0338, 0x0338, 0x0338, 0x0318,
    0x0338, 0x0338, 0x0318, 0x0318, 0x0318, 0x0318, 0x0318, 0x0318, 0x0317, 0x0318, 0x0318, 0x0318, 0x0318, 0x0338, 0x0318, 0x0338,
    0x0338, 0x0338, 0x0338, 0x0338, 0x0338, 0x0338, 0x0338, 0x0338, 0x0338, 0x0338, 0x0338, 0x0338, 0x0338, 0x0338, 0x0338, 0x0338,
    0x0338, 0x0338, 0x0338, 0x0338, 0x0338, 0x0338, 0x0338, 0x0338, 0x0338, 0x0338, 0x2c1a, 0x2c3a, 0x2c3a, 0x2c3a, 0x2c3a, 0x2c1a,
    0x2c3a, 0x2c3b, 0x2c3b, 0x2c3b, 0x2c3a, 0x2c3a, 0x2c3b, 0x2c3a, 0x2c3a, 0x2c3a, 0x2c3b, 0x2c3b, 0x2c5b, 0x345b, 0x343b, 0x343a,
    0x345b, 0x345a, 0x0338, 0x0b38, 0x2c3b, 0x2c3b, 0x2c3b, 0x2c3b, 0x2c3b, 0x2c3a, 0x2c3b, 0x2c3a, 0x23fa, 0x0338, 0x0338, 0x0338,
    0x0338, 0x0338, 0x0338, 0x0338, 0x0338, 0x0338, 0x0318, 0x0338, 0x0318, 0x0318, 0x0317, 0x0318, 0x02f7, 0x02f7, 0x02f7, 0x02f7,
    0x02f7, 0x02f7, 0x02f7, 0x02d6, 0x02d6, 0x02d6, 0x02d6, 0x02d6, 0x02f6, 0x02d5, 0x02d5, 0x02b5, 0x02d5, 0x02b5, 0x0ad5, 0x0ad5,
    0x02b5, 0x0ab5, 0x0ad4, 0x0ab4, 0x0ab4, 0x0a94, 0x0ab3, 0x1293, 0x12d4, 0x1272, 0x02d3, 0x02d2, 0x1a92, 0x1a93, 0x1a93, 0x1ab3,
    0x1a93, 0x2313, 0x2314, 0x0a93, 0x0271, 0x0270, 0x02b0, 0x0252, 0x0295, 0x02b5, 0x02b5, 0x02b6, 0x02b6, 0x02b6, 0x02b5, 0x02b4,
    0x0391, 0x0352, 0x02d5, 0x02b6, 0x02b5, 0x0296, 0x02b6, 0x02b5, 0x02d5, 0x02b5, 0x0295, 0x0295, 0x0275, 0x0252, 0x0211, 0x0230,
    0x0210, 0x01f0, 0x0250, 0x02d2, 0x0313, 0x0333, 0x0353, 0x02f1, 0x02f1, 0x0290, 0x0271, 0x0272, 0x12b2, 0x12b3, 0x0a73, 0x0252,
    0x0271, 0x12b3, 0x1ab3, 0x1272, 0x1ad4, 0x12b4, 0x0ab4, 0x0a94, 0x0ab4, 0x0ab4, 0x0ab4, 0x0ab4, 0x0ab5, 0x0ab5, 0x0ab5, 0x0ad5,
    0x02d6, 0x02d6, 0x02d6, 0x02d6, 0x02f6, 0x02f7, 0x02f7, 0x0317, 0x0317, 0x0318, 0x0318, 0x0338, 0x0338, 0x0338, 0x0338, 0x0338,
    0x0338, 0x0338, 0x0338, 0x0338, 0x0338, 0x0338, 0x0338, 0x0338, 0x0338, 0x0338, 0x0338, 0x2c3b, 0x2c5b, 0x2c5b, 0x2c3b, 0x2c3b,
    0x2c3b, 0x0338, 0x0338, 0x0338, 0x0338, 0x0338, 0x0338, 0x0338, 0x0338, 0x0338, 0x0338, 0x0338, 0x0338, 0x0338, 0x0318, 0x0318,
    0x0338, 0x0338, 0x0338, 0x0318, 0x0318, 0x0318, 0x0318, 0x0318, 0x0318, 0x0318, 0x0318, 0x0318, 0x0318, 0x0318, 0x0318, 0x0318,
    0x0318, 0x0338, 0x0338, 0x0338, 0x0338, 0x0338, 0x0338, 0x0338, 0x0338, 0x0338, 0x0338, 0x0338, 0x0338, 0x0338, 0x0338, 0x0338,
    0x0338, 0x0338, 0x0338, 0x0338, 0x0338, 0x0338, 0x0338, 0x23d9, 0x2bfa, 0x2c1a, 0x2c1a, 0x2c3a, 0x2c3b, 0x2c3a, 0x2c3a, 0x2c1a,
    0x2c1a, 0x2c1a, 0x2c3a, 0x2c3a, 0x2c3b, 0x2c3b, 0x2c3b, 0x2c3b, 0x2c3a, 0x2c3b, 0x2c3b, 0x2c3a, 0x2c3b, 0x345b, 0x345b, 0x345b,
    0x343a, 0x345b, 0x345b, 0x345a, 0x2c3b, 0x2c3b, 0x2c3a, 0x2c3b, 0x343b, 0x2c3a, 0x2c3b, 0x2c3a, 0x2c3a, 0x2c3b, 0x343a, 0x23fa,
    0x0338, 0x0338, 0x0338, 0x0338, 0x0338, 0x0338, 0x0318, 0x0318, 0x0318, 0x0318, 0x0318, 0x0317, 0x02f7, 0x02f7, 0x02f7, 0x02f7,
    0x02f7, 0x02f7, 0x02f7, 0x02f7, 0x02f6, 0x02f6, 0x02d6, 0x02d6, 0x02d5, 0x02d5, 0x02d5, 0x02b5, 0x02b5, 0x02b5, 0x0ad5, 0x0ad5,
    0x0ad5, 0x0ab5, 0x0ad5, 0x0ab4, 0x0ab4, 0x0ab4, 0x12d4, 0x1293, 0x12d4, 0x1a92, 0x02f4, 0x1292, 0x1a72, 0x1ad4, 0x1294, 0x1af3,
    0x1273, 0x22f2, 0x2313, 0x22f3, 0x1af3, 0x0a91, 0x0251, 0x0332, 0x0253, 0x02b5, 0x02b5, 0x02b5, 0x02b6, 0x0295, 0x0212, 0x0294,
    0x02d5, 0x02b4, 0x02f2, 0x02b5, 0x0295, 0x0295, 0x0296, 0x0296, 0x0295, 0x0295, 0x0295, 0x0294, 0x01d1, 0x01d0, 0x01f1, 0x01f0,
    0x01f0, 0x0271, 0x0291, 0x0313, 0x0333, 0x0333, 0x02d1, 0x02b0, 0x0290, 0x0271, 0x0232, 0x1293, 0x22d4, 0x22f4, 0x22f3, 0x1ad3,
    0x22d3, 0x22d3, 0x1a93, 0x1ad4, 0x0a93, 0x0a93, 0x0ab4, 0x0ab4, 0x0ab4, 0x0ab4, 0x0ab4, 0x0ab5, 0x0ab5, 0x0ab5, 0x0ad5, 0x0ad5,
    0x02d6, 0x0af6, 0x0ad6, 0x02f6, 0x0af6, 0x0af7, 0x02f7, 0x0317, 0x0317, 0x0317, 0x0318, 0x0338, 0x0338, 0x0338, 0x0338, 0x0338,
    0x0338, 0x0338, 0x0338, 0x0338, 0x0338, 0x0338, 0x0338, 0x0338, 0x0338, 0x343a, 0x343b, 0x2c3b, 0x2c3b, 0x2c3b, 0x2c3b, 0x2c3b,
    0x2c3a, 0x2c3b, 0x241a, 0x0338, 0x0338, 0x0318, 0x0338, 0x0338, 0x0338, 0x0338, 0x0338, 0x0338, 0x0338, 0x0338, 0x0338, 0x0318,
    0x0338, 0x0338, 0x0318, 0x0318, 0x0318, 0x0318, 0x0318, 0x0318, 0x0318, 0x0318, 0x0318, 0x0318, 0x0318, 0x0318, 0x0318, 0x0318,
    0x0318, 0x0318, 0x0318, 0x0318, 0x0338, 0x0338, 0x0338, 0x0338, 0x0338, 0x0338, 0x0338, 0x0338, 0x0338, 0x0338, 0x0338, 0x0338,
    0x0338, 0x0338, 0x0338, 0x0339, 0x0338, 0x0338, 0x0358, 0x1b99, 0x23fa, 0x23fa, 0x2c1a, 0x2c1a, 0x2c1a, 0x23d9, 0x1399, 0x241a,
    0x2c1a, 0x2c1a, 0x2c3a, 0x2c3a, 0x2c3b, 0x2c3b, 0x2c3b, 0x2c3b, 0x2c3a, 0x2c3b, 0x2c3b, 0x2c3b, 0x2c3b, 0x2c3b, 0x345b, 0x345b,
    0x345b, 0x345b, 0x2c5b, 0x2c3b, 0x2c3b, 0x2c3b, 0x2c3b, 0x2c3b, 0x2c3b, 0x2c5b, 0x2c3b, 0x2c3b, 0x2c3a, 0x2c3a, 0x2c3a, 0x2c1a,
    0x2c3b, 0x0338, 0x0338, 0x0338, 0x0338, 0x0338, 0x0318, 0x0318, 0x0318, 0x0318, 0x0318, 0x0317, 0x02f7, 0x02f7, 0x0317, 0x02f7,
    0x02f7, 0x02f7, 0x02f7, 0x02f7, 0x02f6, 0x02f6, 0x02f6, 0x02d6, 0x02d5, 0x02d6, 0x02f5, 0x02d5, 0x0ab5, 0x0ad5, 0x02b5, 0x0295,
    0x0ad5, 0x0ab4, 0x0ab4, 0x0ad4, 0x0ab4, 0x0ab4, 0x12d4, 0x1293, 0x12b3, 0x1ad3, 0x1a93, 0x1273, 0x1293, 0x12d2, 0x1293, 0x1ab3,
    0x1ab3, 0x1ab3, 0x1ab3, 0x1ab2, 0x22f0, 0x1a90, 0x1a51, 0x0290, 0x0211, 0x01b0, 0x0211, 0x0211, 0x0211, 0x0210, 0x01f1, 0x01d1,
    0x0212, 0x0233, 0x01f2, 0x01d1, 0x01f0, 0x0231, 0x01f1, 0x0273, 0x0233, 0x0232, 0x01f1, 0x01b1, 0x1271, 0x0a92, 0x0ab2, 0x0252,
    0x0233, 0x0313, 0x0332, 0x02f0, 0x02b0, 0x02b0, 0x02b0, 0x0290, 0x0231, 0x1ab2, 0x22f2, 0x1ab2, 0x1ab2, 0x1ab2, 0x22d2, 0x1ab2,
    0x1ab3, 0x1272, 0x1ad4, 0x1293, 0x0a93, 0x0ab4, 0x0ab4, 0x12b4, 0x0ad4, 0x0ab5, 0x0ab5, 0x0ab5, 0x0ab5, 0x0ad5, 0x0ad5, 0x0ad6,
    0x0af6, 0x02d6, 0x0af6, 0x02d6, 0x02f6, 0x0af6, 0x0af7, 0x0317, 0x0317, 0x0317, 0x0338, 0x0338, 0x0338, 0x0338, 0x0338, 0x0338,
    0x0338, 0x0338, 0x0338, 0x0338, 0x0338, 0x0338, 0x0338, 0x0338, 0x0338, 0x2c3a, 0x2c3a, 0x2c3b, 0x2c3a, 0x2c3a, 0x2c3a, 0x2c3b,
    0x2c3b, 0x2c3a, 0x23fa, 0x0338, 0x0338, 0x0318, 0x2c3a, 0x2c3b, 0x2c3b, 0x1bda, 0x0338, 0x0338, 0x0338, 0x0338, 0x0318, 0x0318,
    0x0318, 0x0318, 0x0318, 0x0318, 0x0318, 0x0318, 0x0318, 0x0318, 0x0318, 0x0318, 0x0317, 0x0318, 0x0318, 0x0318, 0x0318, 0x0318,
    0x0318, 0x0318, 0x0318, 0x0318, 0x0318, 0x0318, 0x0318, 0x0318, 0x0338, 0x0338, 0x0338, 0x0338, 0x0338, 0x0338, 0x0338, 0x0338,
    0x0338, 0x0338, 0x0338, 0x0338, 0x0359, 0x0339, 0x0338, 0x0358, 0x0359, 0x0359, 0x0358, 0x0359, 0x0358, 0x0358, 0x0359, 0x0359,
    0x0359, 0x0358, 0x0358, 0x0359, 0x0359, 0x0359, 0x0359, 0x0338, 0x0358, 0x0359, 0x0359, 0x0359, 0x0359, 0x0b59, 0x0b79, 0x0b79,
    0x0b79, 0x0359, 0x0359, 0x0338, 0x0358, 0x0339, 0x0359, 0x0359, 0x0359, 0x0359, 0x0359, 0x0359, 0x0359, 0x0358, 0x0358, 0x0358,
    0x0338, 0x0338, 0x0338, 0x0338, 0x0338, 0x0338, 0x0318, 0x0318, 0x0318, 0x0318, 0x0317, 0x0318, 0x0317, 0x0317, 0x02f7, 0x02f7,
    0x02f7, 0x0317, 0x02f7, 0x02f7, 0x02f7, 0x02f6, 0x0af6, 0x02d6, 0x0af6, 0x02d6, 0x0ad5, 0x0af5, 0x0ad5, 0x0af5, 0x0ad5, 0x0ad5,
    0x0ad5, 0x02d5, 0x0ab4, 0x0ab4, 0x0ab4, 0x0ab4, 0x0ab4, 0x12f4, 0x12b3, 0x12b3, 0x12b3, 0x12b3, 0x1292, 0x12d3, 0x12d3, 0x12d3,
    0x12b2, 0x1ad2, 0x1273, 0x1a93, 0x1a91, 0x22d1, 0x22d1, 0x2271, 0x0312, 0x01ef, 0x01d0, 0x0210, 0x02d2, 0x0331, 0x0b52, 0x0353,
    0x0333, 0x0353, 0x0332, 0x02f3, 0x0352, 0x0332, 0x02d2, 0x01f0, 0x2b33, 0x3353, 0x3333, 0x3353, 0x2af2, 0x2af2, 0x2b32, 0x1b11,
    0x1331, 0x1af0, 0x2a90, 0x2a70, 0x1271, 0x1271, 0x1a51, 0x1270, 0x1ad1, 0x1a72, 0x1272, 0x1a73, 0x1a92, 0x1a92, 0x1a92, 0x1292,
    0x1293, 0x1293, 0x12b3, 0x0ab3, 0x0ad4, 0x0ab4, 0x12d4, 0x12b4, 0x0ad5, 0x0ad5, 0x0ad5, 0x0ad5, 0x0ad5, 0x0ad5, 0x0ad5, 0x02d5,
    0x0ad6, 0x0af6, 0x0af6, 0x0af6, 0x0af6, 0x0af6, 0x0b17, 0x0b17, 0x0317, 0x0337, 0x0338, 0x0338, 0x0338, 0x0338, 0x0338, 0x0338,
    0x0338, 0x2c3b, 0x2c3b, 0x2c3a, 0x23fa, 0x0338, 0x0338, 0x1bd9, 0x343b, 0x2c3b, 0x2c3b, 0x2c3b, 0x2c3a, 0x2c3a, 0x2c3b, 0x2c3b,
    0x2c3b, 0x2c3a, 0x2c3a, 0x2c1b, 0x1bba, 0x2c1b, 0x2c1a, 0x2c3b, 0x2c3b, 0x2c3b, 0x2c3b, 0x0338, 0x0338, 0x0338, 0x0318, 0x0318,
    0x0338, 0x0318, 0x0318, 0x0318, 0x0318, 0x0338, 0x0338, 0x0338, 0x0318, 0x0318, 0x0318, 0x0318, 0x0318, 0x0318, 0x0318, 0x0318,
    0x0318, 0x0318, 0x0318, 0x0318, 0x0318, 0x0317, 0x0318, 0x0318, 0x0338, 0x0338, 0x0338, 0x0338, 0x0338, 0x0338, 0x0338, 0x0338,
    0x0338, 0x0338, 0x0338, 0x0338, 0x0338, 0x0338, 0x0338, 0x0338, 0x0359, 0x0359, 0x0358, 0x0358, 0x0358, 0x0358, 0x0359, 0x0359,
    0x0359, 0x0358, 0x0338, 0x0359, 0x0359, 0x0339, 0x0338, 0x0338, 0x0338, 0x0338, 0x0338, 0x0359, 0x0359, 0x0359, 0x0359, 0x0b59,
    0x0359, 0x0359, 0x0359, 0x0338, 0x0359, 0x0338, 0x0358, 0x0359, 0x0359, 0x0359, 0x0359, 0x0359, 0x0338, 0x0338, 0x0338, 0x0338,
    0x0338, 0x0338, 0x0338, 0x0338, 0x0338, 0x0338, 0x0318, 0x0318, 0x0318, 0x0318, 0x0318, 0x0318, 0x0318, 0x02f7, 0x02f7, 0x02f7,
    0x02f7, 0x0317, 0x0317, 0x0317, 0x02f7, 0x0af7, 0x02f6, 0x0af6, 0x0af6, 0x0af6, 0x0ad5, 0x0ad5, 0x12f5, 0x12f5, 0x0af5, 0x0ad5,
    0x12d5, 0x0ab4, 0x12d4, 0x12d4, 0x0ad4, 0x0ad4, 0x0ab4, 0x12d4, 0x12d4, 0x12b3, 0x1293, 0x1293, 0x0a93, 0x12d3, 0x12b3, 0x0ab3,
    0x0ad4, 0x12b2, 0x12b2, 0x1ab2, 0x1a92, 0x1ab2, 0x1ad1, 0x2291, 0x1ab1, 0x0b32, 0x0352, 0x0312, 0x1af1, 0x2ab0, 0x2270, 0x1ab1,
    0x2271, 0x2291, 0x2291, 0x2271, 0x2a50, 0x2271, 0x1af2, 0x2332, 0x3333, 0x3b33, 0x2a91, 0x2a91, 0x2a71, 0x2271, 0x2a91, 0x2291,
    0x2291, 0x2271, 0x1a71, 0x1a71, 0x1a71, 0x1a91, 0x1ab1, 0x1af1, 0x1292, 0x1273, 0x1292, 0x1293, 0x1293, 0x1293, 0x1293, 0x12b3,
    0x12b4, 0x12d3, 0x0ab3, 0x0af4, 0x0ad4, 0x12b4, 0x12b4, 0x0ad5, 0x0ad5, 0x0ad5, 0x0ad5, 0x0ad5, 0x0ad5, 0x0ad5, 0x0ad5, 0x0ad5,
    0x0ad5, 0x0ad5, 0x0af6, 0x0af6, 0x0af6, 0x0af6, 0x0af7, 0x0317, 0x0317, 0x0317, 0x0338, 0x0338, 0x0338, 0x0338, 0x0338, 0x1bb9,
    0x1bba, 0x2c3b, 0x2c3b, 0x2c3a, 0x2c1a, 0x1bd9, 0x1bd9, 0x23fa, 0x2c3b, 0x2c3b, 0x2c3b, 0x2c3a, 0x2c3a, 0x2c3a, 0x2c3b, 0x2c3b,
    0x2c3b, 0x2c3a, 0x2c1a, 0x2c1a, 0x23fa, 0x2c1b, 0x2c3b, 0x2c3b, 0x2c3b, 0x2c3b, 0x2c3b, 0x13b9, 0x1b99, 0x0338, 0x0338, 0x0318,
    0x0318, 0x0338, 0x0338, 0x0338, 0x0338, 0x0338, 0x0338, 0x0338, 0x0318, 0x0318, 0x0317, 0x0317, 0x0317, 0x0318, 0x0318, 0x0318,
    0x0318, 0x0318, 0x0318, 0x0318, 0x0318, 0x0318, 0x0318, 0x0318, 0x0318, 0x0318, 0x0318, 0x0338, 0x0338, 0x0338, 0x0338, 0x0338,
    0x0338, 0x0338, 0x0338, 0x0338, 0x0338, 0x0338, 0x0338, 0x0338, 0x0338, 0x0339, 0x0359, 0x0b58, 0x0358, 0x0338, 0x0338, 0x0338,
    0x0338, 0x0338, 0x0338, 0x0338, 0x0338, 0x0338, 0x0338, 0x0338, 0x0338, 0x0338, 0x0338, 0x0338, 0x0338, 0x0338, 0x0338, 0x0338,
    0x0338, 0x0338, 0x0338, 0x0338, 0x0339, 0x0359, 0x0338, 0x0338, 0x0338, 0x0338, 0x0338, 0x0338, 0x0338, 0x0338, 0x0338, 0x0338,
    0x0338, 0x0338, 0x0338, 0x0338, 0x0338, 0x0338, 0x0318, 0x0318, 0x0318, 0x0318, 0x0318, 0x0318, 0x0318, 0x0317, 0x02f7, 0x02f7,
    0x02f7, 0x02f7, 0x02f7, 0x02f7, 0x02f7, 0x0b17, 0x0af6, 0x0af6, 0x0af6, 0x0af6, 0x0ad5, 0x0af5, 0x0af5, 0x0af5, 0x0ad5, 0x0ad5,
    0x0ad5, 0x0ab4, 0x12d5, 0x0af5, 0x0ad4, 0x12d4, 0x12d4, 0x12d4, 0x0ab3, 0x0ab3, 0x0a93, 0x0a93, 0x0a93, 0x0ab3, 0x12d3, 0x12d4,
    0x12b3, 0x0a93, 0x12b3, 0x0a92, 0x12b3, 0x1ad2, 0x1291, 0x1ab2, 0x2291, 0x2291, 0x2291, 0x2292, 0x1ab2, 0x1ab2, 0x1ab2, 0x1a92,
    0x12b2, 0x12b1, 0x1ab2, 0x1ab2, 0x1ad2, 0x1ab2, 0x1a91, 0x22b1, 0x22b1, 0x22b1, 0x1ab1, 0x1ab1, 0x22b1, 0x22b1, 0x22b2, 0x22d2,
    0x12b2, 0x1291, 0x1291, 0x1291, 0x1291, 0x1292, 0x1292, 0x1292, 0x1292, 0x0ab2, 0x0ab2, 0x0ab2, 0x12b2, 0x12b3, 0x1273, 0x0ab3,
    0x0ab3, 0x0ad3, 0x0ad3, 0x12d4, 0x12d4, 0x12d4, 0x0ad4, 0x0ad4, 0x0ad4, 0x0ad4, 0x0ad5, 0x0ad4, 0x0ad5, 0x0ad5, 0x0ad5, 0x0ad5,
    0x0ad5, 0x0ad5, 0x0ad5, 0x0af6, 0x0af6, 0x0af6, 0x0af6, 0x0b17, 0x0317, 0x0317, 0x0338, 0x0338, 0x0b38, 0x0b38, 0x0338, 0x2c3b,
    0x2c3b, 0x2c3b, 0x2c3a, 0x2c1a, 0x2c3a, 0x2c3a, 0x2c3a, 0x2c3b, 0x2c3b, 0x2c3b, 0x2c3a, 0x2c3b, 0x2c3a, 0x2c3a, 0x2c3a, 0x2c1a,
    0x2c1a, 0x2c1a, 0x2c1a, 0x2c1a, 0x2c3b, 0x2c3a, 0x2c3b, 0x2c3b, 0x2c1a, 0x2c1a, 0x2c1a, 0x2c1b, 0x2c1a, 0x0358, 0x0338, 0x0338,
    0x0338, 0x0338, 0x0338, 0x0338, 0x0338, 0x0338, 0x0338, 0x0318, 0x0318, 0x0318, 0x0317, 0x0317, 0x0317, 0x0317, 0x0318, 0x0318,
    0x0318, 0x0317, 0x0318, 0x0318, 0x0317, 0x0318, 0x0318, 0x0317, 0x0318, 0x0318, 0x0338, 0x0338, 0x0338, 0x0338, 0x0338, 0x0338,
    0x0338, 0x0338, 0x0338, 0x0338, 0x0338, 0x0338, 0x0338, 0x0338, 0x0338, 0x0358, 0x0358, 0x0b58, 0x0358, 0x0338, 0x0338, 0x0b38,
    0x0338, 0x0338, 0x0338, 0x0338, 0x0338, 0x0338, 0x0338, 0x0338, 0x0338, 0x0338, 0x0338, 0x0338, 0x0338, 0x0338, 0x0338, 0x0338,
    0x0338, 0x0338, 0x0338, 0x0338, 0x0339, 0x0339, 0x0338, 0x0338, 0x0338, 0x0338, 0x0338, 0x0338, 0x0338, 0x0338, 0x0338, 0x0338,
    0x0338, 0x0338, 0x0338, 0x0318, 0x0318, 0x0338, 0x0318, 0x0318, 0x0318, 0x0318, 0x0318, 0x0318, 0x0317, 0x0317, 0x02f7, 0x02f7,
    0x02f7, 0x0317, 0x02f7, 0x02f7, 0x02f6, 0x0af6, 0x0af6, 0x0af6, 0x0af6, 0x0af6, 0x0af5, 0x0af5, 0x0af5, 0x0ad5, 0x0ad4, 0x0ad4,
    0x0ab4, 0x0ab4, 0x0ad4, 0x0ad4, 0x0ad4, 0x12d4, 0x12d4, 0x12d4, 0x12d4, 0x12d3, 0x12b3, 0x12b3, 0x12b3, 0x12d3, 0x12b3, 0x12b3,
    0x12b3, 0x12b3, 0x12b3, 0x12b3, 0x12b3, 0x1292, 0x1292, 0x12b2, 0x1ad2, 0x12b2, 0x12b2, 0x1ad2, 0x12b2, 0x12b2, 0x1ab2, 0x1ab2,
    0x1292, 0x12b2, 0x1291, 0x0a91, 0x0ab2, 0x0a92, 0x12b2, 0x1291, 0x1ab2, 0x22b2, 0x22b2, 0x22b1, 0x22b1, 0x22b1, 0x1ab1, 0x1ad2,
    0x1ad2, 0x12b2, 0x1291, 0x1292, 0x12b2, 0x12b3, 0x12b3, 0x12b3, 0x0ab3, 0x0a93, 0x0a93, 0x0a93, 0x0a92, 0x1293, 0x1293, 0x12d3,
    0x12b3, 0x12d3, 0x12d3, 0x12d4, 0x12d4, 0x0ad4, 0x0ad4, 0x0ad4, 0x0ad4, 0x0ad4, 0x0ad5, 0x0ad4, 0x0ad5, 0x0ad5, 0x0ad5, 0x0ad5,
    0x0ad5, 0x0ad5, 0x0ad5, 0x0af6, 0x0af6, 0x0af6, 0x0af6, 0x0b17, 0x0b17, 0x0b37, 0x0337, 0x0b78, 0x2c3b, 0x2c3b, 0x2c1b, 0x2c3b,
    0x2c3b, 0x2c3a, 0x2c3a, 0x2c3a, 0x2c3a, 0x2c3a, 0x2c3b, 0x2c3b, 0x2c3a, 0x2c3a, 0x2c3a, 0x2c3b, 0x2c3a, 0x2c3a, 0x2c3a, 0x2c1a,
    0x2c1a, 0x2c1a, 0x2c1a, 0x2c1a, 0x2c1a, 0x2c3a, 0x2c3a, 0x2c3b, 0x2c1a, 0x2c1a, 0x241a, 0x241a, 0x2c1b, 0x2c3b, 0x2c3b, 0x0338,
    0x0338, 0x0338, 0x0338, 0x0338, 0x0338, 0x0318, 0x0318, 0x0318, 0x0318, 0x0317, 0x0317, 0x0317, 0x0317, 0x0317, 0x0318, 0x0318,
    0x0318, 0x0318, 0x0318, 0x0318, 0x0318, 0x0318, 0x0318, 0x0318, 0x0318, 0x0318, 0x0338, 0x0338, 0x0338, 0x0338, 0x0338, 0x0338,
    0x0338, 0x0338, 0x0338, 0x0b38, 0x0338, 0x0338, 0x0338, 0x0338, 0x0338, 0x0338, 0x0358, 0x0358, 0x0338, 0x0338, 0x0338, 0x0338,
    0x0338, 0x0338, 0x0338, 0x0338, 0x0338, 0x0358, 0x0358, 0x0358, 0x0338, 0x0338, 0x0338, 0x0338, 0x0338, 0x0338, 0x0338, 0x0338,
    0x0338, 0x0338, 0x0338, 0x0358, 0x0338, 0x0338, 0x0338, 0x0338, 0x0338, 0x0338, 0x0338, 0x0338, 0x0338, 0x0338, 0x0338, 0x0338,
    0x0338, 0x0338, 0x0338, 0x0318, 0x0318, 0x0318, 0x0318, 0x0318, 0x0318, 0x0318, 0x0318, 0x02f7, 0x0317, 0x02f7, 0x0317, 0x0317,
    0x0317, 0x0317, 0x0317, 0x02f7, 0x0af6, 0x0af6, 0x0b16, 0x0af6, 0x0af6, 0x0af6, 0x0af5, 0x0af5, 0x12f5, 0x12f5, 0x0af5, 0x0af5,
    0x0af5, 0x0ad4, 0x0af5, 0x12d4, 0x12d4, 0x12f4, 0x12f4, 0x12d4, 0x12d4, 0x12d4, 0x0ab3, 0x12b3, 0x12b3, 0x12b3, 0x12b3, 0x12b3,
    0x12b3, 0x12b3, 0x12b3, 0x12d3, 0x1ad3, 0x1ab2, 0x1ab2, 0x1ad2, 0x1ad2, 0x22f2, 0x1af3, 0x12b2, 0x1ab2, 0x1ab2, 0x12d3, 0x12b2,
    0x12b2, 0x12b2, 0x12b2, 0x12b2, 0x12b2, 0x1ab2, 0x1a91, 0x1ab1, 0x22d2, 0x22f1, 0x22d1, 0x22d1, 0x2ad1, 0x22f2, 0x22d1, 0x1ab1,
    0x1ab1, 0x1ab1, 0x1ab2, 0x1ab2, 0x12b3, 0x12d3, 0x12b3, 0x12b3, 0x12b3, 0x12b3, 0x12b3, 0x12b2, 0x12b3, 0x12b3, 0x1ab3, 0x12d3,
    0x12d3, 0x12d3, 0x12d3, 0x12d4, 0x12d4, 0x12d4, 0x0ad4, 0x0ad4, 0x0ad4, 0x0ad4, 0x12d4, 0x0ad5, 0x0ad4, 0x0ad4, 0x0ad5, 0x0ad5,
    0x0ad5, 0x0ad5, 0x0ad5, 0x0af5, 0x0af6, 0x0b16, 0x0b16, 0x0b17, 0x0b17, 0x0b17, 0x0337, 0x0338, 0x0338, 0x0338, 0x0318, 0x0318,
    0x0318, 0x0338, 0x0338, 0x0338, 0x0338, 0x0338, 0x0358, 0x0358, 0x0358, 0x0338, 0x0338, 0x0338, 0x0338, 0x0338, 0x0338, 0x0338,
    0x0338, 0x0338, 0x0338, 0x0338, 0x0338, 0x0338, 0x0338, 0x0358, 0x0338, 0x0338, 0x0338, 0x0338, 0x0338, 0x0338, 0x0338, 0x0338,
    0x0338, 0x0338, 0x0338, 0x0338, 0x0338, 0x0338, 0x0318, 0x0338, 0x0318, 0x0338, 0x0318, 0x0318, 0x0318, 0x0338, 0x0338, 0x0338,
    0x0318, 0x0318, 0x0318, 0x0318, 0x0338, 0x0338, 0x0338, 0x0338, 0x0318, 0x0338, 0x0338, 0x0b38, 0x0338, 0x0338, 0x0338, 0x0338,
    0x0338, 0x0338, 0x0b58, 0x0b38, 0x0b38, 0x0338, 0x0338, 0x0338, 0x0338, 0x0338, 0x0338, 0x0338, 0x0338, 0x0338, 0x0338, 0x0338,
    0x0338, 0x0b58, 0x0338, 0x0338, 0x0358, 0x0338, 0x0358, 0x0338, 0x0358, 0x0338, 0x0338, 0x0338, 0x0338, 0x0338, 0x0338, 0x0338,
    0x0338, 0x0338, 0x0338, 0x0338, 0x0338, 0x0359, 0x0338, 0x0338, 0x0338, 0x0338, 0x0338, 0x0338, 0x0338, 0x0338, 0x0338, 0x0338,
    0x0338, 0x0338, 0x0318, 0x0318, 0x0317, 0x0317, 0x0317, 0x0317, 0x0318, 0x0317, 0x0317, 0x0317, 0x02f7, 0x0317, 0x0317, 0x0317,
    0x0317, 0x0317, 0x0af6, 0x0af6, 0x0af6, 0x0af6, 0x0af6, 0x0b16, 0x0af6, 0x0af6, 0x0af5, 0x0af5, 0x12f5, 0x12f5, 0x0af4, 0x12d5,
    0x0af4, 0x12d4, 0x12d4, 0x12d4, 0x12d4, 0x12f4, 0x12d4, 0x12d3, 0x12d3, 0x12f4, 0x12d4, 0x0ab4, 0x0ab3, 0x12d3, 0x0ab3, 0x12b3,
    0x0ab3, 0x0ab3, 0x12b3, 0x12d3, 0x12d3, 0x1ad3, 0x1ab2, 0x1ab2, 0x22f2, 0x22d2, 0x1ad2, 0x1ab2, 0x1ab2, 0x1ab2, 0x1ad2, 0x12b2,
    0x12b2, 0x12b2, 0x1ab2, 0x12b2, 0x1ad3, 0x1ab3, 0x1ab2, 0x1ad2, 0x22f2, 0x22f2, 0x2b12, 0x2b12, 0x2af2, 0x2b12, 0x22f2, 0x1ad2,
    0x1ad2, 0x1ab2, 0x1ab2, 0x12b2, 0x12b3, 0x12b3, 0x12b3, 0x12b3, 0x12b3, 0x12b3, 0x12b3, 0x12b3, 0x12b3, 0x12b3, 0x12b3, 0x1ad3,
    0x1ad3, 0x1ad4, 0x12d4, 0x12d4, 0x0ad4, 0x0ad4, 0x0ad4, 0x0ad4, 0x0ad4, 0x0ad4, 0x0ad4, 0x0ad5, 0x0ad4, 0x12d4, 0x12d5, 0x12d4,
    0x12f5, 0x12d5, 0x0ad5, 0x0af5, 0x0af6, 0x0af6, 0x0b16, 0x0b17, 0x0b17, 0x0b17, 0x0337, 0x0337, 0x0317, 0x0317, 0x0317, 0x0318,
    0x0318, 0x0318, 0x0338, 0x0338, 0x0338, 0x0338, 0x0338, 0x0338, 0x0338, 0x0338, 0x0338, 0x0338, 0x0338, 0x0338, 0x0318, 0x0338,
    0x0338, 0x0338, 0x0338, 0x0338, 0x0338, 0x0338, 0x0338, 0x0338, 0x0338, 0x0338, 0x0338, 0x0338, 0x0338, 0x0338, 0x0338, 0x0338,
    0x0338, 0x0338, 0x0338, 0x0338, 0x0338, 0x0338, 0x0318, 0x0338, 0x0318, 0x0337, 0x0317, 0x0338, 0x0338, 0x0318, 0x0318, 0x0318,
    0x0318, 0x0338, 0x0b37, 0x0317, 0x0b38, 0x0b38, 0x0b38, 0x0338, 0x0338, 0x0b38, 0x0b38, 0x0b38, 0x0b38, 0x0b38, 0x0338, 0x0338,
    0x0358, 0x0338, 0x0b58, 0x0b38, 0x0b38, 0x0338, 0x0338, 0x0b38, 0x0338, 0x0b38, 0x0b38, 0x0b38, 0x0b38, 0x0b58, 0x0b38, 0x0358,
    0x0338, 0x0b58, 0x0b38, 0x0338, 0x0358, 0x0358, 0x0338, 0x0338, 0x0338, 0x0358, 0x0338, 0x0338, 0x0338, 0x0338, 0x0338, 0x0338,
    0x0338, 0x0338, 0x0338, 0x0338, 0x0338, 0x0358, 0x0338, 0x0338, 0x0338, 0x0338, 0x0338, 0x0338, 0x0338, 0x0338, 0x0318, 0x0338,
    0x0318, 0x0318, 0x0317, 0x0317, 0x0317, 0x0317, 0x0317, 0x0317, 0x0317, 0x0317, 0x0317, 0x02f7, 0x02f7, 0x02f7, 0x0317, 0x0317,
    0x0317, 0x0af7, 0x0af6, 0x0af6, 0x0af6, 0x0af6, 0x0b16, 0x0b16, 0x0af5, 0x0af5, 0x0af5, 0x12f5, 0x12f5, 0x12f5, 0x12f4, 0x12d4,
    0x12f4, 0x0ad4, 0x12d4, 0x12d4, 0x12d4, 0x12f4, 0x12f4, 0x1af4, 0x12d4, 0x12f4, 0x12d4, 0x12d4, 0x12d4, 0x0ab3, 0x0ab3, 0x0ab3,
    0x0ab3, 0x0ab3, 0x0ab3, 0x0ad3, 0x12d3, 0x1af3, 0x1af3, 0x2313, 0x22f3, 0x1ad2, 0x1ad2, 0x12d2, 0x12b2, 0x12b3, 0x12b3, 0x12b3,
    0x1292, 0x1293, 0x0ab2, 0x12b3, 0x12b3, 0x1ad3, 0x22f3, 0x2312, 0x2b12, 0x2b12, 0x2b32, 0x3332, 0x3332, 0x2b12, 0x22f2, 0x22f2,
    0x1ad2, 0x1ab3, 0x12d3, 0x12d3, 0x12b3, 0x12b3, 0x0ab3, 0x0ab3, 0x0ab3, 0x0ab3, 0x0ab4, 0x0ab3, 0x12b3, 0x1ad3, 0x1af3, 0x1af3,
    0x1af4, 0x1af3, 0x1af4, 0x12f4, 0x12d4, 0x12d4, 0x0ad4, 0x0ad4, 0x0ad5, 0x0ad4, 0x0ad4, 0x12d5, 0x12f4, 0x12f5, 0x12f5, 0x12f5,
    0x12f4, 0x1315, 0x12f5, 0x12f5, 0x1316, 0x0b16, 0x0b16, 0x0b16, 0x0b17, 0x0b17, 0x0b17, 0x0b17, 0x0317, 0x0317, 0x0317, 0x0317,
    0x0318, 0x0318, 0x0317, 0x0338, 0x0318, 0x0318, 0x0318, 0x0318, 0x0318, 0x0338, 0x0318, 0x0318, 0x0318, 0x0318, 0x0318, 0x0318,
    0x0338, 0x0338, 0x0338, 0x0338, 0x0338, 0x0338, 0x0338, 0x0338, 0x0338, 0x0338, 0x0338, 0x0338, 0x0338, 0x0318, 0x0318, 0x0338,
    0x0338, 0x0338, 0x0338, 0x0338, 0x0338, 0x0338, 0x0338, 0x0338, 0x0318, 0x0318, 0x0338, 0x0338, 0x0338, 0x0338, 0x0338, 0x0b38,
    0x0338, 0x0338, 0x0b38, 0x0b38, 0x0b38, 0x0b38, 0x0b38, 0x0b38, 0x0b38, 0x0b38, 0x0b38, 0x0b38, 0x0b38, 0x0b38, 0x0338, 0x0338,
    0x0358, 0x0338, 0x0b38, 0x0358, 0x3419, 0x1378, 0x0b38, 0x0b38, 0x0338, 0x0b38, 0x0b38, 0x0b58, 0x0b58, 0x0b38, 0x0b58, 0x0b58,
    0x0b38, 0x0b58, 0x0b38, 0x0b38, 0x0338, 0x0338, 0x0358, 0x0338, 0x0358, 0x0358, 0x0338, 0x0338, 0x0338, 0x0338, 0x0338, 0x0338,
    0x0338, 0x0338, 0x0338, 0x0338, 0x0338, 0x0338, 0x0338, 0x0338, 0x0338, 0x0338, 0x0338, 0x0338, 0x0318, 0x0317, 0x0318, 0x0318,
    0x0338, 0x0317, 0x0317, 0x0317, 0x0317, 0x0317, 0x0317, 0x0317, 0x0317, 0x0317, 0x0317, 0x02f7, 0x02f7, 0x02f7, 0x0317, 0x0317,
    0x0317, 0x0b17, 0x0af6, 0x0af6, 0x0af6, 0x0af6, 0x1315, 0x1316, 0x12f5, 0x12f5, 0x12f5, 0x1315, 0x12f5, 0x12f5, 0x12f5, 0x12f5,
    0x12f4, 0x0ad4, 0x0ad4, 0x0ad4, 0x1291, 0x1291, 0x12d3, 0x1ad2, 0x1270, 0x124f, 0x122e, 0x122e, 0x11ed, 0x0a92, 0x0ab3, 0x0ab4,
    0x0ad4, 0x0ab3, 0x0ab3, 0x0a2f, 0x09aa, 0x11ca, 0x11c9, 0x11a9, 0x11a9, 0x0947, 0x0906, 0x00e5, 0x08e5, 0x0ab3, 0x0ab4, 0x0ab4,
    0x0ab4, 0x0ab4, 0x0ab3, 0x0a93, 0x00a2, 0x00a3, 0x08c3, 0x08c3, 0x08a3, 0x08a3, 0x08a3, 0x08a3, 0x08a3, 0x08a3, 0x08a3, 0x08c4,
    0x08c4, 0x08a4, 0x0948, 0x12d3, 0x12d3, 0x0ab3, 0x0ad4, 0x0ab4, 0x0ad4, 0x0ab3, 0x0106, 0x0906, 0x0106, 0x0948, 0x0989, 0x11ca,
    0x11ec, 0x09cb, 0x120c, 0x0a2e, 0x124f, 0x0ad4, 0x0ad4, 0x0ad5, 0x0ad5, 0x0ad5, 0x0ad4, 0x12f4, 0x12f4, 0x12f4, 0x1b15, 0x1b15,
    0x1b14, 0x1b15, 0x1b15, 0x1315, 0x1315, 0x1316, 0x1316, 0x1316, 0x0b16, 0x0b16, 0x0b37, 0x0b17, 0x0b17, 0x0b17, 0x0317, 0x0317,
    0x0317, 0x0317, 0x0317, 0x0317, 0x0317, 0x0317, 0x0317, 0x0318, 0x0317, 0x0317, 0x0318, 0x0318, 0x0317, 0x0318, 0x0318, 0x0318,
    0x0318, 0x0338, 0x0338, 0x0338, 0x0338, 0x0338, 0x0338, 0x0338, 0x0338, 0x0338, 0x0338, 0x0338, 0x0338, 0x0318, 0x0338, 0x0338,
    0x0338, 0x0338, 0x0338, 0x0338, 0x0338, 0x0338, 0x0338, 0x0338, 0x0338, 0x0338, 0x0338, 0x0338, 0x0338, 0x0b38, 0x0338, 0x0b18,
    0x0b38, 0x0b38, 0x0b38, 0x0b38, 0x0b38, 0x0b38, 0x0b38, 0x0b38, 0x0b38, 0x0b58, 0x1b98, 0x23b9, 0x0338, 0x0338, 0x0338, 0x0338,
    0x0338, 0x0338, 0x0338, 0x23f9, 0x3439, 0x3c39, 0x3c38, 0x3c39, 0x2bf9, 0x1bd8, 0x1378, 0x0b58, 0x0b58, 0x0b58, 0x0b58, 0x0b58,
    0x0b58, 0x0b58, 0x0b58, 0x0b58, 0x0b38, 0x0338, 0x0338, 0x0338, 0x0338, 0x0358, 0x0358, 0x0338, 0x0338, 0x0338, 0x0338, 0x0338,
    0x0338, 0x0338, 0x0338, 0x0338, 0x0338, 0x0338, 0x0338, 0x0338, 0x0338, 0x0338, 0x0b38, 0x0b37, 0x0b37, 0x0b37, 0x0317, 0x0317,
    0x0b37, 0x0317, 0x0b17, 0x0b17, 0x0317, 0x0317, 0x0317, 0x0317, 0x0317, 0x0317, 0x02f7, 0x02f7, 0x02f7, 0x02f7, 0x02f7, 0x0317,
    0x0317, 0x0b16, 0x0b16, 0x1316, 0x1316, 0x1315, 0x12f5, 0x1315, 0x12f5, 0x1315, 0x1315, 0x1315, 0x12f5, 0x1315, 0x12f4, 0x12f4,
    0x12d4, 0x0ad4, 0x0af5, 0x0af5, 0x09ec, 0x08a3, 0x08e4, 0x0904, 0x08e4, 0x08e4, 0x0924, 0x1125, 0x0905, 0x0a91, 0x0ab3, 0x0ab4,
    0x0ad4, 0x0ab4, 0x0a30, 0x098a, 0x08e4, 0x0904, 0x1125, 0x1124, 0x1104, 0x08c4, 0x08a3, 0x00a3, 0x08c4, 0x02b4, 0x0ad5, 0x0ad4,
    0x0ab4, 0x0ad4, 0x02b3, 0x0ab3, 0x0082, 0x00a3, 0x0082, 0x0083, 0x0082, 0x0082, 0x0082, 0x0082, 0x0082, 0x0062, 0x0082, 0x0082,
    0x0083, 0x00a3, 0x0927, 0x12d3, 0x0ab3, 0x0ad4, 0x0ab4, 0x0ab4, 0x0ab4, 0x1314, 0x08a3, 0x0083, 0x08c3, 0x10e4, 0x08e4, 0x08e4,
    0x08e4, 0x08e4, 0x08e4, 0x08e4, 0x08c3, 0x0ad4, 0x0ad5, 0x0ad5, 0x0ad5, 0x0ad5, 0x00e5, 0x08e5, 0x08c4, 0x08c4, 0x08c4, 0x08c4,
    0x08a3, 0x08c3, 0x00a3, 0x00a3, 0x08a3, 0x08c4, 0x1316, 0x1316, 0x1316, 0x0b16, 0x0b36, 0x0b37, 0x0b37, 0x0b17, 0x0b17, 0x0337,
    0x0317, 0x0317, 0x0317, 0x0317, 0x0317, 0x0317, 0x0b17, 0x0b17, 0x0b17, 0x0317, 0x0b17, 0x0317, 0x0317, 0x0317, 0x0317, 0x0317,
    0x0317, 0x0318, 0x0318, 0x0318, 0x0338, 0x0338, 0x0338, 0x0338, 0x0338, 0x0338, 0x0338, 0x0338, 0x0318, 0x0338, 0x0338, 0x0338,
    0x0338, 0x0338, 0x0338, 0x0338, 0x0338, 0x0338, 0x0338, 0x0338, 0x0338, 0x0338, 0x0338, 0x0338, 0x0338, 0x0338, 0x0338, 0x0b38,
    0x0b38, 0x0b38, 0x0b58, 0x0b58, 0x0b58, 0x0b37, 0x1bb8, 0x2bf9, 0x3c5a, 0x3c59, 0x3439, 0x341a, 0x0b78, 0x0338, 0x0318, 0x0338,
    0x0338, 0x0338, 0x0358, 0x3439, 0x3439, 0xf779, 0xff58, 0x3459, 0x3c59, 0x3c7a, 0x4479, 0x3c5a, 0x3439, 0x2c19, 0x23b9, 0x0b58,
    0x0b58, 0x0b58, 0x0b58, 0x0b58, 0x0b38, 0x0b38, 0x0338, 0x0338, 0x0338, 0x0338, 0x0338, 0x0338, 0x0338, 0x0338, 0x0338, 0x0338,
    0x0338, 0x0338, 0x0338, 0x0338, 0x0338, 0x0338, 0x0317, 0x0337, 0x0b37, 0x0b37, 0x0b37, 0x0b37, 0x0b37, 0x0b37, 0x0b37, 0x0b37,
    0x0b37, 0x0b17, 0x0b17, 0x0b17, 0x0b17, 0x0b17, 0x0b17, 0x0317, 0x02f6, 0x02f7, 0x02f6, 0x02f6, 0x02f7, 0x02f7, 0x02f7, 0x0317,
    0x0b17, 0x0b37, 0x1336, 0x1336, 0x1335, 0x1b14, 0x1270, 0x124f, 0x09cb, 0x09ab, 0x0948, 0x0127, 0x00c4, 0x00a3, 0x08c4, 0x08e4,
    0x08c4, 0x08a3, 0x0ab3, 0x098a, 0x08c4, 0xb594, 0xc656, 0xdeb8, 0xef59, 0xff99, 0xfffb, 0xffbb, 0x08e5, 0x08c4, 0x08a4, 0x0ab3,
    0x0ad4, 0x0ab4, 0x0148, 0x08c4, 0xfffd, 0xfffb, 0xfffc, 0xfffc, 0xfffb, 0xffba, 0xff99, 0xff79, 0x10c5, 0x00e5, 0x09ed, 0x02d4,
    0x0ad4, 0x0ad5, 0x02d4, 0x08a3, 0x08a3, 0x1945, 0xf737, 0xf738, 0xf738, 0xf738, 0xf738, 0xf738, 0xf738, 0xf738, 0xff38, 0xf738,
    0xf738, 0x9cd0, 0x08c4, 0x0061, 0x0ab3, 0x0ad5, 0x0ad4, 0x02b4, 0x0106, 0x08c4, 0x08a3, 0xf77a, 0xff99, 0xffda, 0xffdb, 0xfffb,
    0xfffb, 0xffda, 0xff79, 0xef38, 0x2165, 0x00a4, 0x0af6, 0x0ad5, 0x0ab4, 0x0ab4, 0x00e5, 0x0105, 0x00a3, 0x0062, 0x0062, 0x0062,
    0x0062, 0x0062, 0x0062, 0x0082, 0x00a3, 0x08e4, 0x1b16, 0x1b36, 0x1336, 0x1337, 0x1357, 0x1357, 0x0b37, 0x0b37, 0x0b37, 0x0b17,
    0x0b17, 0x0316, 0x0317, 0x0317, 0x0b17, 0x0b17, 0x0b17, 0x0b37, 0x0b17, 0x0b17, 0x0b17, 0x0b17, 0x0b17, 0x0b17, 0x0317, 0x0317,
    0x0317, 0x0317, 0x0317, 0x0317, 0x0317, 0x0318, 0x0317, 0x0318, 0x0318, 0x0318, 0x0338, 0x0338, 0x0318, 0x0338, 0x0338, 0x0338,
    0x0338, 0x0338, 0x0338, 0x0338, 0x0338, 0x0338, 0x0338, 0x0338, 0x0338, 0x0338, 0x0338, 0x0338, 0x0338, 0x0338, 0x0338, 0x0b58,
    0x0b58, 0x0b58, 0x23b8, 0x3419, 0x3419, 0x3439, 0x3c39, 0x3c5a, 0x3c59, 0xef38, 0xa5f9, 0x3439, 0x2c1a, 0x0338, 0x0338, 0x0338,
    0x0338, 0x0338, 0x0358, 0x3439, 0xa5f9, 0xff79, 0xff78, 0xdef9, 0x3c59, 0x7519, 0xffba, 0x4459, 0x3c59, 0x3459, 0x343a, 0x3c5a,
    0x3c5a, 0x3c5a, 0x2bf9, 0x2bd9, 0x0b58, 0x0b58, 0x0b38, 0x0b38, 0x0338, 0x0338, 0x0338, 0x0338, 0x0358, 0x0338, 0x0338, 0x0338,
    0x0338, 0x0338, 0x0338, 0x0338, 0x0338, 0x0338, 0x0317, 0x0317, 0x0b17, 0x0b37, 0x0b37, 0x0b37, 0x0b37, 0x0b57, 0x1337, 0x1357,
    0x1337, 0x0b36, 0x0b16, 0x0b16, 0x0b16, 0x0b16, 0x0b16, 0x0b16, 0x02f6, 0x02f7, 0x02f6, 0x02f6, 0x02f6, 0x02f6, 0x02f6, 0x00c3,
    0x08e4, 0x08e4, 0x08e4, 0x08e4, 0x08e4, 0x08e4, 0x08e4, 0x08e4, 0x0904, 0x08e4, 0x00c4, 0x0083, 0x0083, 0x00a3, 0x08e4, 0x2166,
    0x29c6, 0x1945, 0x09aa, 0x0947, 0x0905, 0xff79, 0xff78, 0xff78, 0xff79, 0xff79, 0xff79, 0xff79, 0x00a3, 0x0083, 0x00a3, 0x0ad4,
    0x0ad5, 0x02d5, 0x0969, 0x08c3, 0xffba, 0xff79, 0xff79, 0xff79, 0xff79, 0xff79, 0xff79, 0xff5a, 0x10e5, 0x00a3, 0x09ee, 0x0293,
    0x0ad4, 0x0ad5, 0x0af5, 0x08c3, 0x08c4, 0x2165, 0xff78, 0xff58, 0xff79, 0xff79, 0xff79, 0xff79, 0xff79, 0xff79, 0xff78, 0xff79,
    0xff79, 0x9cb0, 0x08c3, 0x0062, 0x0ad5, 0x02f5, 0x02b4, 0x0293, 0x0106, 0x08a3, 0x08e4, 0xff9a, 0xff78, 0xff78, 0xff58, 0xff58,
    0xff79, 0xff79, 0xff79, 0xff79, 0x2145, 0x08c4, 0x0af6, 0x0af5, 0x0ab4, 0x0083, 0x00a3, 0x08c4, 0xf759, 0xff79, 0xff58, 0xff59,
    0xff59, 0xf759, 0xf759, 0xf759, 0xef3a, 0x0083, 0x08e4, 0x08e4, 0x08e4, 0x08e4, 0x08e4, 0x08e4, 0x08e4, 0x08e4, 0x08e4, 0x08c4,
    0x00c4, 0x00e4, 0x00c4, 0x0317, 0x0b17, 0x0b16, 0x0b16, 0x0b36, 0x1336, 0x0b16, 0x0b37, 0x0b17, 0x0b17, 0x0b17, 0x0317, 0x0317,
    0x0317, 0x0317, 0x0317, 0x0317, 0x0317, 0x0317, 0x0317, 0x0b17, 0x0317, 0x0317, 0x0317, 0x0318, 0x0318, 0x0338, 0x0338, 0x0338,
    0x0338, 0x0338, 0x0338, 0x0358, 0x0338, 0x0338, 0x0338, 0x0358, 0x0338, 0x0358, 0x0358, 0x0358, 0x23b8, 0x23b9, 0x2bf9, 0x341a,
    0x3439, 0x3439, 0x3439, 0x3419, 0x3419, 0xd699, 0x3c59, 0x3c59, 0xff9a, 0xff78, 0xff79, 0x6cd8, 0x2c19, 0x0338, 0x0338, 0x0338,
    0x0338, 0x0338, 0x0338, 0x3439, 0xa5d9, 0xff79, 0xff79, 0xe71a, 0x3c5a, 0xff9a, 0xff78, 0xff79, 0x3c59, 0x3459, 0xa5f9, 0xeef8,
    0x3c39, 0x3c59, 0x3c5a, 0x3c39, 0x343a, 0x3419, 0x0b38, 0x0b38, 0x0338, 0x0338, 0x0b38, 0x0b38, 0x0338, 0x0338, 0x0338, 0x0338,
    0x0338, 0x0338, 0x0338, 0x0338, 0x0338, 0x0317, 0x0317, 0x0b17, 0x0b16, 0x0b16, 0x0b37, 0x1357, 0x1378, 0x1377, 0x1376, 0x1356,
    0x0a70, 0x0a0d, 0x0969, 0x0106, 0x00c4, 0x0083, 0x00a3, 0x00c4, 0x00c4, 0x02f6, 0x02f6, 0x02d6, 0x02f6, 0x02f6, 0x0107, 0x08c4,
    0x08c3, 0x2166, 0x3207, 0x6b6c, 0x9cd0, 0xc5f5, 0xe6f8, 0xf779, 0xfffb, 0xffda, 0xff9a, 0xff59, 0xff38, 0xf738, 0xff58, 0xff59,
    0xff7a, 0x73ad, 0x08c4, 0x08c4, 0x0904, 0xff79, 0xff78, 0xff78, 0xff79, 0xff79, 0xff79, 0xff79, 0xff38, 0x3a28, 0x08c3, 0x08c4,
    0x0926, 0x02f5, 0x0969, 0x08e4, 0xffbb, 0xff78, 0xff58, 0xff58, 0xff58, 0xff59, 0xff79, 0xff59, 0x10e4, 0x08c3, 0x0082, 0x0a0d,
    0x02d5, 0x0af5, 0x08e5, 0x08e4, 0x08c3, 0x2165, 0xff78, 0xff78, 0xff79, 0xff79, 0xff79, 0xff79, 0xff79, 0xff79, 0xff79, 0xff79,
    0xff79, 0x9c8f, 0x08c3, 0x08c4, 0x1127, 0x02f5, 0x02b4, 0x00e6, 0x00a3, 0x08a3, 0x08e4, 0xffbb, 0xff78, 0xff78, 0xff78, 0xff58,
    0xff59, 0xff79, 0xff79, 0xff79, 0x1925, 0x08c4, 0x0af6, 0x0af6, 0x0af5, 0x0083, 0x0083, 0x0082, 0xf758, 0xff78, 0xff78, 0xff58,
    0xff78, 0xff79, 0xff79, 0xff79, 0xff59, 0x7bed, 0x634b, 0x4a89, 0x29a6, 0x2165, 0x1904, 0x10e4, 0x08a3, 0x0083, 0x0062, 0x0062,
    0x0083, 0x00a3, 0x08e5, 0x0b36, 0x00e6, 0x0148, 0x09ab, 0x126f, 0x12b2, 0x1314, 0x1336, 0x1357, 0x0b37, 0x0b37, 0x0317, 0x0317,
    0x0b17, 0x0b17, 0x0317, 0x0317, 0x0317, 0x0317, 0x0b17, 0x0b17, 0x0b17, 0x0b17, 0x0317, 0x0317, 0x0b17, 0x0338, 0x0338, 0x0338,
    0x0338, 0x0338, 0x0338, 0x0338, 0x0338, 0x0338, 0x0338, 0x0358, 0x0358, 0x0b58, 0x2c1a, 0x3c5a, 0x3c5a, 0x345a, 0x3c5a, 0x3459,
    0xc678, 0xbe59, 0x3439, 0x2bd9, 0xff99, 0xff79, 0xbe59, 0x3c59, 0xff9a, 0xff79, 0xff58, 0x64d8, 0x2c19, 0x0338, 0x0318, 0x0338,
    0x0338, 0x0338, 0x0338, 0x3439, 0x3439, 0x54d9, 0x8559, 0x3c59, 0x345a, 0xff78, 0xff78, 0xf759, 0x3c79, 0x4c79, 0xf759, 0xff57,
    0xdef9, 0x3c5a, 0x4438, 0xff79, 0xb639, 0x3c5a, 0x3419, 0x0b38, 0x0b38, 0x0b38, 0x0338, 0x0338, 0x0b38, 0x0338, 0x0338, 0x0338,
    0x0338, 0x0338, 0x0338, 0x0338, 0x0317, 0x0317, 0x00c4, 0x00c5, 0x00c4, 0x00c4, 0x00c4, 0x08c4, 0x00c4, 0x00c4, 0x00c4, 0x00c3,
    0x08c4, 0x08e4, 0x00c4, 0x0083, 0x0063, 0x0083, 0x10e4, 0x00c4, 0x08e4, 0x08e5, 0x08e4, 0x02d6, 0x0ad6, 0x0ad5, 0x00a3, 0x00a3,
    0xef39, 0xff79, 0xff78, 0xff78, 0xff78, 0xff78, 0xff78, 0xff78, 0xff79, 0xff79, 0xff79, 0xff78, 0xff78, 0xff78, 0xff78, 0xff78,
    0xff79, 0x7bee, 0x08e4, 0x08e4, 0x0904, 0xff9a, 0xff78, 0xff78, 0xff79, 0xff79, 0xff79, 0xff79, 0xff79, 0x6b4b, 0x4a89, 0x08e5,
    0x08c4, 0x0316, 0x016a, 0x0905, 0xffdb, 0xff78, 0xff78, 0xff78, 0xff58, 0xff59, 0xff79, 0xf759, 0x10c3, 0x08c3, 0x08c4, 0x0a2f,
    0x0ad5, 0x0ad4, 0x08c4, 0x08e4, 0xd655, 0xd696, 0xff79, 0xff78, 0xff78, 0xff79, 0xff79, 0xff79, 0xff79, 0xff79, 0xff79, 0xff79,
    0xff79, 0xff59, 0xe6d7, 0x1105, 0x08e5, 0x02b4, 0x02b4, 0x0106, 0x08c3, 0x08a3, 0x08e4, 0xffbb, 0xff78, 0xff78, 0xff79, 0xff79,
    0xff79, 0xff79, 0xff79, 0xff79, 0x1925, 0x08c4, 0x0b16, 0x0af6, 0x0928, 0x08c4, 0x08a3, 0x0882, 0xf758, 0xff78, 0xff78, 0xff78,
    0xff58, 0xff78, 0xff78, 0xff79, 0xff79, 0xff78, 0xff78, 0xff79, 0xff79, 0xff79, 0xff79, 0xff79, 0xff79, 0xf779, 0xf779, 0xf75a,
    0xf77a, 0xdeb7, 0x08c4, 0x08e5, 0x08e4, 0x00c4, 0x08a3, 0x08c3, 0x08c4, 0x08c4, 0x08c4, 0x08c3, 0x08c4, 0x08c4, 0x0b17, 0x0b16,
    0x0b17, 0x0b16, 0x0af6, 0x0af5, 0x0b37, 0x0b17, 0x0b16, 0x0b16, 0x0b16, 0x0b17, 0x0b17, 0x0b17, 0x0b17, 0x0317, 0x0338, 0x0338,
    0x0338, 0x0338, 0x0338, 0x0338, 0x0338, 0x0338, 0x0358, 0x0338, 0x0358, 0x2c19, 0x3439, 0x8579, 0xff7a, 0x4458, 0x3459, 0xe6d9,
    0xff78, 0xff79, 0x3c59, 0x3419, 0xf77b, 0xff79, 0xb658, 0x3439, 0x2c19, 0xa5d9, 0x4479, 0x2bf9, 0x2bf9, 0x0338, 0x0338, 0x0338,
    0x0338, 0x0338, 0x0338, 0x343a, 0x3439, 0x3439, 0x3439, 0x3439, 0x3439, 0x3419, 0xb5f7, 0x2bf8, 0x3c59, 0x4c99, 0xff79, 0xff57,
    0xdeb8, 0x3439, 0xef39, 0xff79, 0xff79, 0x3459, 0x3c39, 0x0b38, 0x0b38, 0x0b38, 0x0338, 0x0338, 0x0338, 0x0338, 0x0338, 0x0338,
    0x0338, 0x0338, 0x0338, 0x0338, 0x0317, 0x0b16, 0x00a3, 0x0083, 0x0062, 0x0083, 0x10e4, 0x2165, 0x4a89, 0x842f, 0xb593, 0xde96,
    0xff99, 0xfffc, 0xffba, 0xf759, 0xf739, 0xff59, 0xff9a, 0x08e4, 0x0905, 0x1126, 0x08e4, 0x00c5, 0x0a51, 0x0af5, 0x00a4, 0x08c3,
    0xf718, 0xff78, 0xff78, 0xff78, 0xff78, 0xff78, 0xff78, 0xff79, 0xff79, 0xff79, 0xff79, 0xff79, 0xff78, 0xff58, 0xff78, 0xff58,
    0xff59, 0x7c0e, 0x08e4, 0x08e4, 0x0905, 0xff99, 0xff78, 0xff78, 0xff79, 0xff79, 0xff79, 0xff79, 0xff79, 0xff7a, 0xf75a, 0x1104,
    0x08c4, 0x0169, 0x0128, 0x08e5, 0xffdb, 0xff58, 0xff58, 0xff58, 0xff79, 0xff79, 0xff79, 0xff59, 0x10c3, 0x08c3, 0x08e5, 0x0a71,
    0x0af5, 0x0ab3, 0x08a3, 0x08c3, 0xf77a, 0xff79, 0xff78, 0xff78, 0xff78, 0xff79, 0xff79, 0xff79, 0xff79, 0xff79, 0xff78, 0xff79,
    0xff79, 0xff79, 0xe718, 0x08e4, 0x08a3, 0x02b4, 0x02b4, 0x0127, 0x08c4, 0x08c3, 0x08e4, 0xf79a, 0xff58, 0xff78, 0xff79, 0xff78,
    0xff79, 0xff78, 0xff79, 0xff79, 0x1105, 0x08c4, 0x02f6, 0x0af6, 0x08e5, 0x08e4, 0x08c4, 0x08a3, 0xf758, 0xff78, 0xff78, 0xff78,
    0xff78, 0xff79, 0xff79, 0xff79, 0xff79, 0xff79, 0xff79, 0xff79, 0xff79, 0xff79, 0xff79, 0xff79, 0xff79, 0xff79, 0xff79, 0xff79,
    0xff79, 0xe6d7, 0x08c4, 0x08e4, 0x08e4, 0xffba, 0xffda, 0xffda, 0xef17, 0xc615, 0xa532, 0x73ac, 0x31e7, 0x08c4, 0x09cc, 0x09cb,
    0x0b16, 0x0b16, 0x0ab3, 0x08e5, 0x0905, 0x08e5, 0x08c4, 0x00c4, 0x0927, 0x098b, 0x0a71, 0x0ad5, 0x0b38, 0x0318, 0x0318, 0x0338,
    0x0338, 0x0338, 0x0338, 0x0338, 0x0338, 0x0338, 0x0358, 0x0b58, 0x0b58, 0x343a, 0x2c3a, 0xff79, 0xff78, 0xf758, 0x3438, 0xdeba,
    0xff78, 0xff7a, 0x4459, 0x4459, 0x7d38, 0xe6f8, 0x3439, 0x3419, 0x2c19, 0x3419, 0x2bf9, 0x2bf9, 0x2bf9, 0x0338, 0x0338, 0x0338,
    0x0338, 0x0338, 0x0338, 0x3439, 0x3439, 0x9dd9, 0xadf9, 0x3439, 0x3419, 0x3418, 0x3439, 0x3c59, 0x3c59, 0x4479, 0x54b9, 0x8d78,
    0x2bf9, 0x3419, 0xf758, 0xff7a, 0xff79, 0x343a, 0x343a, 0x0b38, 0x0b38, 0x0338, 0x0338, 0x0338, 0x0338, 0x0338, 0x0338, 0x0338,
    0x0338, 0x0338, 0x0317, 0x0337, 0x0af5, 0x00c5, 0x0882, 0xe6f8, 0xf759, 0xff59, 0xff79, 0xff59, 0xff79, 0xff79, 0xff78, 0xff78,
    0xff78, 0xff78, 0xff78, 0xff78, 0xff79, 0xff79, 0xff9a, 0x9d11, 0xad73, 0x1105, 0x08a3, 0x0082, 0x09ab, 0x0b16, 0x08e4, 0x0904,
    0xf739, 0xff79, 0xff78, 0xff79, 0xff79, 0xff79, 0xff79, 0xff79, 0xff79, 0xff79, 0xff79, 0xff79, 0xff78, 0xff78, 0xff78, 0xff79,
    0xff58, 0x73ad, 0x08e4, 0x08e4, 0x0905, 0xff79, 0xff78, 0xff78, 0xff79, 0xff79, 0xff79, 0xff79, 0xff79, 0xff79, 0xf738, 0x1104,
    0x08c4, 0x08c4, 0x08e5, 0x0905, 0xffdc, 0xff78, 0xff58, 0xff78, 0xff59, 0xff79, 0xff79, 0xf759, 0x10c3, 0x08c4, 0x0905, 0x0a93,
    0x0b37, 0x0083, 0x08a3, 0x2145, 0xf779, 0xff79, 0xff79, 0xff79, 0xff79, 0xff79, 0xff79, 0xff79, 0xff79, 0xff79, 0xff79, 0xff79,
    0xff79, 0xff79, 0xe6f7, 0x10c3, 0x08a3, 0x08a3, 0x0318, 0x0927, 0x08e4, 0x08c4, 0x08c3, 0xf79a, 0xff58, 0xff78, 0xff58, 0xff78,
    0xff79, 0xff79, 0xff79, 0xff79, 0x1104, 0x08c4, 0x0317, 0x0317, 0x08c3, 0x08c4, 0x08c4, 0x08e4, 0xf759, 0xff78, 0xff78, 0xff78,
    0xff78, 0xff78, 0xff79, 0xff79, 0xff79, 0xff79, 0xff79, 0xff79, 0xff79, 0xff79, 0xff79, 0xff79, 0xff79, 0xff79, 0xff79, 0xff79,
    0xff79, 0xe6d7, 0x08c4, 0x08c4, 0x08c4, 0xff99, 0xff78, 0xff78, 0xff78, 0xff78, 0xff78, 0xff58, 0xa4f1, 0x1925, 0x08c4, 0x08a3,
    0x0af6, 0x11aa, 0x08c4, 0x08e5, 0x00a4, 0x00a3, 0x08e4, 0x08e4, 0x08e4, 0x08e4, 0x08e4, 0x08e4, 0x00c4, 0x02d4, 0x0317, 0x0318,
    0x0338, 0x0338, 0x0338, 0x0338, 0x0338, 0x0338, 0x0358, 0x0b58, 0x0b58, 0x343a, 0x343a, 0xff79, 0xff78, 0xef17, 0x3418, 0x2bf9,
    0x9598, 0x64d8, 0x3c59, 0x3c59, 0x4479, 0x3459, 0x345a, 0x2c39, 0x2c19, 0x8d98, 0x5cb9, 0x2c19, 0x341a, 0x0338, 0x0338, 0x0338,
    0x0338, 0x0338, 0x0338, 0x3439, 0x8d98, 0xff79, 0xff79, 0xded8, 0x3419, 0x23d8, 0xa5f9, 0x3459, 0x3c79, 0x4479, 0x4479, 0x3438,
    0x3418, 0x343a, 0x3c7a, 0x8d58, 0x4459, 0x343a, 0x343a, 0x0b58, 0x0b38, 0x0338, 0x0338, 0x0338, 0x0338, 0x0338, 0x0338, 0x0338,
    0x0338, 0x0338, 0x0318, 0x02b4, 0x08c5, 0x1104, 0x2124, 0xef38, 0xff78, 0xff78, 0xff78, 0xff78, 0xff78, 0xff78, 0xff78, 0xff78,
    0xff79, 0xff79, 0xff78, 0xff78, 0xff79, 0xff79, 0xff79, 0xff79, 0xff9a, 0x8c6f, 0x52a9, 0x08c3, 0x08e4, 0x09ca, 0x0905, 0x08e4,
    0xf739, 0xff79, 0xff78, 0xff79, 0xff79, 0xff79, 0xff79, 0xff79, 0xff79, 0xff79, 0xff79, 0xff79, 0xff79, 0xff59, 0xff78, 0xff79,
    0xff58, 0x73ac, 0x08e4, 0x08e4, 0x0904, 0xff79, 0xff78, 0xff78, 0xff79, 0xff79, 0xff79, 0xff79, 0xff79, 0xff79, 0xff79, 0x2166,
    0x2165, 0x0904, 0x08e4, 0x08e4, 0xfffc, 0xff78, 0xff58, 0xff58, 0xff79, 0xff79, 0xff79, 0xff59, 0x10c3, 0x08c4, 0x08e5, 0x0a92,
    0x0b58, 0x00a3, 0x4248, 0xff59, 0xff78, 0xff78, 0xff79, 0xff79, 0xff79, 0xff79, 0xff79, 0xff79, 0xff79, 0xff79, 0xff79, 0xff79,
    0xff79, 0xff79, 0xff78, 0xff58, 0x5ae9, 0x08c4, 0x035a, 0x0906, 0x08c4, 0x08c4, 0x08c3, 0xf79a, 0xff58, 0xff78, 0xff79, 0xff79,
    0xff79, 0xff79, 0xff79, 0xff79, 0x1104, 0x00c4, 0x0317, 0x0338, 0x08a3, 0x08a3, 0x08c4, 0x0905, 0xf75a, 0xff78, 0xff78, 0xff78,
    0xff78, 0xff78, 0xff79, 0xff79, 0xff79, 0xff79, 0xff79, 0xff79, 0xff79, 0xff79, 0xff79, 0xff79, 0xff79, 0xff79, 0xff79, 0xff79,
    0xff79, 0xe6f8, 0x08c4, 0x08c4, 0x08c4, 0xff99, 0xff78, 0xff78, 0xff78, 0xff78, 0xff78, 0xff78, 0xff59, 0xff59, 0x00a4, 0x08c4,
    0x0b15, 0x08e5, 0x08c3, 0x0904, 0xf759, 0xf759, 0xffda, 0xffdb, 0xd696, 0x9cf1, 0x4269, 0x1925, 0x0083, 0x0083, 0x00a4, 0x0338,
    0x0338, 0x0338, 0x0338, 0x0338, 0x0338, 0x0338, 0x0358, 0x0b58, 0x0b58, 0x343a, 0x3439, 0x3c59, 0x74f8, 0x3419, 0x2c19, 0x3418,
    0x3438, 0x3c59, 0x3c59, 0x3c59, 0x3c59, 0x5cb8, 0x3459, 0x3439, 0xf798, 0xff99, 0xf759, 0x64d8, 0x3419, 0x0338, 0x0338, 0x0338,
    0x0338, 0x0338, 0x0338, 0x3439, 0x7d39, 0xff79, 0xff78, 0xd6b9, 0x33f8, 0xef59, 0xff9a, 0xff9a, 0x4479, 0x3459, 0xbe39, 0xef18,
    0x2c19, 0x3439, 0x3c59, 0x3c59, 0x343a, 0x343a, 0x3439, 0x0b38, 0x0b38, 0x0b38, 0x0338, 0x0338, 0x0338, 0x0338, 0x0338, 0x0338,
    0x0338, 0x0338, 0x0338, 0x0128, 0x00c4, 0xe71a, 0xff79, 0xff79, 0xff79, 0xff79, 0xff79, 0xff58, 0xff79, 0xff79, 0xff79, 0xff79,
    0xff79, 0xff79, 0xff79, 0xff79, 0xff79, 0xff79, 0xff79, 0xff79, 0xff79, 0xff79, 0x8c4e, 0x08e4, 0x08e4, 0x08e4, 0x08e4, 0x08e4,
    0xf739, 0xff78, 0xff78, 0xff79, 0xff79, 0xff79, 0xff79, 0xff79, 0xff79, 0xff79, 0xff79, 0xff78, 0xff58, 0xff78, 0xff78, 0xff58,
    0xff58, 0x6b8c, 0x08e4, 0x08e4, 0x0904, 0xff99, 0xff78, 0xff78, 0xff79, 0xff79, 0xff79, 0xff79, 0xff79, 0xff79, 0xff79, 0xf759,
    0xffba, 0x1105, 0x08e4, 0x08c3, 0xffdb, 0xff78, 0xff78, 0xff78, 0xff79, 0xff79, 0xff79, 0xf759, 0x10a3, 0x08c4, 0x08c4, 0x0a50,
    0x0b58, 0x0905, 0x4269, 0xff58, 0xff78, 0xff79, 0xff79, 0xff79, 0xff79, 0xff79, 0xff79, 0xff79, 0xff79, 0xff79, 0xff79, 0xff79,
    0xff79, 0xff79, 0xff79, 0xff78, 0x5b2b, 0x10e4, 0x0b59, 0x08e5, 0x08c3, 0x08c3, 0x08e4, 0xf79b, 0xff78, 0xff78, 0xff58, 0xff58,
    0xff78, 0xff59, 0xff79, 0xff79, 0x1104, 0x08c4, 0x0317, 0x0317, 0x08c3, 0x00a3, 0x08c4, 0x0904, 0xf759, 0xff78, 0xff58, 0xff58,
    0xff78, 0xff79, 0xff79, 0xff79, 0xff79, 0xff79, 0xff79, 0xff79, 0xff79, 0xff79, 0xff79, 0xff79, 0xff79, 0xff79, 0xff79, 0xff79,
    0xff99, 0xe718, 0x08e4, 0x08c4, 0x08c4, 0xff99, 0xff78, 0xff79, 0xff79, 0xff79, 0xff79, 0xff79, 0xff79, 0xff79, 0x00a4, 0x08e4,
    0x0969, 0x0905, 0x08c3, 0x08e4, 0xff99, 0xff79, 0xff78, 0xff78, 0xff79, 0xff79, 0xff79, 0xff79, 0xff79, 0x00a4, 0x00c4, 0x0b58,
    0x0338, 0x0338, 0x0338, 0x0338, 0x0338, 0x0338, 0x0338, 0x0b58, 0x0b58, 0x2c19, 0x2c19, 0x3439, 0x3c59, 0x3439, 0x3439, 0x3439,
    0xd6d9, 0xbe39, 0x3459, 0x3c1a, 0xff9a, 0xff78, 0xadf8, 0x3418, 0xff59, 0xff78, 0xff79, 0x64d8, 0x2c19, 0x0338, 0x0338, 0x0338,
    0x0338, 0x0338, 0x0338, 0x3439, 0x3c39, 0xdef9, 0xff78, 0x3c39, 0x3419, 0xef39, 0xff9a, 0xff9b, 0x4479, 0x3c59, 0xff58, 0xff79,
    0xded8, 0x3c59, 0x3c38, 0xd698, 0x5cb9, 0x343a, 0x343a, 0x0b38, 0x0b38, 0x0338, 0x0338, 0x0338, 0x0338, 0x0338, 0x0338, 0x0338,
    0x0338, 0x0338, 0x0338, 0x0128, 0x08c4, 0xe73a, 0xff79, 0xff79, 0xff79, 0xff79, 0xff79, 0xff79, 0xff79, 0xff79, 0xff79, 0xff79,
    0xff79, 0xff79, 0xff79, 0xff79, 0xff79, 0xff79, 0xff79, 0xff79, 0xff79, 0xff79, 0xdeb6, 0xce35, 0x08e4, 0x08e4, 0x08e4, 0x08c4,
    0xef39, 0xff78, 0xff78, 0xff79, 0xff79, 0xff79, 0xff79, 0xff79, 0xff79, 0xff79, 0xff79, 0xff79, 0xff58, 0xff79, 0xff79, 0xff59,
    0xf739, 0x73ac, 0x08e4, 0x08e4, 0x0904, 0xff79, 0xff78, 0xff78, 0xff79, 0xff79, 0xff79, 0xff79, 0xff79, 0xff79, 0xff79, 0xff79,
    0xffba, 0x1105, 0x0904, 0x08c3, 0xffbb, 0xff78, 0xff78, 0xff79, 0xff79, 0xff79, 0xff79, 0xf759, 0x10a3, 0x08c4, 0x08c3, 0x0927,
    0x0948, 0x08e5, 0x4289, 0xff59, 0xff58, 0xff78, 0xff79, 0xff79, 0xff79, 0xff79, 0xff79, 0xff79, 0xff79, 0xff79, 0xff79, 0xff78,
    0xff79, 0xff79, 0xff79, 0xff79, 0x6b6b, 0x10e4, 0x0948, 0x08c4, 0x08c3, 0x08c4, 0x08e4, 0xffbb, 0xff58, 0xff78, 0xff78, 0xff78,
    0xff79, 0xff79, 0xff79, 0xff79, 0x1924, 0x08c4, 0x0317, 0x0318, 0x00c3, 0x00a3, 0x08c4, 0x08e4, 0xef39, 0xff58, 0xff58, 0xff58,
    0xff58, 0xff79, 0xff79, 0xff79, 0xff79, 0xff79, 0xff79, 0xff79, 0xff79, 0xff79, 0xff79, 0xff78, 0xff79, 0xff79, 0xff79, 0xff79,
    0xff79, 0xef19, 0x08e4, 0x08c4, 0x08c4, 0xff99, 0xff79, 0xff78, 0xff78, 0xff79, 0xff79, 0xff79, 0xff79, 0xff79, 0x00a3, 0x08e4,
    0x08e5, 0x08e4, 0x08c3, 0x10e4, 0xff99, 0xff79, 0xff78, 0xff79, 0xff79, 0xff79, 0xff79, 0xff79, 0xff79, 0x0084, 0x00c4, 0x0358,
    0x0338, 0x0338, 0x0338, 0x0338, 0x0338, 0x0338, 0x0b58, 0x0b58, 0x0b58, 0x2c19, 0x2bf9, 0x4438, 0xce99, 0x3c59, 0x3c7a, 0xf79a,
    0xff9a, 0xff78, 0x2c19, 0x3419, 0xff79, 0xff79, 0xb639, 0x3c59, 0x4c38, 0xff78, 0xb619, 0x2c19, 0x2c19, 0x0338, 0x0318, 0x0318,
    0x0338, 0x0338, 0x0358, 0x3439, 0x3459, 0x3439, 0x3439, 0x3c39, 0x3c59, 0x3c79, 0xdef9, 0x3418, 0x3439, 0x3c38, 0xff58, 0xff7a,
    0xef3a, 0x4459, 0xef5a, 0xff79, 0xff79, 0x2c3a, 0x343a, 0x0b38, 0x0b38, 0x0338, 0x0338, 0x0338, 0x0338, 0x0338, 0x0338, 0x0338,
    0x0338, 0x0338, 0x0317, 0x0948, 0x00c4, 0xe73a, 0xff79, 0xff79, 0xff79, 0xff79, 0xff79, 0xff79, 0xff79, 0xff79, 0xff79, 0xff79,
    0xff79, 0xff79, 0xff79, 0xff79, 0xff79, 0xff79, 0xff79, 0xff79, 0xff79, 0xff79, 0xff79, 0xf759, 0x1104, 0x08e4, 0x08e4, 0x08e4,
    0xf739, 0xff58, 0xff79, 0xff79, 0xff79, 0xff79, 0xff79, 0xff79, 0xff79, 0xf779, 0xded7, 0xbdd4, 0x8c8f, 0x6b6c, 0x4248, 0x2185,
    0x0904, 0x00c3, 0x08e4, 0x08e4, 0x0904, 0xff99, 0xff79, 0xff79, 0xff79, 0xff79, 0xff79, 0xff79, 0xff79, 0xff79, 0xff79, 0xff79,
    0xff99, 0x73ad, 0x4248, 0x1104, 0xffbb, 0xff78, 0xff79, 0xff79, 0xff79, 0xff79, 0xff79, 0xf75a, 0x10c4, 0x08e4, 0x08c4, 0x08e4,
    0x08e4, 0x08c4, 0x4269, 0xff79, 0xff79, 0xff79, 0xff79, 0xff79, 0xff79, 0xff79, 0xde96, 0xd656, 0xde55, 0xff79, 0xff79, 0xff79,
    0xff79, 0xff79, 0xff79, 0xff79, 0x6b6c, 0x08e4, 0x08e4, 0x08e4, 0x08e4, 0x08e4, 0x08e4, 0xffbb, 0xff78, 0xff58, 0xff78, 0xff58,
    0xff79, 0xff79, 0xff79, 0xff79, 0x1945, 0x08c4, 0x0317, 0x0318, 0x08c3, 0x00c3, 0x08c4, 0x08c4, 0x00c3, 0x1124, 0x31c6, 0x4a89,
    0x7bed, 0xad31, 0xf759, 0xff79, 0xff79, 0xff79, 0xff79, 0xff79, 0xff79, 0xff79, 0xff79, 0xff79, 0xff79, 0xff79, 0xff79, 0xff79,
    0xff79, 0xef18, 0x08e4, 0x08c4, 0x08e4, 0xff99, 0xff79, 0xff78, 0xff59, 0xff79, 0xff79, 0xff79, 0xff79, 0xff79, 0x08c4, 0x08e4,
    0x08c4, 0x08c3, 0x08e4, 0x1104, 0xff99, 0xff79, 0xff79, 0xff79, 0xff79, 0xff79, 0xff79, 0xff79, 0xff79, 0x00a4, 0x08c4, 0x0b58,
    0x0b38, 0x0338, 0x0338, 0x0338, 0x0338, 0x0b58, 0x0b58, 0x0b58, 0x0b58, 0x2c19, 0x2bf9, 0xff79, 0xff79, 0xff9a, 0x4479, 0xf77b,
    0xff9a, 0xff79, 0x3418, 0x33f9, 0x5c98, 0xd6b8, 0x4459, 0x3c39, 0x3c59, 0x3439, 0x2bf9, 0x2bf9, 0x2bf9, 0x0338, 0x0318, 0x0338,
    0x0338, 0x0338, 0x0358, 0x3439, 0x3439, 0x5cb9, 0x74f8, 0x4459, 0x3c79, 0x3c59, 0x3418, 0x3419, 0x3439, 0x3419, 0x3c39, 0x5cb9,
    0x4459, 0x3c59, 0xf75a, 0xff79, 0xf779, 0x2c3a, 0x343a, 0x0b38, 0x0b38, 0x0338, 0x0338, 0x0338, 0x0338, 0x0338, 0x0338, 0x0338,
    0x0338, 0x0338, 0x0318, 0x0148, 0x00c4, 0xe73a, 0xff78, 0xff78, 0xff58, 0xff79, 0xff79, 0xff79, 0xff79, 0xff79, 0xff79, 0xff79,
    0xff79, 0xff79, 0xff79, 0xff79, 0xff79, 0xff79, 0xff79, 0xff79, 0xff79, 0xff79, 0xff79, 0xff79, 0x1925, 0x08e4, 0x08e4, 0x08e4,
    0xf739, 0xff78, 0xff78, 0xff79, 0xff79, 0xff79, 0xff79, 0xff79, 0xffbb, 0x1104, 0x08e4, 0x08e4, 0x08e4, 0x08e4, 0x08c3, 0x08c3,
    0x08e4, 0x08e4, 0x08e4, 0x08e4, 0x0904, 0xff99, 0xff78, 0xff79, 0xff79, 0xff79, 0xff79, 0xff79, 0xff79, 0xff79, 0xff79, 0xff79,
    0xff79, 0xf77a, 0x8c6f, 0x1125, 0xffba, 0xff79, 0xff79, 0xff79, 0xff79, 0xff79, 0xff79, 0xf759, 0x10e4, 0x08e4, 0x08e4, 0x08c4,
    0x08c4, 0x08c3, 0x4269, 0xff79, 0xff79, 0xff79, 0xff79, 0xff79, 0xff79, 0xff79, 0x3a28, 0x08e4, 0x2144, 0xff59, 0xff79, 0xff79,
    0xff79, 0xff79, 0xff79, 0xff79, 0x6b4b, 0x08e4, 0x08e4, 0x08e4, 0x08e4, 0x08e4, 0x08e4, 0xffbb, 0xff78, 0xff78, 0xff58, 0xff79,
    0xff59, 0xff79, 0xff79, 0xff79, 0x1945, 0x08c4, 0x0317, 0x0318, 0x00c3, 0x00c4, 0x08c3, 0x08c4, 0x08c4, 0x08c3, 0x08c4, 0x08e4,
    0x08e4, 0x08e4, 0xe6d8, 0xff79, 0xff79, 0xff79, 0xff79, 0xff79, 0xff79, 0xff79, 0xff79, 0x1945, 0x4268, 0x73ac, 0xa511, 0xde96,
    0xef38, 0xef18, 0x08c3, 0x08c3, 0x08e4, 0xff99, 0xff79, 0xff79, 0xff58, 0xff79, 0xff79, 0xff79, 0xff79, 0xff79, 0x08c3, 0x08a2,
    0x08a3, 0x08c3, 0x10e4, 0x1945, 0xff99, 0xff79, 0xff78, 0xff58, 0xff79, 0xff79, 0xff79, 0xff79, 0xff79, 0x00a3, 0x08c4, 0x0b58,
    0x0338, 0x0338, 0x0338, 0x0338, 0x0338, 0x0b58, 0x0b58, 0x0b58, 0x0b58, 0x3439, 0x2c19, 0xff79, 0xff78, 0xf77a, 0x3c5a, 0x447a,
    0x5cb8, 0x3c38, 0x3419, 0x3419, 0x2bf8, 0x3459, 0x3c59, 0x3c59, 0x3c59, 0x64d9, 0x5478, 0x2bf9, 0x2bf9, 0x0318, 0x0318, 0x0317,
    0x0338, 0x0338, 0x0358, 0x3439, 0x95b8, 0xff58, 0xff79, 0xd6da, 0x3c7a, 0x3459, 0x4c79, 0x2c19, 0x3439, 0x3439, 0x3c39, 0x3c59,
    0x3c59, 0x3c59, 0x3c59, 0x74d8, 0x3c38, 0x343a, 0x343a, 0x0b38, 0x0b38, 0x0338, 0x0338, 0x0338, 0x0338, 0x0338, 0x0338, 0x0338,
    0x0338, 0x0338, 0x0338, 0x0148, 0x00c4, 0xe73a, 0xff79, 0xff79, 0xff58, 0xff58, 0xff79, 0xff79, 0xff79, 0xff79, 0xf779, 0xded7,
    0x9cf1, 0x634b, 0x29c6, 0xd655, 0xff79, 0xff79, 0xff79, 0xff79, 0xff79, 0xff79, 0xff79, 0xff7a, 0x1925, 0x08e4, 0x08e4, 0x08e4,
    0xf739, 0xff79, 0xff78, 0xff79, 0xff79, 0xff79, 0xff79, 0xff79, 0xffbb, 0x1105, 0x08e4, 0x08e4, 0x08c4, 0x08c4, 0x08c4, 0x08c3,
    0x08c3, 0x08c4, 0x08e4, 0x08e4, 0x0904, 0xff79, 0xff78, 0xff79, 0xff78, 0xff79, 0xff79, 0xff79, 0xff79, 0xff79, 0xff79, 0xff79,
    0xff79, 0xff79, 0x842e, 0x1124, 0xff9a, 0xff79, 0xff79, 0xff79, 0xff79, 0xff79, 0xff59, 0xff59, 0x10c3, 0x08e4, 0x08e4, 0x08e4,
    0x08e4, 0x08c4, 0x4289, 0xff79, 0xff79, 0xff79, 0xff79, 0xff79, 0xff79, 0xff58, 0x3a28, 0x08e4, 0x2145, 0xff58, 0xff79, 0xff79,
    0xff79, 0xff79, 0xff79, 0xff79, 0x6b4b, 0x08e4, 0x0904, 0x08e4, 0x08e4, 0x08e4, 0x0904, 0xffbb, 0xff78, 0xff78, 0xff78, 0xff79,
    0xff79, 0xff79, 0xff79, 0xff79, 0x1945, 0x08c4, 0x02f7, 0x0317, 0x08c4, 0x00c4, 0x00c3, 0x08e4, 0x08c4, 0x08c3, 0x08c4, 0x08e4,
    0x08e4, 0x08e4, 0xdeb8, 0xff79, 0xff79, 0xff79, 0xff79, 0xff79, 0xff79, 0xff79, 0xff79, 0x0083, 0x08e4, 0x08e4, 0x08e4, 0x08c3,
    0x08c3, 0x08c3, 0x08a3, 0x08c3, 0x08e4, 0xff99, 0xff79, 0xff79, 0xff79, 0xff79, 0xff79, 0xff79, 0xff79, 0xff79, 0xff59, 0xf738,
    0x08c3, 0x08c3, 0xce35, 0x9cf1, 0xff79, 0xff78, 0xff78, 0xff79, 0xff79, 0xff79, 0xff79, 0xff79, 0xff79, 0x00a3, 0x08c4, 0x0b58,
    0x0b38, 0x0338, 0x0338, 0x0338, 0x0338, 0x0b58, 0x0b58, 0x0b58, 0x0b58, 0x3439, 0x3439, 0x4c78, 0x7d18, 0x3419, 0x3439, 0x3c39,
    0x3c59, 0x3418, 0x3439, 0x3439, 0x3439, 0x5499, 0x3c79, 0x3459, 0xef59, 0xff79, 0xff57, 0x7518, 0x2c1a, 0x0318, 0x0318, 0x0338,
    0x0338, 0x0338, 0x0338, 0x3439, 0x9dd9, 0xff79, 0xff79, 0xe71a, 0x3c59, 0xef38, 0xff78, 0xf758, 0x3c58, 0x3c59, 0xd6ba, 0xef3a,
    0x3439, 0x3439, 0x3439, 0x3439, 0x3419, 0x3439, 0x343a, 0x0b38, 0x0b38, 0x0338, 0x0338, 0x0338, 0x0338, 0x0338, 0x0338, 0x0338,
    0x0338, 0x0338, 0x0338, 0x0948, 0x00c4, 0xe71a, 0xff79, 0xff78, 0xff78, 0xff58, 0xff79, 0xff79, 0xff79, 0xff59, 0x08c3, 0x0904,
    0x08e4, 0x08e4, 0x08e4, 0xd655, 0xff79, 0xff79, 0xff79, 0xff79, 0xff79, 0xff79, 0xff79, 0xff7a, 0x1125, 0x08e4, 0x08e4, 0x08e4,
    0xf739, 0xff78, 0xff79, 0xff79, 0xff79, 0xff79, 0xff79, 0xff79, 0xffbb, 0x08e4, 0x08e4, 0x08c4, 0x08c4, 0x08c4, 0x08e4, 0x08c3,
    0x08a3, 0x08c3, 0x08e4, 0x08e4, 0x0904, 0xff79, 0xff58, 0xff78, 0xff79, 0xff58, 0xff79, 0xff79, 0xff79, 0xff79, 0xff79, 0xff79,
    0xff79, 0xff79, 0xd635, 0xa511, 0xffba, 0xff79, 0xff79, 0xff79, 0xff79, 0xff79, 0xff79, 0xff59, 0x10e3, 0x08e4, 0x08e4, 0x08e4,
    0x08c4, 0x73ad, 0x9cd0, 0xff79, 0xff79, 0xff79, 0xff79, 0xff79, 0xff79, 0xff58, 0x4248, 0x08e4, 0x2186, 0xff79, 0xff79, 0xff79,
    0xff79, 0xff79, 0xff79, 0xff79, 0xb552, 0x738c, 0x08a3, 0x0904, 0x08e4, 0x08e4, 0x08e4, 0xffbb, 0xff78, 0xff78, 0xff79, 0xff79,
    0xff79, 0xff79, 0xff79, 0xff79, 0x1945, 0x08c4, 0x02f7, 0x02f7, 0x08e4, 0x08c4, 0x08c4, 0x08c4, 0x08c4, 0x08c4, 0x08e4, 0x08e4,
    0x08e4, 0x08c4, 0xdeb7, 0xff79, 0xff79, 0xff79, 0xff79, 0xff79, 0xff79, 0xff79, 0xff79, 0x0083, 0x08e4, 0x08e4, 0x08e4, 0x08e4,
    0x08c4, 0x08c3, 0x08c3, 0x08e4, 0x0904, 0xff99, 0xff78, 0xff79, 0xff79, 0xff78, 0xff78, 0xff79, 0xff79, 0xff79, 0xff79, 0xf738,
    0x1104, 0x1104, 0xffba, 0xff59, 0xff78, 0xff58, 0xff78, 0xff79, 0xff79, 0xff79, 0xff79, 0xff79, 0xff79, 0x00a3, 0x08e4, 0x0b58,
    0x0b38, 0x0338, 0x0338, 0x0b38, 0x0b38, 0x0b58, 0x0b58, 0x0b78, 0x0b78, 0x343a, 0x343a, 0x3419, 0x3439, 0x3439, 0x3439, 0x2bf9,
    0xc698, 0xbe79, 0x3459, 0x3c1a, 0xf79b, 0xff79, 0xc679, 0x3439, 0xff59, 0xff78, 0xff59, 0x7518, 0x343a, 0x0338, 0x0338, 0x0338,
    0x0338, 0x0338, 0x0358, 0x3439, 0x3c59, 0xf759, 0xff98, 0x5cd9, 0x3439, 0xef38, 0xff78, 0xf758, 0x3c59, 0x4499, 0xf77a, 0xff79,
    0xe6f8, 0x3439, 0x2c19, 0xc658, 0x5cb9, 0x3439, 0x3c5a, 0x0338, 0x0338, 0x0338, 0x0338, 0x0338, 0x0338, 0x0338, 0x0338, 0x0338,
    0x0338, 0x0338, 0x0338, 0x0948, 0x00c4, 0xe73a, 0xff79, 0xff78, 0xff79, 0xff79, 0xff79, 0xff79, 0xff79, 0xff59, 0x00a3, 0x08e4,
    0x08e4, 0x0904, 0x08e4, 0xce56, 0xff79, 0xff79, 0xff79, 0xff79, 0xff79, 0xff79, 0xff79, 0xff7a, 0x1125, 0x08e4, 0x08e4, 0x08e4,
    0xf739, 0xff58, 0xff78, 0xff79, 0xff79, 0xff79, 0xff79, 0xff79, 0xffbb, 0x08c3, 0x08c3, 0x08c3, 0x0083, 0x0082, 0x08a3, 0x10e4,
    0x08c3, 0x08c3, 0x08e4, 0x08e4, 0x0904, 0xff79, 0xff78, 0xff78, 0xff78, 0xff79, 0xff79, 0xff79, 0xff79, 0xff79, 0xff79, 0xff79,
    0xff79, 0xff79, 0xff78, 0xff59, 0xff79, 0xff79, 0xff79, 0xff79, 0xff79, 0xff79, 0xff79, 0xf759, 0x10e4, 0x08e4, 0x08e4, 0x08e4,
    0x0083, 0xf739, 0xff79, 0xff78, 0xff78, 0xff79, 0xff79, 0xff79, 0xff79, 0xff9a, 0x4269, 0x08e4, 0x29a6, 0xff9a, 0xff78, 0xff78,
    0xff79, 0xff59, 0xff79, 0xff79, 0xff79, 0xf759, 0x0042, 0x0904, 0x08e4, 0x08e4, 0x08e4, 0xffbb, 0xff78, 0xff79, 0xff79, 0xff79,
    0xff79, 0xff59, 0xff79, 0xff79, 0x1925, 0x08c4, 0x02f7, 0x02f7, 0x08c4, 0x08c4, 0x08c4, 0x08c4, 0x08c4, 0x08c4, 0x08e4, 0x08e4,
    0x08e4, 0x08e4, 0xdeb7, 0xff79, 0xff78, 0xff79, 0xff79, 0xff79, 0xff79, 0xff79, 0xff79, 0x0083, 0x08e4, 0x08e4, 0x08e4, 0x08e4,
    0x08e4, 0x08c3, 0x08c3, 0x08e4, 0x08e3, 0xff99, 0xff78, 0xff79, 0xff79, 0xff78, 0xff78, 0xff78, 0xff78, 0xff79, 0xff58, 0xff38,
    0x0904, 0x1104, 0xffb9, 0xff78, 0xff78, 0xff58, 0xff79, 0xff79, 0xff79, 0xff79, 0xff79, 0xff79, 0xff79, 0x00a3, 0x08e4, 0x0b58,
    0x0b38, 0x0b38, 0x0338, 0x0338, 0x0b38, 0x0b58, 0x0b58, 0x0b58, 0x0b78, 0x3459, 0x3439, 0x4438, 0xce79, 0x3459, 0x3439, 0xdf18,
    0xff58, 0xff79, 0x4c99, 0x3c5a, 0xf77b, 0xff99, 0xbe59, 0x3419, 0x9599, 0xff78, 0xc679, 0x3459, 0x343a, 0x0338, 0x0338, 0x0338,
    0x0338, 0x0338, 0x0338, 0x0358, 0x3439, 0x3439, 0x3439, 0x3419, 0x3419, 0x2c39, 0xceb9, 0x2bf8, 0x3c59, 0x4479, 0xff7a, 0xff58,
    0xef39, 0x343a, 0xef58, 0xff78, 0xff79, 0x345a, 0x343a, 0x0338, 0x0b38, 0x0338, 0x0338, 0x0338, 0x0338, 0x0338, 0x0338, 0x0338,
    0x0338, 0x0338, 0x0338, 0x0128, 0x00c4, 0xe71a, 0xff78, 0xff79, 0xff79, 0xff79, 0xff79, 0xff79, 0xff79, 0xff58, 0x0082, 0x08e4,
    0x08e4, 0x0904, 0x08e4, 0xce56, 0xff79, 0xff79, 0xff79, 0xff79, 0xff79, 0xff79, 0xff79, 0xff7a, 0x1125, 0x08e4, 0x08e4, 0x08e4,
    0xf738, 0xff78, 0xff78, 0xff79, 0xff79, 0xff79, 0xff79, 0xff79, 0xff79, 0xf739, 0xf759, 0xff79, 0xff79, 0xff58, 0xff58, 0xf739,
    0x0925, 0x08e4, 0x08e4, 0x08e4, 0x0904, 0xff79, 0xff58, 0xff78, 0xff79, 0xff58, 0xff79, 0xff79, 0xff79, 0xff79, 0xff79, 0xff79,
    0xff79, 0xff79, 0xff79, 0xff79, 0xff79, 0xff79, 0xff79, 0xff79, 0xff79, 0xff79, 0xff79, 0xf759, 0x10e4, 0x08e4, 0x08e4, 0x08e4,
    0x0062, 0xf758, 0xff79, 0xff79, 0xff79, 0xff79, 0xff79, 0xff79, 0xe6d8, 0x0904, 0x08e4, 0x08c4, 0x0904, 0x0905, 0xbdb4, 0xff79,
    0xff79, 0xff79, 0xff79, 0xff79, 0xff78, 0xff58, 0x0021, 0x08e4, 0x08e4, 0x08e4, 0x08e4, 0xffbb, 0xff79, 0xff79, 0xff79, 0xff79,
    0xff79, 0xff79, 0xff79, 0xff79, 0x1945, 0x08c4, 0x02f7, 0x02f7, 0x00c4, 0x00c5, 0x00c4, 0x00c4, 0x00c4, 0x08e4, 0x08e4, 0x08e4,
    0x08c4, 0x08c4, 0xdeb7, 0xff79, 0xff78, 0xff79, 0xff79, 0xff79, 0xff79, 0xff79, 0xff79, 0x0083, 0x08e4, 0x08e4, 0x08e4, 0x08e4,
    0x08e4, 0x08c4, 0x08c3, 0x08c3, 0x08a3, 0x08c3, 0x10e4, 0xf738, 0xff78, 0xff78, 0xff58, 0xff58, 0xff58, 0xff58, 0xff58, 0xff58,
    0x08e4, 0x08e4, 0xffb9, 0xff78, 0xff78, 0xff78, 0xff59, 0xff79, 0xff79, 0xff79, 0xff79, 0xff79, 0xff79, 0x00a3, 0x08e4, 0x0b58,
    0x0b38, 0x0b38, 0x0338, 0x0338, 0x0b38, 0x0b38, 0x0b38, 0x0b58, 0x0b58, 0x345a, 0x343a, 0xff79, 0xff79, 0xff9a, 0x3419, 0xded8,
    0xff78, 0xff7a, 0x4c59, 0x3c59, 0x4c98, 0xce98, 0x3419, 0x2c19, 0x3419, 0x3419, 0x3419, 0x343a, 0x0338, 0x0338, 0x0318, 0x0338,
    0x0338, 0x0338, 0x0338, 0x0359, 0x1bb9, 0x23d9, 0x1bb8, 0x3419, 0x2c19, 0x3439, 0x3438, 0x3c39, 0x3c59, 0x4479, 0x8d79, 0xd6b7,
    0x2bf9, 0x343a, 0xf758, 0xff79, 0xff7a, 0x3439, 0x343a, 0x0338, 0x0b38, 0x0b38, 0x0338, 0x0338, 0x0338, 0x0338, 0x0338, 0x0338,
    0x0338, 0x0338, 0x0338, 0x0128, 0x08c4, 0xe73a, 0xff78, 0xff78, 0xff79, 0xff79, 0xff79, 0xff79, 0xff79, 0xff59, 0x0082, 0x08e4,
    0x08e4, 0x08e4, 0x08c4, 0xce55, 0xff79, 0xff79, 0xff79, 0xff79, 0xff79, 0xff79, 0xff79, 0xff79, 0x1125, 0x08e4, 0x08e4, 0x08e4,
    0xef18, 0xff78, 0xff78, 0xff79, 0xff79, 0xff79, 0xff79, 0xff79, 0xff79, 0xff79, 0xff78, 0xff78, 0xff78, 0xff78, 0xff78, 0xf759,
    0x1125, 0x08c4, 0x08e4, 0x08e4, 0x1104, 0xff79, 0xff78, 0xff78, 0xff79, 0xff78, 0xff58, 0xff79, 0xff79, 0xff79, 0xff79, 0xff79,
    0xff79, 0xff79, 0xff79, 0xff79, 0xff79, 0xff79, 0xff79, 0xff79, 0xff79, 0xff79, 0xff79, 0xff59, 0x10c3, 0x08e4, 0x08e4, 0x08e4,
    0x0062, 0xf758, 0xff79, 0xff79, 0xff79, 0xff79, 0xff79, 0xff79, 0xeef8, 0x08e4, 0x08c4, 0x08c3, 0x08e4, 0x08e4, 0xbdb4, 0xff79,
    0xff78, 0xff79, 0xff79, 0xff79, 0xff79, 0xff58, 0x0021, 0x08e4, 0x08e4, 0x08e4, 0x08e4, 0xffbb, 0xff79, 0xff79, 0xff79, 0xff79,
    0xff79, 0xff79, 0xff79, 0xff79, 0x1925, 0x08c4, 0x02f7, 0x0317, 0x0317, 0x0337, 0x00c4, 0x00c3, 0x00c4, 0x08e4, 0x08e4, 0x08c4,
    0x08c4, 0x08e4, 0xdeb7, 0xff78, 0xff78, 0xff79, 0xff79, 0xff79, 0xff79, 0xff79, 0xff79, 0x0083, 0x08e4, 0x08e4, 0x08e4, 0x08e4,
    0x08e4, 0x08c4, 0x08e4, 0x08c4, 0x08c3, 0x08c4, 0x08e4, 0xf738, 0xff59, 0xff78, 0xff58, 0xff78, 0xff78, 0xff78, 0xff79, 0xff79,
    0xff99, 0xffda, 0xff78, 0xff78, 0xff78, 0xff78, 0xff79, 0xff79, 0xff79, 0xff79, 0xff79, 0xff59, 0xf75a, 0x08c4, 0x08e4, 0x0b58,
    0x0b38, 0x0b38, 0x0338, 0x0338, 0x0338, 0x0338, 0x0338, 0x0b58, 0x0b58, 0x343a, 0x343a, 0xff7a, 0xff79, 0xf759, 0x33f8, 0x2bf9,
    0xc657, 0x8579, 0x3c59, 0x3439, 0x33f7, 0x3419, 0x3419, 0x2c19, 0x2bf9, 0x1bb9, 0x1bb8, 0x0b79, 0x0338, 0x0338, 0x0318, 0x0338,
    0x0338, 0x0338, 0x0358, 0x0358, 0x0b58, 0x0b58, 0x0b58, 0x0b58, 0x0358, 0x0b58, 0x13b9, 0x29ea, 0x33f8, 0x3c18, 0x3439, 0x2c19,
    0x2c19, 0x3439, 0x3439, 0x54b8, 0x3c58, 0x343a, 0x3439, 0x0338, 0x0b38, 0x0338, 0x0338, 0x0338, 0x0338, 0x0338, 0x0338, 0x0338,
    0x0338, 0x0338, 0x0338, 0x0927, 0x00c4, 0xe71a, 0xff78, 0xff79, 0xff79, 0xff79, 0xff79, 0xff79, 0xff79, 0xff59, 0x00a3, 0x08e4,
    0x08e4, 0x08c3, 0x08c4, 0xde96, 0xff79, 0xff79, 0xff79, 0xff78, 0xff79, 0xff79, 0xff79, 0xff79, 0x1945, 0x08e4, 0x08e4, 0x08e4,
    0xf739, 0xff78, 0xff78, 0xff78, 0xff79, 0xff79, 0xff79, 0xff79, 0xff79, 0xff78, 0xff79, 0xff78, 0xff78, 0xff78, 0xff58, 0xf759,
    0x1105, 0x08e4, 0x08e4, 0x08e4, 0x1104, 0xff79, 0xff78, 0xff78, 0xff58, 0xff79, 0xff79, 0xff79, 0xff79, 0xff79, 0xff79, 0xff79,
    0xff79, 0xff79, 0xff79, 0xff79, 0xff79, 0xff79, 0xff79, 0xff79, 0xff79, 0xff79, 0xff59, 0xff59, 0x10e4, 0x08e4, 0x08e4, 0x08e4,
    0x0062, 0xf758, 0xff78, 0xff79, 0xff79, 0xff79, 0xff79, 0xff79, 0xe6d7, 0x08e4, 0x08e4, 0x08a3, 0x08c3, 0x08e4, 0xbdd5, 0xff79,
    0xff79, 0xff79, 0xff79, 0xff79, 0xff79, 0xff79, 0x0021, 0x08e4, 0x08e4, 0x08e4, 0x08e4, 0xffbb, 0xff79, 0xff79, 0xff79, 0xff79,
    0xff79, 0xff79, 0xff79, 0xff79, 0x1945, 0x08c4, 0x0317, 0x0317, 0x0317, 0x0318, 0x0318, 0x0317, 0x02f7, 0x0317, 0x00e5, 0x08e4,
    0x08c4, 0x08c4, 0xdeb8, 0xff79, 0xff78, 0xff79, 0xff79, 0xff79, 0xff79, 0xff79, 0xff79, 0x00a3, 0x08c4, 0x08c4, 0x08e4, 0x08c4,
    0x0338, 0x00c4, 0x08e4, 0x08e4, 0x08c4, 0x08c3, 0x08c3, 0xef19, 0xf75a, 0xff78, 0xff78, 0xff78, 0xff78, 0xff58, 0xff79, 0xff78,
    0xff58, 0xff78, 0xff78, 0xff58, 0xff78, 0xff79, 0xff79, 0xff79, 0xff79, 0xff79, 0xff59, 0x3a28, 0x1146, 0x0925, 0x08e5, 0x0b58,
    0x0b38, 0x0b38, 0x0338, 0x0338, 0x0338, 0x0338, 0x0338, 0x0338, 0x0338, 0x2c19, 0x2c19, 0x3438, 0x4c78, 0x2bf8, 0x2bf9, 0x3419,
    0x3419, 0x3419, 0x33f7, 0x33b5, 0x1947, 0x1378, 0x0b58, 0x0b58, 0x0b38, 0x0b58, 0x0b38, 0x0b58, 0x0b38, 0x0338, 0x0338, 0x0338,
    0x0338, 0x0339, 0x0358, 0x0b59, 0x0b59, 0x0b58, 0x0b58, 0x0b58, 0x0b58, 0x0b38, 0x0358, 0x21a8, 0x2188, 0x2167, 0x0b57, 0x1378,
    0x1378, 0x3439, 0x3439, 0x3c39, 0x3439, 0x3419, 0x1bb9, 0x0338, 0x0338, 0x0338, 0x0338, 0x0338, 0x0338, 0x0338, 0x0338, 0x0338,
    0x0338, 0x0338, 0x0337, 0x0127, 0x08c4, 0xe73b, 0xff79, 0xff79, 0xff79, 0xff79, 0xff79, 0xff79, 0xff79, 0xff79, 0x08a3, 0x08e4,
    0x08e3, 0x08c3, 0x08e4, 0xde96, 0xff79, 0xff79, 0xff78, 0xff79, 0xff79, 0xff79, 0xff79, 0xff79, 0x1925, 0x08e4, 0x08e4, 0x08e4,
    0xf739, 0xff78, 0xff78, 0xff78, 0xff79, 0xff79, 0xff79, 0xff79, 0xff79, 0xff79, 0xff79, 0xff79, 0xff79, 0xff79, 0xff79, 0xf759,
    0x08e4, 0x08c4, 0x08e4, 0x08e4, 0x1104, 0xff79, 0xff78, 0xff78, 0xff79, 0xff79, 0xff79, 0xff79, 0xff79, 0xff79, 0xff79, 0xff79,
    0xff79, 0xff79, 0xff79, 0xff79, 0xff79, 0xff79, 0xff79, 0xff79, 0xff79, 0xff59, 0xff59, 0xf759, 0x10e4, 0x08e4, 0x08e4, 0x08e4,
    0x0062, 0xf758, 0xff78, 0xff79, 0xff79, 0xff79, 0xff79, 0xff79, 0xf738, 0xa532, 0xad31, 0xa510, 0xa510, 0xad51, 0xeef7, 0xff79,
    0xff79, 0xff79, 0xff79, 0xff79, 0xff79, 0xff79, 0x0021, 0x08e4, 0x08e4, 0x08e4, 0x08e4, 0xffbb, 0xff79, 0xff79, 0xff79, 0xff79,
    0xff79, 0xff79, 0xff79, 0xff79, 0x2145, 0x08c4, 0x0317, 0x0318, 0x0317, 0x0317, 0x0317, 0x0317, 0x0318, 0x0317, 0x00e5, 0x08e4,
    0x08e4, 0x08c4, 0xdeb7, 0xff78, 0xff78, 0xff79, 0xff79, 0xff79, 0xff79, 0xff79, 0xff79, 0x0083, 0x08c4, 0x0b58, 0x0b37, 0x0b37,
    0x0318, 0x00a3, 0x08e4, 0x08c4, 0x08c3, 0x08c3, 0x08c3, 0x00a3, 0x00a4, 0xf759, 0xff78, 0xff78, 0xff58, 0xff78, 0xff79, 0xff58,
    0xff78, 0xff58, 0xff78, 0xff79, 0xff79, 0xff79, 0xff79, 0xff79, 0xff79, 0xff79, 0xff58, 0x4228, 0x0905, 0x0926, 0x00e6, 0x0b38,
    0x0b38, 0x0b38, 0x0338, 0x0338, 0x0338, 0x0338, 0x0338, 0x0b38, 0x0338, 0x1398, 0x23d9, 0x3419, 0x3419, 0x2c19, 0x2c19, 0x0b78,
    0x0b58, 0x0b37, 0x1947, 0x1947, 0x2167, 0x0b38, 0x0b38, 0x0b38, 0x0b38, 0x0b38, 0x0b38, 0x0338, 0x0b38, 0x0338, 0x0338, 0x0338,
    0x0358, 0x0339, 0x0358, 0x0358, 0x0358, 0x0358, 0x0358, 0x0338, 0x0338, 0x0338, 0x0338, 0x21a8, 0x1967, 0x1947, 0x0317, 0x0338,
    0x0338, 0x0358, 0x0358, 0x0338, 0x0b58, 0x0b58, 0x0338, 0x0338, 0x0338, 0x0338, 0x0338, 0x0338, 0x0338, 0x0338, 0x0338, 0x0338,
    0x0338, 0x0338, 0x0338, 0x0948, 0x08c4, 0xe75b, 0xff79, 0xff79, 0xff79, 0xff79, 0xff79, 0xff79, 0xff79, 0xff79, 0xf759, 0xffba,
    0xff99, 0xff58, 0xff79, 0xff79, 0xff79, 0xff79, 0xff79, 0xff79, 0xff79, 0xff79, 0xff78, 0xff59, 0x1925, 0x08e4, 0x08e4, 0x08e4,
    0xf739, 0xff58, 0xff78, 0xff58, 0xff79, 0xff79, 0xff79, 0xff79, 0xff79, 0xff79, 0xff79, 0xff79, 0xff79, 0xff79, 0xff79, 0xf779,
    0x10e4, 0x08c3, 0x08e4, 0x08e4, 0x1104, 0xff79, 0xff78, 0xff78, 0xff78, 0xff79, 0xff79, 0xff79, 0xff79, 0xff79, 0xff79, 0xff79,
    0xff79, 0xff79, 0xff79, 0xff79, 0xff79, 0xff79, 0xff79, 0xff79, 0xff79, 0xff59, 0xff79, 0xf759, 0x10e4, 0x08e4, 0x08e4, 0x08e4,
    0x0062, 0xf758, 0xff79, 0xff79, 0xff79, 0xff79, 0xff79, 0xff79, 0xff79, 0xff79, 0xff79, 0xff79, 0xff78, 0xff79, 0xff79, 0xff79,
    0xff79, 0xff79, 0xff79, 0xff79, 0xff79, 0xff79, 0x0021, 0x08e4, 0x08e4, 0x08e4, 0x08e4, 0xf7bb, 0xff79, 0xff79, 0xff79, 0xff79,
    0xff79, 0xff79, 0xff79, 0xff79, 0x2145, 0x08c4, 0x0318, 0x0318, 0x0317, 0x0317, 0x0318, 0x0318, 0x0318, 0x0317, 0x00c5, 0x00c4,
    0x08c4, 0x08c4, 0xdeb7, 0xff78, 0xff78, 0xff79, 0xff79, 0xff79, 0xff79, 0xff79, 0xff79, 0x0083, 0x00c4, 0x0338, 0x0317, 0x0317,
    0x0317, 0x0317, 0x0ad4, 0x00a3, 0x00a3, 0x08c4, 0x08c4, 0x0904, 0x1125, 0xf759, 0xff58, 0xff78, 0xff79, 0xff78, 0xff78, 0xff78,
    0xff78, 0xff78, 0xff79, 0xff78, 0xff79, 0xff79, 0xff79, 0xff79, 0xff79, 0x9cb0, 0x4aa9, 0x1124, 0x00a3, 0x0148, 0x0b58, 0x0b38,
    0x0b38, 0x0b38, 0x0338, 0x0338, 0x0338, 0x0338, 0x0338, 0x0338, 0x0338, 0x0338, 0x0b38, 0x0338, 0x0b38, 0x0b58, 0x0b58, 0x0b58,
    0x0338, 0x0317, 0x1947, 0x1947, 0x2167, 0x0b38, 0x0b17, 0x0b38, 0x0338, 0x0338, 0x0b38, 0x0338, 0x0338, 0x0338, 0x0338, 0x0358,
    0x0358, 0x0339, 0x0338, 0x0359, 0x0358, 0x0358, 0x0338, 0x0338, 0x0338, 0x0338, 0x0358, 0x2187, 0x1967, 0x1947, 0x0317, 0x0338,
    0x0338, 0x0b38, 0x0338, 0x0338, 0x0358, 0x0338, 0x0338, 0x0338, 0x0338, 0x0358, 0x0b38, 0x0358, 0x0338, 0x0338, 0x0338, 0x0338,
    0x0338, 0x0338, 0x0338, 0x0948, 0x08e4, 0xe73a, 0xff79, 0xff79, 0xff79, 0xff79, 0xff79, 0xff79, 0xff79, 0xff79, 0xff79, 0xff58,
    0xff79, 0xff78, 0xff58, 0xff79, 0xff79, 0xff79, 0xff79, 0xff78, 0xff79, 0xff79, 0xff58, 0xf738, 0x1104, 0x08e4, 0x08e4, 0x08e3,
    0xf738, 0xff58, 0xff78, 0xff58, 0xff78, 0xff79, 0xff79, 0xff79, 0xff79, 0xff79, 0xff79, 0xff79, 0xff79, 0xff79, 0xff79, 0xf779,
    0x08e4, 0x08c3, 0x08c3, 0x08e4, 0x1104, 0xff79, 0xff78, 0xff78, 0xff79, 0xff78, 0xff79, 0xff79, 0xff79, 0xff59, 0xf759, 0xff79,
    0xff79, 0xff79, 0xff79, 0xff79, 0xff79, 0xff79, 0xff79, 0xff79, 0xff79, 0xff79, 0xff79, 0xff5a, 0x10c3, 0x08c3, 0x08c4, 0x08e4,
    0x0062, 0xf758, 0xff79, 0xff79, 0xff79, 0xff79, 0xff79, 0xff79, 0xff79, 0xff79, 0xff79, 0xff79, 0xff79, 0xff79, 0xff79, 0xff79,
    0xff79, 0xff79, 0xff79, 0xff79, 0xff79, 0xff79, 0x0021, 0x08e4, 0x08e4, 0x08e4, 0x08e4, 0xffbb, 0xff79, 0xff79, 0xff79, 0xff79,
    0xff79, 0xff79, 0xff79, 0xff79, 0x1924, 0x08c4, 0x0318, 0x0318, 0x0318, 0x0318, 0x0318, 0x0338, 0x0338, 0x0317, 0x00c5, 0x08c4,
    0x08c4, 0x08c4, 0xdeb7, 0xff78, 0xff78, 0xff79, 0xff79, 0xff79, 0xff79, 0xff79, 0xff79, 0x0083, 0x00c4, 0x0358, 0x0317, 0x0317,
    0x0317, 0x02f6, 0x0ad4, 0x08c4, 0x08c4, 0x08c4, 0x08e4, 0x08e4, 0x08e4, 0xef39, 0xff79, 0xff79, 0xff79, 0xff79, 0xff78, 0xff78,
    0xff58, 0xff78, 0xff79, 0xff79, 0xff79, 0xff79, 0xff79, 0xff78, 0xff79, 0x8c2f, 0x08e4, 0x00a3, 0x0083, 0x0906, 0x0b38, 0x0b38,
    0x0b38, 0x0b38, 0x0338, 0x0338, 0x0338, 0x0338, 0x0338, 0x0338, 0x0338, 0x0338, 0x0318, 0x0338, 0x0338, 0x0338, 0x0b38, 0x0b38,
    0x0338, 0x0317, 0x1947, 0x1947, 0x2167, 0x0318, 0x0338, 0x0338, 0x0338, 0x0338, 0x0338, 0x0b38, 0x0b58, 0x0338, 0x0338, 0x0358,
    0x0358, 0x0359, 0x0358, 0x0359, 0x0358, 0x0358, 0x0338, 0x0338, 0x0338, 0x0338, 0x0358, 0x2187, 0x1967, 0x1947, 0x0318, 0x0338,
    0x0338, 0x0338, 0x0338, 0x0338, 0x0338, 0x0338, 0x0338, 0x0338, 0x0338, 0x0338, 0x0338, 0x0338, 0x0338, 0x0338, 0x0338, 0x0338,
    0x0338, 0x0338, 0x0338, 0x0948, 0x08e4, 0xe73a, 0xff78, 0xff78, 0xff79, 0xff79, 0xff79, 0xff79, 0xff59, 0xff58, 0xff79, 0xff79,
    0xff79, 0xff79, 0xff79, 0xff79, 0xff79, 0xff79, 0xff79, 0xff79, 0xff79, 0xf758, 0x948f, 0x08e4, 0x0904, 0x08e4, 0x08e4, 0x08e3,
    0xf739, 0xff58, 0xff78, 0xff78, 0xff78, 0xff79, 0xff79, 0xff79, 0xff79, 0xff79, 0xff59, 0xff59, 0xf759, 0xf758, 0xf759, 0xef3a,
    0x1105, 0x08c3, 0x08e3, 0x08e4, 0x1104, 0xff79, 0xff78, 0xff78, 0xff58, 0xff79, 0xff79, 0xff79, 0xff79, 0x31e7, 0x08e4, 0xf758,
    0xff78, 0xff79, 0xff79, 0xff79, 0xff79, 0xff79, 0xff79, 0xff79, 0xff79, 0xff79, 0xff79, 0xff5a, 0x10c3, 0x08c3, 0x08c4, 0x08e4,
    0x0063, 0xf759, 0xff79, 0xff79, 0xff79, 0xff79, 0xff79, 0xff79, 0xff79, 0xff79, 0xff79, 0xff79, 0xff79, 0xff79, 0xff79, 0xff79,
    0xff79, 0xff79, 0xff79, 0xff79, 0xff79, 0xff58, 0x0041, 0x08e4, 0x08e4, 0x08e4, 0x08e4, 0xffbb, 0xff79, 0xff79, 0xff79, 0xff79,
    0xff79, 0xff79, 0xff79, 0xff79, 0x1904, 0x08c4, 0x0318, 0x0338, 0x0338, 0x0318, 0x0338, 0x0338, 0x0318, 0x0317, 0x00c5, 0x00c4,
    0x08c4, 0x08c4, 0xded8, 0xff78, 0xff78, 0xff79, 0xff79, 0xff79, 0xff79, 0xff79, 0xff79, 0x0083, 0x00c4, 0x0358, 0x0338, 0x0317,
    0x0317, 0x02f7, 0x02d5, 0x08c4, 0x08c4, 0x08e4, 0x08e4, 0x08e4, 0x08c3, 0x08c3, 0x08c3, 0xff79, 0xff78, 0xff58, 0xff58, 0xff58,
    0xff78, 0xff78, 0xff78, 0xff79, 0xff79, 0xff79, 0xff78, 0xff58, 0xf738, 0x842f, 0x08e4, 0x08c4, 0x00a3, 0x02f6, 0x0b38, 0x0b38,
    0x0b38, 0x0b58, 0x0358, 0x0338, 0x0338, 0x0338, 0x0338, 0x0338, 0x0338, 0x0318, 0x0338, 0x0338, 0x0338, 0x0338, 0x0338, 0x0338,
    0x0338, 0x0317, 0x1967, 0x1947, 0x2167, 0x0318, 0x0318, 0x0318, 0x0338, 0x0338, 0x0338, 0x0338, 0x0b58, 0x0358, 0x0358, 0x0358,
    0x0359, 0x0359, 0x0359, 0x0358, 0x0358, 0x0338, 0x0338, 0x0338, 0x0338, 0x0338, 0x0338, 0x1967, 0x1967, 0x1967, 0x0318, 0x0338,
    0x0338, 0x0338, 0x0338, 0x0338, 0x0338, 0x0338, 0x0338, 0x0338, 0x0338, 0x0338, 0x0338, 0x0338, 0x0338, 0x0338, 0x0338, 0x0338,
    0x0338, 0x0338, 0x0338, 0x0948, 0x08c4, 0xe719, 0xff78, 0xff78, 0xff78, 0xff78, 0xff59, 0xff79, 0xff79, 0xff79, 0xff79, 0xff79,
    0xff79, 0xff79, 0xff79, 0xff79, 0xff78, 0xff79, 0xff79, 0xff79, 0xff79, 0xff59, 0x8c4e, 0x08e4, 0x08e4, 0x08e4, 0x08e4, 0x08e4,
    0xf738, 0xff58, 0xff58, 0xff58, 0xff79, 0xff79, 0xff79, 0xff79, 0xffdb, 0x3a27, 0x1124, 0x00a3, 0x0062, 0x0083, 0x08a3, 0x08e4,
    0x08e4, 0x08e4, 0x08c3, 0x08e4, 0x0904, 0xff79, 0xff78, 0xff78, 0xff78, 0xff79, 0xff79, 0xff79, 0xff79, 0x31e7, 0x0904, 0xf739,
    0xff79, 0xff79, 0xff79, 0xff79, 0xff79, 0xff79, 0xff79, 0xff79, 0xff79, 0xff79, 0xff79, 0xff7a, 0x10c3, 0x08c4, 0x08e4, 0x08e4,
    0x0062, 0xf758, 0xff79, 0xff79, 0xff79, 0xff79, 0xff79, 0xff79, 0xff79, 0xff79, 0xff79, 0xff79, 0xff78, 0xff79, 0xff79, 0xff79,
    0xff79, 0xff79, 0xff79, 0xff79, 0xff79, 0xff79, 0x0042, 0x08e4, 0x08c4, 0x08e4, 0x08e4, 0xffbb, 0xff79, 0xff79, 0xff79, 0xff79,
    0xff79, 0xff79, 0xff79, 0xff79, 0x1124, 0x08c4, 0x0317, 0x0338, 0x0338, 0x0318, 0x0318, 0x0318, 0x0317, 0x0317, 0x00c5, 0x08c4,
    0x08c3, 0x08c4, 0xded8, 0xff79, 0xff78, 0xff79, 0xff79, 0xff79, 0xff79, 0xff79, 0xff79, 0x0083, 0x00c4, 0x0338, 0x0338, 0x0317,
    0x0317, 0x0317, 0x0317, 0x0337, 0x08c4, 0x08e5, 0x08e4, 0x08e4, 0x08c4, 0x08c3, 0x08c3, 0xf75a, 0xff59, 0xff78, 0xff79, 0xff78,
    0xff78, 0xff79, 0xff78, 0xff79, 0xff79, 0xff79, 0xff79, 0xe6f7, 0x08a3, 0x08c3, 0x08e4, 0x08e4, 0x08e5, 0x0317, 0x0b38, 0x0b38,
    0x0b38, 0x0b38, 0x0b38, 0x0338, 0x0338, 0x0338, 0x0338, 0x0338, 0x0338, 0x0318, 0x0318, 0x0338, 0x0338, 0x0338, 0x0338, 0x0338,
    0x0338, 0x0317, 0x1967, 0x2147, 0x1947, 0x0318, 0x0318, 0x0318, 0x0338, 0x0338, 0x0338, 0x0338, 0x0338, 0x0358, 0x0358, 0x0358,
    0x0358, 0x0359, 0x0359, 0x0358, 0x0358, 0x0338, 0x0338, 0x0338, 0x0338, 0x0338, 0x0318, 0x1967, 0x1967, 0x1947, 0x0318, 0x0338,
    0x0338, 0x0338, 0x0338, 0x0338, 0x0338, 0x0338, 0x0338, 0x0318, 0x0338, 0x0338, 0x0338, 0x0338, 0x0338, 0x0338, 0x0338, 0x0338,
    0x0338, 0x0338, 0x0338, 0x0927, 0x08c4, 0xe719, 0xff58, 0xff78, 0xff58, 0xff78, 0xff79, 0xff79, 0xff79, 0xff79, 0xff79, 0xff79,
    0xff79, 0xff79, 0xff79, 0xff79, 0xff79, 0xff78, 0xff58, 0xff79, 0xffdb, 0x0925, 0x0904, 0x08e4, 0x08e4, 0x08e4, 0x08e4, 0x08e4,
    0xf739, 0xff58, 0xff58, 0xff78, 0xff79, 0xff79, 0xff59, 0xff79, 0xffdb, 0x0904, 0x08c3, 0x08c3, 0x08c3, 0x08c3, 0x08c3, 0x08c3,
    0x08e4, 0x08e4, 0x08e4, 0x08e4, 0x08e4, 0xff79, 0xff78, 0xff78, 0xff79, 0xff79, 0xff79, 0xff79, 0xff79, 0x29c6, 0x0904, 0x9490,
    0x94b0, 0xff79, 0xff79, 0xff79, 0xff79, 0xff79, 0xff79, 0xff79, 0xff79, 0xff79, 0xff79, 0xff5a, 0x10c3, 0x08c4, 0x1104, 0xff9a,
    0xff79, 0xff78, 0xff79, 0xff79, 0xff79, 0xff79, 0xff79, 0xff79, 0xff79, 0xff79, 0xff79, 0xff79, 0xff79, 0xff79, 0xff79, 0xff79,
    0xff79, 0xff79, 0xff79, 0xff79, 0xff79, 0xff79, 0xff79, 0xf738, 0x08c4, 0x08e4, 0x08e4, 0xffbb, 0xff78, 0xff79, 0xff79, 0xff79,
    0xff79, 0xff79, 0xff79, 0xff79, 0x1925, 0x08c4, 0x0b17, 0x0b38, 0x0b38, 0x0317, 0x0317, 0x02f6, 0x0317, 0x0338, 0x00e6, 0x08c4,
    0x08c3, 0x08c3, 0xded8, 0xff79, 0xff78, 0xff79, 0xff79, 0xff79, 0xff79, 0xff79, 0xff79, 0x0083, 0x00c4, 0x0338, 0x0318, 0x0317,
    0x02f7, 0x0317, 0x0317, 0x0317, 0x08c5, 0x08e4, 0x08c4, 0x08c4, 0x08c4, 0x08e4, 0x08e4, 0x2165, 0x2145, 0xff59, 0xff58, 0xff58,
    0xff78, 0xff58, 0xff79, 0xff79, 0xff79, 0xff79, 0xff79, 0xe718, 0x08a3, 0x08a3, 0x08c4, 0x0ad4, 0x0359, 0x0338, 0x0317, 0x0b38,
    0x0b38, 0x0338, 0x0338, 0x0338, 0x0338, 0x0338, 0x0338, 0x0318, 0x0318, 0x0318, 0x0318, 0x0338, 0x0338, 0x0338, 0x0338, 0x0338,
    0x0338, 0x0317, 0x1967, 0x1967, 0x1947, 0x0318, 0x0338, 0x0318, 0x0318, 0x0338, 0x0338, 0x0338, 0x0338, 0x0338, 0x0358, 0x0358,
    0x0358, 0x0358, 0x0358, 0x0358, 0x0338, 0x0338, 0x0338, 0x0338, 0x0338, 0x0318, 0x0318, 0x1967, 0x1947, 0x1968, 0x0338, 0x0338,
    0x0338, 0x0338, 0x0338, 0x0338, 0x0338, 0x0338, 0x0338, 0x0338, 0x0338, 0x0317, 0x2c1a, 0x2c1a, 0x2c1a, 0x23fa, 0x0338, 0x0338,
    0x0338, 0x0338, 0x0338, 0x0127, 0x08c4, 0xe73a, 0xff78, 0xff78, 0xff78, 0xff78, 0xff79, 0xff59, 0xff79, 0xff79, 0xff79, 0xff79,
    0xff79, 0xff79, 0xff79, 0xff79, 0xff79, 0xff78, 0xffba, 0x29c6, 0x21a6, 0x0905, 0x08e4, 0x08e4, 0x08c4, 0x08e4, 0x08e4, 0x08e4,
    0xf739, 0xff58, 0xff78, 0xff79, 0xff79, 0xff79, 0xff79, 0xff79, 0xffdb, 0x0904, 0x08c3, 0x08c3, 0x08c3, 0x08e4, 0x08c3, 0x08c3,
    0x08c4, 0x08e4, 0x08e4, 0x08e4, 0x0904, 0xff79, 0xff58, 0xff78, 0xff58, 0xff79, 0xff79, 0xff79, 0xff79, 0x29a6, 0x08c3, 0x08e4,
    0x0082, 0xff59, 0xff79, 0xff78, 0xff79, 0xff79, 0xff79, 0xff79, 0xff79, 0xff79, 0xff79, 0xff5a, 0x10c3, 0x08c4, 0x1104, 0xff99,
    0xff79, 0xff78, 0xff79, 0xff79, 0xff79, 0xff79, 0xff79, 0xff79, 0xff99, 0xff79, 0xff79, 0xff79, 0xff79, 0xff79, 0xff79, 0xff79,
    0xff79, 0xff79, 0xff78, 0xff79, 0xff79, 0xff79, 0xff58, 0xff58, 0x00c3, 0x08e4, 0x08e4, 0xffbb, 0xff78, 0xff79, 0xff79, 0xff79,
    0xff79, 0xff79, 0xff79, 0xff79, 0x1925, 0x08c4, 0x08c4, 0x08c4, 0x08c4, 0x08e4, 0x00e5, 0x00c4, 0x00e5, 0x02f5, 0x00e6, 0x08c4,
    0x08c3, 0x08c3, 0xdeb7, 0xff78, 0xff79, 0xff79, 0xff79, 0xff79, 0xff79, 0xff79, 0xff79, 0x0083, 0x00c4, 0x0338, 0x0318, 0x0317,
    0x0317, 0x0317, 0x0318, 0x0318, 0x0338, 0x0338, 0x08c4, 0x08c4, 0x08e4, 0x08e4, 0x08e4, 0x08e4, 0x00a3, 0xff79, 0xff78, 0xff58,
    0xff79, 0xff58, 0xff78, 0xff79, 0xff79, 0xff9a, 0x52ea, 0x6b6c, 0x08c3, 0x08c3, 0x00a4, 0x02b3, 0x0338, 0x0318, 0x0317, 0x0b17,
    0x0b18, 0x0338, 0x0338, 0x0338, 0x1378, 0x23b9, 0x1378, 0x0338, 0x0318, 0x0318, 0x0338, 0x0338, 0x0338, 0x0318, 0x0338, 0x0318,
    0x0338, 0x0317, 0x2167, 0x2147, 0x1947, 0x0318, 0x0318, 0x0318, 0x0338, 0x0318, 0x0338, 0x0338, 0x0338, 0x0338, 0x0358, 0x0358,
    0x0338, 0x0359, 0x0338, 0x0358, 0x0338, 0x0338, 0x0338, 0x0338, 0x0338, 0x0338, 0x0338, 0x1967, 0x1967, 0x1967, 0x0318, 0x0318,
    0x0318, 0x0338, 0x0338, 0x0338, 0x0338, 0x0338, 0x0338, 0x0338, 0x1bd9, 0x2bfa, 0x2c3a, 0x2c3a, 0x2c1a, 0x2c1a, 0x23fa, 0x1399,
    0x0338, 0x0338, 0x0338, 0x0107, 0x08c4, 0xe73a, 0xff79, 0xff78, 0xff79, 0xff58, 0xff79, 0xff79, 0xff79, 0xff79, 0xff79, 0xff79,
    0xff79, 0xff79, 0xf759, 0xf759, 0xff79, 0xff59, 0xff99, 0x08c3, 0x08e4, 0x08e4, 0x08e4, 0x08e4, 0x08c4, 0x08e4, 0x08e4, 0x08e4,
    0xf739, 0xff58, 0xff78, 0xff79, 0xff79, 0xff79, 0xff79, 0xff79, 0xffdb, 0x0904, 0x08e4, 0x08c3, 0x08e4, 0x08e4, 0x08c3, 0x08a3,
    0x08c3, 0x08e4, 0x08e4, 0x08e4, 0x08e4, 0xff79, 0xff78, 0xff78, 0xff78, 0xff79, 0xff79, 0xff79, 0xff79, 0x29a6, 0x08c3, 0x08c3,
    0x0082, 0xff59, 0xff79, 0xff79, 0xff79, 0xff79, 0xff79, 0xff79, 0xff79, 0xff79, 0xff79, 0xf75a, 0x10c3, 0x08e4, 0x1125, 0xff9a,
    0xff79, 0xff78, 0xff78, 0xff79, 0xff79, 0xff79, 0xff79, 0xff79, 0x8c6f, 0x8c6f, 0x842e, 0x842e, 0x844e, 0x8c4e, 0x8c6f, 0x9cd0,
    0xff79, 0xff79, 0xff79, 0xff78, 0xff79, 0xff79, 0xff79, 0xff79, 0x08c4, 0x08e4, 0x08c4, 0xffbb, 0xff79, 0xff78, 0xff79, 0xff79,
    0xff79, 0xff79, 0xff79, 0xff79, 0x1904, 0x0082, 0x08c3, 0x08e4, 0x08e4, 0x08e4, 0x1104, 0x08e4, 0x08c4, 0x09aa, 0x08e5, 0x08c4,
    0x08c4, 0x08c4, 0xdeb7, 0xff79, 0xff79, 0xff79, 0xff79, 0xff79, 0xff79, 0xff79, 0xff79, 0x0083, 0x00c4, 0x0338, 0x0318, 0x0318,
    0x0318, 0x0318, 0x0318, 0x0318, 0x0338, 0x0317, 0x08c4, 0x08c4, 0x08c4, 0x08e4, 0x08e4, 0x08e4, 0x00a3, 0xff59, 0xff58, 0xff78,
    0xff78, 0xff79, 0xff79, 0xff79, 0xff79, 0xf759, 0x0904, 0x0904, 0x08e4, 0x08e4, 0x09ee, 0x0ad5, 0x0338, 0x0338, 0x0318, 0x0317,
    0x0318, 0x0338, 0x0338, 0x2c1a, 0x2c1a, 0x2c1a, 0x2c1a, 0x1379, 0x0338, 0x0318, 0x0338, 0x0338, 0x0338, 0x0338, 0x0338, 0x0338,
    0x0318, 0x0317, 0x1967, 0x1947, 0x1947, 0x02f8, 0x0318, 0x0338, 0x0338, 0x0338, 0x0338, 0x0338, 0x0338, 0x0338, 0x0338, 0x0358,
    0x0b38, 0x0b59, 0x0359, 0x0338, 0x0338, 0x0358, 0x0338, 0x0358, 0x0338, 0x0338, 0x0338, 0x2167, 0x2167, 0x1968, 0x0318, 0x0318,
    0x0338, 0x0338, 0x0338, 0x0338, 0x0338, 0x0338, 0x0318, 0x0b38, 0x2c1a, 0x343a, 0x2c3a, 0x2c3a, 0x2c3a, 0x2c3a, 0x2c3a, 0x1bb9,
    0x0338, 0x0338, 0x0338, 0x0127, 0x08c4, 0xe73a, 0xff79, 0xff79, 0xff58, 0xff79, 0xff79, 0xff79, 0xff79, 0xff79, 0xff58, 0xff99,
    0xffda, 0xff9a, 0xa552, 0x636c, 0x31e7, 0x08e3, 0x00a3, 0x08e4, 0x08c4, 0x08c4, 0x08c4, 0x08e4, 0x08e4, 0x08e4, 0x08e4, 0x08e3,
    0xef39, 0xff79, 0xff78, 0xff78, 0xff79, 0xff79, 0xff79, 0xff79, 0xffdb, 0x1124, 0x1104, 0x08c3, 0x0062, 0x0062, 0x1104, 0x4248,
    0x7bcd, 0x6b6d, 0x08e4, 0x08e4, 0x08e4, 0xff79, 0xff78, 0xff78, 0xff58, 0xff58, 0xff79, 0xff79, 0xff79, 0x31a6, 0x08c3, 0x08c3,
    0x0062, 0xff99, 0xff79, 0xff79, 0xff79, 0xff79, 0xff79, 0xff79, 0xff79, 0xff79, 0xff79, 0xf75a, 0x10e4, 0x08e4, 0x1125, 0xff9a,
    0xff58, 0xff78, 0xff79, 0xff58, 0xff79, 0xff79, 0xff79, 0xff7a, 0x08c3, 0x08c3, 0x08e4, 0x10e4, 0x08e4, 0x08c3, 0x08c3, 0x3207,
    0xff79, 0xff79, 0xff79, 0xff79, 0xff79, 0xff79, 0xff79, 0xff79, 0x08c4, 0x08e4, 0x08c3, 0xf7bb, 0xff78, 0xff78, 0xff79, 0xff79,
    0xff79, 0xff79, 0xff79, 0xff79, 0xff59, 0xf75a, 0xff79, 0xff79, 0xff79, 0xff79, 0xff9a, 0xffdb, 0xff9a, 0x0083, 0x08c4, 0x08e4,
    0x08e4, 0x08c3, 0xdeb7, 0xff79, 0xff79, 0xff79, 0xff79, 0xff79, 0xff79, 0xff79, 0xff79, 0x00a3, 0x00c4, 0x0318, 0x0318, 0x0318,
    0x0318, 0x0318, 0x0318, 0x0318, 0x0318, 0x0337, 0x08c4, 0x08c4, 0x08c4, 0x08e4, 0x08c4, 0x08e4, 0x00a3, 0xff79, 0xff58, 0xff58,
    0xff59, 0xff78, 0xff79, 0xff79, 0xff79, 0xf779, 0x08c4, 0x08e4, 0x08e4, 0x0107, 0x0317, 0x0317, 0x0338, 0x0b38, 0x0b38, 0x0338,
    0x0318, 0x0338, 0x0b58, 0x2c1a, 0x2c1a, 0x2c1a, 0x2c1a, 0x1bb9, 0x0b38, 0x0318, 0x0338, 0x0318, 0x0338, 0x0338, 0x0338, 0x0338,
    0x0318, 0x0317, 0x1967, 0x2147, 0x1947, 0x02f8, 0x0318, 0x0318, 0x0338, 0x0338, 0x0318, 0x0338, 0x0338, 0x0338, 0x0338, 0x0338,
    0x0b58, 0x0359, 0x0358, 0x0358, 0x0338, 0x0338, 0x0338, 0x0338, 0x0338, 0x0338, 0x0338, 0x2188, 0x1967, 0x1968, 0x0318, 0x0338,
    0x0338, 0x0338, 0x0338, 0x0338, 0x0338, 0x0338, 0x0338, 0x2c3a, 0x2c3a, 0x2c3a, 0x343a, 0x2c3a, 0x2c3a, 0x343a, 0x343a, 0x343a,
    0x343a, 0x0338, 0x0338, 0x0107, 0x00c4, 0xe73a, 0xff79, 0xff78, 0xff79, 0xff58, 0xff78, 0xff78, 0xff79, 0xff59, 0x08a2, 0x08e4,
    0x08e4, 0x08e4, 0x08e4, 0x08e4, 0x08c3, 0x08c3, 0x08e4, 0x08c4, 0x08c3, 0x08c4, 0x08c4, 0x08e4, 0x0904, 0x08e4, 0x08e4, 0x00c3,
    0xf718, 0xff78, 0xff78, 0xff79, 0xff79, 0xff79, 0xff79, 0xff79, 0xff79, 0xf759, 0xf759, 0xff59, 0xff58, 0xff78, 0xff78, 0xff78,
    0xff58, 0x948f, 0x08e4, 0x08e4, 0x08e4, 0xff79, 0xff78, 0xff78, 0xff79, 0xff78, 0xff79, 0xff79, 0xff79, 0x31c7, 0x08c3, 0x08c3,
    0x08a3, 0x08c3, 0x8c6e, 0xff79, 0xff79, 0xff79, 0xff79, 0xff79, 0xff79, 0xff79, 0xff79, 0xff7a, 0x10c4, 0x08e4, 0x1125, 0xff99,
    0xff58, 0xff78, 0xff79, 0xff59, 0xff79, 0xff79, 0xff59, 0xff59, 0x08a3, 0x08c3, 0x08e4, 0x08e4, 0x08e3, 0x08c3, 0x08e4, 0x3a28,
    0xff78, 0xff78, 0xff79, 0xff79, 0xff79, 0xff79, 0xff79, 0xff79, 0x00a3, 0x08e4, 0x08c4, 0xffbb, 0xff78, 0xff79, 0xff79, 0xff79,
    0xff79, 0xff78, 0xff79, 0xff79, 0xff79, 0xff79, 0xff79, 0xff78, 0xff79, 0xff79, 0xff79, 0xff79, 0xf75a, 0x0083, 0x08c3, 0x08c4,
    0x08e4, 0x08c3, 0xdeb8, 0xff79, 0xff78, 0xff79, 0xff79, 0xff79, 0xff79, 0xff79, 0xff79, 0x00a3, 0x00c4, 0x0338, 0x0318, 0x0318,
    0x0317, 0x0318, 0x0318, 0x0318, 0x0338, 0x0338, 0x0338, 0x01cc, 0x08c4, 0x08c4, 0x08c4, 0x08e4, 0x00a3, 0xff59, 0xff58, 0xff58,
    0xff78, 0xff78, 0xff58, 0xff79, 0xff79, 0xff7a, 0x08c3, 0x08e4, 0x0905, 0x0af5, 0x0b38, 0x0338, 0x0318, 0x0b38, 0x0338, 0x0338,
    0x0338, 0x1bba, 0x2c3a, 0x2c1a, 0x2c1a, 0x2c1a, 0x2c3a, 0x2c3a, 0x2c3a, 0x0338, 0x0338, 0x0338, 0x0318, 0x0318, 0x0318, 0x0318,
    0x0318, 0x0317, 0x1947, 0x1947, 0x1947, 0x0318, 0x0318, 0x0318, 0x0337, 0x0318, 0x0338, 0x0338, 0x0338, 0x0338, 0x0338, 0x0338,
    0x0b58, 0x0358, 0x0b59, 0x0b58, 0x0b38, 0x0338, 0x0338, 0x0338, 0x0338, 0x0338, 0x0338, 0x2188, 0x2168, 0x1968, 0x0338, 0x0338,
    0x0338, 0x0338, 0x0338, 0x0338, 0x2c1a, 0x2c3a, 0x2c1a, 0x2c3a, 0x2c3a, 0x2c3a, 0x2c3a, 0x2c3a, 0x2c3a, 0x343a, 0x343a, 0x2c3a,
    0x2c3a, 0x2c3a, 0x2c3a, 0x0927, 0x00c4, 0xe73a, 0xff79, 0xff79, 0xff58, 0xff79, 0xff79, 0xff79, 0xff79, 0xff59, 0x00a3, 0x08e4,
    0x08e4, 0x08c4, 0x08c4, 0x08e4, 0x08e4, 0x08c4, 0x08c4, 0x08c4, 0x08c3, 0x08c4, 0x08e4, 0x08e4, 0x0905, 0x098a, 0x00c4, 0x08c3,
    0xf718, 0xff79, 0xff79, 0xff78, 0xff79, 0xff79, 0xff79, 0xff79, 0xff79, 0xff78, 0xff78, 0xff78, 0xff78, 0xff79, 0xff79, 0xff79,
    0xff79, 0x9490, 0x08e4, 0x08e4, 0x08e4, 0xff79, 0xff78, 0xff79, 0xff79, 0xff79, 0xff79, 0xff79, 0xff79, 0x31c7, 0x08e3, 0x08c3,
    0x08c3, 0x08a3, 0x842e, 0xff79, 0xff79, 0xff79, 0xff79, 0xff79, 0xff79, 0xff79, 0xff79, 0xff7a, 0x10e4, 0x08e4, 0x0925, 0xff99,
    0xff58, 0xff58, 0xff79, 0xff79, 0xff79, 0xff79, 0xff58, 0xff58, 0x08a3, 0x08e4, 0x08e4, 0x08e4, 0x08c3, 0x08c3, 0x08e4, 0x3207,
    0xff58, 0xff78, 0xff79, 0xff79, 0xff79, 0xff79, 0xff79, 0xff79, 0x00a3, 0x08c4, 0x08c4, 0xffbb, 0xff78, 0xff79, 0xff79, 0xff79,
    0xff79, 0xff78, 0xff79, 0xff79, 0xff79, 0xff79, 0xff79, 0xff79, 0xff79, 0xff79, 0xff79, 0xff79, 0xf75a, 0x00a3, 0x08c3, 0x08c4,
    0x08e4, 0x08e4, 0xded8, 0xff79, 0xff78, 0xff79, 0xff79, 0xff79, 0xff79, 0xff79, 0xff79, 0x0083, 0x00c4, 0x0338, 0x0318, 0x0318,
    0x0318, 0x0318, 0x0318, 0x0318, 0x0318, 0x0338, 0x0317, 0x01cd, 0x08c4, 0x08c4, 0x08c4, 0x08c4, 0x00a3, 0xff59, 0xff58, 0xff79,
    0xff79, 0xff79, 0xff79, 0xff79, 0xff79, 0xff9a, 0x08c4, 0x00a3, 0x0359, 0x0359, 0x0b58, 0x0b38, 0x0338, 0x0338, 0x0338, 0x2c1a,
    0x2c1b, 0x2c1a, 0x2c3a, 0x2c3a, 0x2c3a, 0x2c3a, 0x2c3a, 0x2c3a, 0x2c3a, 0x2c3a, 0x2c1a, 0x0338, 0x0318, 0x0317, 0x0318, 0x0318,
    0x0317, 0x0317, 0x1947, 0x1947, 0x1947, 0x0318, 0x0318, 0x0318, 0x0318, 0x0338, 0x0338, 0x0338, 0x0338, 0x0338, 0x0338, 0x0338,
    0x0b58, 0x0b58, 0x0b38, 0x0b58, 0x0b38, 0x0338, 0x0338, 0x0b38, 0x0b38, 0x0338, 0x0338, 0x2188, 0x2168, 0x1968, 0x0318, 0x0338,
    0x0338, 0x0338, 0x0318, 0x2c1a, 0x2c1a, 0x2c1a, 0x2c1a, 0x2c3a, 0x2c3a, 0x2c3a, 0x2c3a, 0x343a, 0x2c3a, 0x343a, 0x2c3a, 0x2c3a,
    0x2c3a, 0x2c3a, 0x2c3a, 0x0927, 0x00c3, 0xe73a, 0xff79, 0xff79, 0xff79, 0xff58, 0xff79, 0xff79, 0xff78, 0xff58, 0x00a3, 0x08e4,
    0x08c4, 0x08c4, 0x08c3, 0x08e4, 0x08e4, 0x08e4, 0x08e4, 0x08c3, 0x08c3, 0x08e4, 0x08e4, 0x0925, 0x02b4, 0x0317, 0x00c4, 0x00c4,
    0xf718, 0xff78, 0xff78, 0xff58, 0xff78, 0xff79, 0xff79, 0xff78, 0xff79, 0xff79, 0xff79, 0xff79, 0xff79, 0xff79, 0xff79, 0xff79,
    0xff79, 0x9c90, 0x08e4, 0x08e4, 0x0904, 0xff79, 0xff78, 0xff79, 0xff79, 0xff79, 0xff79, 0xff79, 0xff79, 0x31e7, 0x08c3, 0x08c3,
    0x08c4, 0x08c3, 0x840f, 0xf759, 0xff79, 0xff58, 0xff78, 0xff79, 0xff79, 0xff79, 0xff79, 0xff7a, 0x10e4, 0x08e4, 0x08e4, 0xff99,
    0xff79, 0xff79, 0xff79, 0xff79, 0xff79, 0xff79, 0xff58, 0xff59, 0x08e4, 0x08e4, 0x08c4, 0x08c3, 0x08c4, 0x08e4, 0x08c4, 0x29a5,
    0xff58, 0xff78, 0xff78, 0xff79, 0xff79, 0xff79, 0xff79, 0xff79, 0x08a3, 0x08e4, 0x08c4, 0xffbb, 0xff79, 0xff79, 0xff79, 0xff78,
    0xff79, 0xff79, 0xff79, 0xff79, 0xff79, 0xff79, 0xff79, 0xff79, 0xff79, 0xff79, 0xff79, 0xff79, 0xf759, 0x08e4, 0x08e4, 0x08e4,
    0x08c3, 0x08c3, 0xdeb7, 0xff79, 0xff79, 0xff79, 0xff79, 0xff79, 0xff79, 0xff79, 0xff79, 0x0083, 0x00c4, 0x0338, 0x0318, 0x0318,
    0x0318, 0x0318, 0x0318, 0x0318, 0x0318, 0x0317, 0x0317, 0x01ed, 0x08c4, 0x08c4, 0x08c4, 0x08c4, 0x00a3, 0xff59, 0xff58, 0xff58,
    0xff78, 0xff58, 0xff79, 0xff79, 0xff79, 0xff9a, 0x08e4, 0x00c4, 0x0317, 0x0338, 0x0358, 0x0b58, 0x0b38, 0x1b99, 0x2c1a, 0x2c1a,
    0x2c1a, 0x2c1a, 0x2c3a, 0x2c3a, 0x2c3a, 0x2c3a, 0x2c3a, 0x2c3a, 0x2c3a, 0x2c1a, 0x2c1a, 0x2c1a, 0x23d9, 0x0318, 0x0318, 0x0318,
    0x0317, 0x0317, 0x1967, 0x1947, 0x1947, 0x0318, 0x0318, 0x0318, 0x0317, 0x0338, 0x0338, 0x0338, 0x0338, 0x0338, 0x0338, 0x0338,
    0x0b58, 0x0b58, 0x0b38, 0x0b38, 0x0b38, 0x0338, 0x0b38, 0x0338, 0x0b38, 0x0338, 0x0338, 0x2188, 0x2188, 0x1968, 0x0318, 0x0338,
    0x0338, 0x2c3a, 0x2c3b, 0x2c1a, 0x2c1a, 0x2c1a, 0x2c1a, 0x2c3a, 0x2c3a, 0x2c3a, 0x2c3a, 0x2c3a, 0x2c3a, 0x2c3a, 0x2c3a, 0x2c3a,
    0x2c3a, 0x2c3a, 0x2c1a, 0x0927, 0x08c4, 0xe73a, 0xff79, 0xff79, 0xff79, 0xff58, 0xff59, 0xff79, 0xff78, 0xff58, 0x00a3, 0x08e4,
    0x08c4, 0x08c4, 0x08c3, 0x08c4, 0x08c4, 0x08c4, 0x08e4, 0x08e4, 0x08c4, 0x08e4, 0x0968, 0x0339, 0x0338, 0x02f7, 0x00c4, 0x08e4,
    0xf739, 0xff79, 0xff78, 0xff79, 0xff79, 0xff78, 0xff79, 0xff79, 0xff79, 0xff79, 0xff78, 0xff79, 0xff79, 0xff79, 0xff79, 0xff79,
    0xff79, 0x9cb0, 0x08c3, 0x08e4, 0x0905, 0xff99, 0xff78, 0xff79, 0xff79, 0xff79, 0xff79, 0xff79, 0xff79, 0x31e7, 0x08c3, 0x08c3,
    0x08c4, 0x08e4, 0x08e4, 0x08e3, 0xffba, 0xff78, 0xff78, 0xff79, 0xff79, 0xff79, 0xff79, 0xff7a, 0x10c3, 0x08a3, 0x08e4, 0xffb9,
    0xff79, 0xff79, 0xff79, 0xff79, 0xff79, 0xff79, 0xff79, 0xff7a, 0x0905, 0x08e4, 0x08c3, 0x08c3, 0x08c4, 0x08e4, 0x08a3, 0x2985,
    0xff79, 0xff78, 0xff78, 0xff58, 0xff78, 0xff79, 0xff79, 0xff79, 0x08a3, 0x08e4, 0x08c3, 0xffbb, 0xff79, 0xff79, 0xff79, 0xff79,
    0xff79, 0xff79, 0xff79, 0xff79, 0xff79, 0xff79, 0xff79, 0xff79, 0xff79, 0xff79, 0xff79, 0xff79, 0xf758, 0x08c4, 0x08e4, 0x08c4,
    0x08c3, 0x08c3, 0xdeb7, 0xff79, 0xff78, 0xff79, 0xff79, 0xff79, 0xff79, 0xff79, 0xff79, 0x0083, 0x00e4, 0x0318, 0x0318, 0x0318,
    0x0318, 0x0318, 0x0317, 0x0318, 0x0318, 0x0318, 0x0317, 0x01ed, 0x08c4, 0x08c4, 0x08c4, 0x08c4, 0x00a3, 0xff59, 0xff78, 0xff58,
    0xff79, 0xff78, 0xff79, 0xff79, 0xff79, 0xff9a, 0x08e4, 0x00c4, 0x0337, 0x0338, 0x0358, 0x1bb9, 0x2c3b, 0x2c1a, 0x2c1a, 0x2c1a,
    0x2c1a, 0x2c1a, 0x2c1a, 0x2c3a, 0x2c3a, 0x2c3a, 0x2c1a, 0x2c1a, 0x2c1a, 0x2c1a, 0x2c1a, 0x2c1a, 0x2c1a, 0x2c1a, 0x0318, 0x0318,
    0x0317, 0x0317, 0x1947, 0x1947, 0x1947, 0x0318, 0x0318, 0x0318, 0x0318, 0x0338, 0x0338, 0x0338, 0x0b38, 0x0b38, 0x0338, 0x0338,
    0x0b59, 0x0b58, 0x0b38, 0x0b38, 0x0b38, 0x0b38, 0x0b38, 0x0b38, 0x0b38, 0x0338, 0x0338, 0x2167, 0x2167, 0x1968, 0x0318, 0x0338,
    0x0338, 0x0b58, 0x0b58, 0x0b59, 0x0b59, 0x0b58, 0x0b58, 0x0b79, 0x0b79, 0x0b59, 0x0b79, 0x0b58, 0x0b59, 0x0b58, 0x0b78, 0x0b58,
    0x0b58, 0x0358, 0x0338, 0x0927, 0x08c4, 0xe73a, 0xff79, 0xff79, 0xff79, 0xff79, 0xff59, 0xff58, 0xff59, 0xff58, 0x08a3, 0x08e4,
    0x08e4, 0x08e4, 0x08c4, 0x08e4, 0x00c4, 0x00a2, 0x00e4, 0x018a, 0x0250, 0x02d6, 0x0317, 0x0338, 0x0318, 0x0317, 0x00c4, 0x00c4,
    0xf719, 0xff79, 0xff78, 0xff79, 0xff79, 0xff79, 0xff79, 0xff79, 0xff78, 0xff79, 0xff79, 0xff79, 0xff78, 0xff79, 0xff79, 0xff79,
    0xff79, 0x9cb0, 0x08c3, 0x08c3, 0x0904, 0xff9a, 0xff79, 0xff78, 0xff78, 0xff79, 0xff79, 0xff79, 0xff79, 0x3a07, 0x08c3, 0x08c3,
    0x08e4, 0x08e4, 0x08e4, 0x08c3, 0xff9a, 0xff58, 0xff78, 0xff78, 0xff79, 0xff79, 0xff79, 0xff59, 0x1082, 0x0883, 0x08e4, 0xffba,
    0xff79, 0xff79, 0xff78, 0xff79, 0xff79, 0xff79, 0xff79, 0xf77a, 0x0904, 0x08e4, 0x00a3, 0x00a3, 0x08c4, 0x08e4, 0x08c3, 0x2985,
    0xff79, 0xff79, 0xff78, 0xff78, 0xff58, 0xff58, 0xff79, 0xff79, 0x08a3, 0x08e4, 0x08c3, 0xffbb, 0xff79, 0xff79, 0xff79, 0xff79,
    0xff79, 0xff79, 0xff79, 0xff79, 0xff79, 0xff79, 0xff79, 0xff79, 0xff79, 0xff79, 0xff79, 0xff79, 0xf758, 0x08c3, 0x08e4, 0x08c4,
    0x08c3, 0x08c3, 0xded8, 0xff79, 0xff79, 0xff79, 0xff79, 0xff79, 0xff79, 0xff79, 0xff79, 0x00a4, 0x00e5, 0x0318, 0x0318, 0x0318,
    0x0318, 0x0317, 0x0317, 0x0318, 0x0317, 0x0318, 0x0317, 0x01ed, 0x08c4, 0x08c4, 0x08c4, 0x08c4, 0x00a3, 0xff59, 0xff58, 0xff58,
    0xff79, 0xff59, 0xff79, 0xff79, 0xff79, 0xff9a, 0x08e4, 0x08c4, 0x0338, 0x0338, 0x0338, 0x0b58, 0x0b58, 0x0b58, 0x0b58, 0x0b58,
    0x0b58, 0x0b58, 0x0b58, 0x0b58, 0x0b58, 0x0b58, 0x0b58, 0x0b58, 0x0b58, 0x0b58, 0x0b58, 0x0b58, 0x0b58, 0x0b38, 0x0338, 0x0318,
    0x0317, 0x0317, 0x1947, 0x1947, 0x1947, 0x0318, 0x0338, 0x0317, 0x0317, 0x0337, 0x0b38, 0x0b38, 0x0b38, 0x0b58, 0x0b38, 0x0338,
    0x0b78, 0x0b58, 0x0b58, 0x0b58, 0x0b38, 0x0b58, 0x0b58, 0x0b58, 0x0b38, 0x0b38, 0x0338, 0x2167, 0x2167, 0x1968, 0x0318, 0x0338,
    0x0338, 0x0338, 0x0338, 0x0338, 0x0338, 0x0338, 0x0338, 0x0338, 0x0338, 0x0338, 0x0358, 0x0338, 0x0338, 0x0338, 0x0338, 0x0358,
    0x0338, 0x0338, 0x0338, 0x0127, 0x08c4, 0xe73a, 0xff79, 0xff78, 0xff79, 0xff58, 0xff78, 0xff79, 0xff79, 0xff58, 0x00a3, 0x08e4,
    0x08e4, 0x08e4, 0x00c4, 0x02f5, 0x02f8, 0x02f8, 0x02f8, 0x0318, 0x0318, 0x0317, 0x0317, 0x0318, 0x0318, 0x0318, 0x00c4, 0x00c4,
    0xf718, 0xff79, 0xff78, 0xff79, 0xff78, 0xff79, 0xff79, 0xff78, 0xff79, 0xff79, 0xff79, 0xff79, 0xff79, 0xff79, 0xff79, 0xff79,
    0xff79, 0x9cb0, 0x08c4, 0x08c3, 0x08c4, 0xf759, 0xf758, 0xff79, 0xffba, 0xffdb, 0xfffc, 0xfffb, 0xe6d7, 0x3208, 0x08c3, 0x08c4,
    0x08c4, 0x08e4, 0x08c4, 0x08a3, 0x6b4c, 0x52ca, 0x4269, 0x3a07, 0x31e7, 0x2186, 0x1945, 0x08e4, 0x08a3, 0x08c3, 0x0905, 0x1104,
    0x1104, 0x10e3, 0x10e3, 0x10e4, 0x10e4, 0x10e4, 0x1104, 0x08c3, 0x08c4, 0x0904, 0x08e4, 0x0251, 0x0083, 0x00c3, 0x08c4, 0x08c4,
    0x10c3, 0x1104, 0x2166, 0x29c6, 0x3a07, 0x4a68, 0x5ae9, 0x6b4b, 0x08c4, 0x08e4, 0x08e4, 0xffbb, 0xff79, 0xff79, 0xff79, 0xff79,
    0xff79, 0xff79, 0xff79, 0xff79, 0xff79, 0xff79, 0xff79, 0xff79, 0xff79, 0xff79, 0xff79, 0xff79, 0xf759, 0x00a3, 0x08c4, 0x08c4,
    0x08c3, 0x08c4, 0xded8, 0xff79, 0xff78, 0xff78, 0xff79, 0xff79, 0xff79, 0xff79, 0xff79, 0x0083, 0x00e5, 0x0338, 0x0318, 0x0318,
    0x0318, 0x0317, 0x0317, 0x0317, 0x0317, 0x0317, 0x02f7, 0x01ed, 0x08c4, 0x08c4, 0x08c4, 0x08c4, 0x00a3, 0xff59, 0xff79, 0xff79,
    0xff79, 0xff78, 0xff79, 0xff79, 0xff79, 0xff7a, 0x08e4, 0x08c4, 0x0338, 0x0318, 0x0338, 0x0338, 0x0338, 0x0338, 0x0338, 0x0338,
    0x0338, 0x0338, 0x0338, 0x0338, 0x0338, 0x0338, 0x0338, 0x0338, 0x0338, 0x0338, 0x0338, 0x0338, 0x0338, 0x0338, 0x0338, 0x0318,
    0x0338, 0x0317, 0x1947, 0x1947, 0x1947, 0x0318, 0x0318, 0x0318, 0x0317, 0x0b37, 0x0b38, 0x0b58, 0x0b58, 0x0b58, 0x0b58, 0x0b58,
    0x0b58, 0x0b58, 0x7473, 0x7452, 0x0b58, 0x0b38, 0x0b58, 0x0b58, 0x0b58, 0x0b38, 0x0338, 0x2187, 0x2167, 0x1968, 0x0318, 0x0338,
    0x0338, 0x0338, 0x0338, 0x0338, 0x0338, 0x0338, 0x0338, 0x0338, 0x0338, 0x0338, 0x0338, 0x0338, 0x0338, 0x0358, 0x0358, 0x0358,
    0x0358, 0x0338, 0x0338, 0x0128, 0x00c4, 0xe71a, 0xff79, 0xff79, 0xff79, 0xff78, 0xff79, 0xff79, 0xff79, 0xff58, 0x00a2, 0x08c4,
    0x08e4, 0x08e4, 0x00c4, 0x02d4, 0x0318, 0x0318, 0x0317, 0x0317, 0x0318, 0x0317, 0x0317, 0x0318, 0x0318, 0x02f7, 0x00c4, 0x00e4,
    0xef39, 0xff79, 0xff78, 0xff78, 0xff78, 0xff78, 0xff78, 0xff59, 0xff79, 0xff79, 0xff79, 0xff79, 0xff79, 0xff79, 0xff59, 0xf738,
    0xeef7, 0x946f, 0x08c4, 0x08e4, 0x08e4, 0x00a3, 0x08c3, 0x08c3, 0x08c4, 0x08e4, 0x08e4, 0x08e4, 0x08e4, 0x08e4, 0x08c3, 0x08c3,
    0x08c4, 0x08e4, 0x08c3, 0x08c3, 0x08c4, 0x08c4, 0x08c3, 0x08c3, 0x08c3, 0x08c4, 0x08c4, 0x08c4, 0x08c4, 0x08e4, 0x08e4, 0x08c3,
    0x08a3, 0x08c3, 0x08c3, 0x08c4, 0x08c4, 0x08c4, 0x08c3, 0x08a3, 0x08a3, 0x08e4, 0x09ee, 0x02f6, 0x01ee, 0x00a3, 0x08c4, 0x08e4,
    0x08a3, 0x08a3, 0x08c3, 0x08c3, 0x08c3, 0x08c3, 0x08c3, 0x08c3, 0x08e4, 0x08e4, 0x0904, 0xfffe, 0xfffb, 0xfffb, 0xfffb, 0xffda,
    0xffba, 0xff9a, 0xf759, 0xf739, 0xf738, 0xf738, 0xf758, 0xf759, 0xff79, 0xff79, 0xff79, 0xff79, 0xf759, 0x0082, 0x08c3, 0x08c4,
    0x08c4, 0x08c3, 0xded8, 0xff79, 0xff78, 0xff78, 0xff78, 0xff79, 0xff79, 0xff79, 0xff79, 0x0083, 0x00c4, 0x0318, 0x0317, 0x0317,
    0x0317, 0x0317, 0x0317, 0x0317, 0x0317, 0x0317, 0x02f7, 0x01cd, 0x08c4, 0x08c4, 0x08c3, 0x08c4, 0x0083, 0xff59, 0xff79, 0xff79,
    0xff79, 0xff59, 0xff79, 0xff79, 0xff79, 0xf779, 0x08e4, 0x08c4, 0x0318, 0x0338, 0x0338, 0x0338, 0x0338, 0x0338, 0x0338, 0x0338,
    0x0338, 0x0338, 0x0338, 0x0338, 0x0338, 0x0338, 0x0338, 0x0337, 0x0318, 0x0318, 0x0318, 0x0338, 0x0318, 0x0318, 0x0338, 0x0338,
    0x0338, 0x0317, 0x1947, 0x1947, 0x1967, 0x0318, 0x0318, 0x0318, 0x0b58, 0x0b58, 0x0b38, 0x0b58, 0x0b58, 0x0b58, 0x0b58, 0x0b58,
    0x0358, 0x0b58, 0x7c93, 0x8c71, 0xca05, 0x5af1, 0x1357, 0x0b58, 0x0b38, 0x0b38, 0x0338, 0x2187, 0x2167, 0x1968, 0x0318, 0x0338,
    0x0338, 0x0338, 0x0338, 0x0338, 0x0338, 0x0338, 0x0338, 0x0338, 0x0338, 0x0358, 0x0358, 0x0338, 0x0338, 0x0338, 0x0338, 0x0338,
    0x0338, 0x0338, 0x0338, 0x0127, 0x08c4, 0xe73b, 0xff79, 0xff79, 0xff79, 0xff79, 0xff79, 0xff79, 0xff78, 0xf758, 0x00a3, 0x08c4,
    0x08e4, 0x08e4, 0x00c4, 0x02d4, 0x0318, 0x0318, 0x0318, 0x0318, 0x0318, 0x0317, 0x0318, 0x0318, 0x0317, 0x02f6, 0x00a3, 0x00a3,
    0xe71a, 0xf739, 0xf758, 0xffb9, 0xffda, 0xff79, 0xc615, 0xa512, 0x634c, 0x3a48, 0x1104, 0x08c3, 0x00a3, 0x00a3, 0x08c4, 0x08e4,
    0x08c3, 0x08a3, 0x08e4, 0x08e4, 0x08c4, 0x08c3, 0x08e4, 0x08e4, 0x08c4, 0x08c4, 0x08c4, 0x08c4, 0x08c4, 0x08e4, 0x08c4, 0x00a3,
    0x00c3, 0x00c4, 0x00a3, 0x00a3, 0x08c4, 0x08c3, 0x08c4, 0x08c3, 0x08c4, 0x08c3, 0x08c4, 0x08c4, 0x08e4, 0x08c4, 0x08c4, 0x08a3,
    0x08c3, 0x08c3, 0x08c3, 0x08c4, 0x08c4, 0x08c4, 0x08c4, 0x08c4, 0x00a3, 0x08a3, 0x0318, 0x0318, 0x02b5, 0x0082, 0x00c3, 0x08c4,
    0x08c3, 0x08c3, 0x08c3, 0x08c3, 0x08c4, 0x08c3, 0x08c3, 0x08c3, 0x08c4, 0x08e4, 0x08e4, 0x0904, 0x08c3, 0x08c3, 0x08e4, 0x08e4,
    0x08e4, 0x08e4, 0x0904, 0x0904, 0x1104, 0x08e4, 0x08c4, 0x08a3, 0x00a3, 0x00a3, 0x00a3, 0x00a3, 0x08a3, 0x08a3, 0x08c3, 0x08c4,
    0x08c3, 0x08a3, 0xdef8, 0xff79, 0xf759, 0xf738, 0xf739, 0xf739, 0xf759, 0xf759, 0xf759, 0x00a4, 0x08c4, 0x0318, 0x0318, 0x0317,
    0x0317, 0x0317, 0x0317, 0x0317, 0x0317, 0x0317, 0x0317, 0x01cd, 0x08c4, 0x08c3, 0x08c4, 0x08c4, 0x0083, 0xff59, 0xff78, 0xff79,
    0xff79, 0xff79, 0xff79, 0xff79, 0xff79, 0xff9a, 0x08e4, 0x00c4, 0x0318, 0x0338, 0x0338, 0x0338, 0x0338, 0x0338, 0x0338, 0x0338,
    0x0338, 0x0338, 0x0338, 0x0338, 0x0338, 0x0317, 0x0317, 0x0317, 0x0317, 0x0318, 0x0318, 0x0318, 0x0338, 0x0338, 0x0318, 0x0338,
    0x0338, 0x0337, 0x1947, 0x1947, 0x1947, 0x0318, 0x0318, 0x0317, 0x1946, 0x1925, 0x9d97, 0x1357, 0x0b77, 0x0b38, 0x0b58, 0x0b57,
    0x0358, 0x0b58, 0x7cb3, 0x9472, 0xca05, 0xca05, 0xca05, 0x8a6a, 0x4ad2, 0x0b38, 0x0338, 0x2167, 0x2167, 0x1968, 0x0318, 0x0338,
    0x0338, 0x0338, 0x0338, 0x0338, 0x0318, 0x0317, 0x02f7, 0x0317, 0x0338, 0x0358, 0x0358, 0x0338, 0x0338, 0x0338, 0x0338, 0x0338,
    0x0338, 0x0338, 0x0338, 0x0947, 0x00c4, 0xe75b, 0xff79, 0xff79, 0xff79, 0xff79, 0xff79, 0xff79, 0xff78, 0xf758, 0x0083, 0x08c4,
    0x08c4, 0x08e4, 0x00c4, 0x02f4, 0x0317, 0x0318, 0x0338, 0x0318, 0x0318, 0x0318, 0x0318, 0x0318, 0x0318, 0x02f7, 0x00a4, 0x00c3,
    0x0083, 0x00c4, 0x08c3, 0x08c3, 0x08e4, 0x08e4, 0x08e4, 0x08c4, 0x08c4, 0x08c4, 0x08c4, 0x08c4, 0x08c4, 0x08e4, 0x08e4, 0x08c4,
    0x08c3, 0x08c3, 0x08e4, 0x08e4, 0x08c4, 0x08c3, 0x08e4, 0x08e4, 0x08c4, 0x08c3, 0x08c4, 0x08c4, 0x08c4, 0x08e4, 0x08e4, 0x08a3,
    0x0082, 0x02f8, 0x020f, 0x00c4, 0x00a3, 0x00c3, 0x08c4, 0x08c4, 0x08c4, 0x08c4, 0x08c4, 0x08e4, 0x08c4, 0x08c4, 0x08c4, 0x08c3,
    0x08c3, 0x08c4, 0x08c4, 0x08c4, 0x08c4, 0x08c4, 0x08c4, 0x08c4, 0x08c3, 0x08a3, 0x0318, 0x0318, 0x02f7, 0x00a3, 0x00a3, 0x08c4,
    0x08c4, 0x08c4, 0x08c3, 0x08c3, 0x08c4, 0x08c4, 0x08c3, 0x08c4, 0x08c4, 0x08c4, 0x08c4, 0x08c4, 0x08c3, 0x08c3, 0x08c4, 0x08e4,
    0x08e4, 0x08e4, 0x08e4, 0x08e4, 0x08e4, 0x08c4, 0x08c3, 0x08c3, 0x08c3, 0x08c4, 0x08c4, 0x08c4, 0x08c3, 0x08c3, 0x08c4, 0x08c4,
    0x08c4, 0x08a3, 0x08a3, 0x08e4, 0x08c4, 0x00a3, 0x0083, 0x0082, 0x0082, 0x08c3, 0x31e7, 0x08e5, 0x08e4, 0x0318, 0x0318, 0x0318,
    0x0318, 0x0317, 0x0317, 0x0317, 0x0317, 0x0318, 0x0317, 0x01cd, 0x08c4, 0x08c3, 0x08c4, 0x08c4, 0x0083, 0xff59, 0xff79, 0xff79,
    0xff79, 0xff79, 0xff79, 0xff79, 0xff79, 0xff9a, 0x08c4, 0x00c4, 0x0318, 0x0338, 0x0338, 0x0338, 0x0338, 0x0338, 0x0338, 0x0338,
    0x0338, 0x0338, 0x0338, 0x0338, 0x0318, 0x0317, 0x0316, 0x0317, 0x0317, 0x0317, 0x0318, 0x0318, 0x0338, 0x0338, 0x0338, 0x0338,
    0x0338, 0x0337, 0x1947, 0x1947, 0x1947, 0x0318, 0x0338, 0x0317, 0x1946, 0x1926, 0xe6d9, 0xe6d9, 0xeef8, 0x5457, 0x0b37, 0x0b57,
    0x0359, 0x0358, 0x7cb4, 0x9491, 0xca05, 0xca05, 0xca05, 0xca05, 0x6aae, 0x0b38, 0x0338, 0x2167, 0x2167, 0x2167, 0x0318, 0x0338,
    0x0338, 0x0338, 0x0338, 0x0338, 0x0338, 0x1947, 0x1926, 0x02d7, 0x0b37, 0x0358, 0x0338, 0x0338, 0x0338, 0x0338, 0x0338, 0x0338,
    0x0338, 0x0338, 0x0318, 0x0127, 0x00c4, 0xe71a, 0xff79, 0xff79, 0xff79, 0xff79, 0xf759, 0xf739, 0xff79, 0xffba, 0x0083, 0x08c3,
    0x08c4, 0x00c4, 0x00c4, 0x0315, 0x0318, 0x0318, 0x0338, 0x0338, 0x0318, 0x0318, 0x0318, 0x0317, 0x0318, 0x0318, 0x00c4, 0x00c3,
    0x00c3, 0x08c4, 0x08c3, 0x08c4, 0x08e4, 0x08e4, 0x08c4, 0x08c4, 0x08c3, 0x08c4, 0x08c3, 0x08c3, 0x08c3, 0x08c4, 0x08c4, 0x08c4,
    0x08c4, 0x08e4, 0x08e4, 0x08e4, 0x08c4, 0x08e4, 0x08c4, 0x08c4, 0x08c4, 0x08c4, 0x08c4, 0x08c4, 0x08c4, 0x08e4, 0x08e4, 0x00c4,
    0x0082, 0x02f7, 0x0318, 0x00a4, 0x00c3, 0x08c4, 0x08c4, 0x08c4, 0x08c4, 0x08c4, 0x00c4, 0x00c4, 0x08c3, 0x08c4, 0x08e4, 0x08c4,
    0x08e4, 0x08c4, 0x08c4, 0x08c4, 0x08c4, 0x08c4, 0x08e4, 0x08e4, 0x08e4, 0x08e4, 0x0317, 0x0318, 0x0318, 0x08c4, 0x00c4, 0x08c4,
    0x08c4, 0x00c4, 0x08c4, 0x08c3, 0x08c4, 0x00c4, 0x08c4, 0x08e4, 0x08e4, 0x08c4, 0x08c3, 0x08c3, 0x08c3, 0x08c3, 0x08c4, 0x08c4,
    0x08c4, 0x08e4, 0x08e4, 0x08c4, 0x08c4, 0x08c4, 0x08c3, 0x08c3, 0x08c3, 0x08c4, 0x08c4, 0x08c4, 0x08c3, 0x00a3, 0x00a3, 0x08c3,
    0x08c3, 0x08c3, 0x08c3, 0x08c4, 0x08c4, 0x08c4, 0x08c4, 0x08c4, 0x08c3, 0x08a3, 0x08c4, 0x08e5, 0x00c4, 0x0317, 0x0318, 0x0318,
    0x0318, 0x0318, 0x0318, 0x0317, 0x0317, 0x0318, 0x0318, 0x01ed, 0x00c4, 0x00c4, 0x08c4, 0x08c4, 0x0082, 0xf75a, 0xf739, 0xf759,
    0xff79, 0xff79, 0xff79, 0xff79, 0xff79, 0xf77a, 0x08c4, 0x00c4, 0x0318, 0x0318, 0x0318, 0x0338, 0x0338, 0x0338, 0x0338, 0x0338,
    0x0338, 0x0338, 0x0338, 0x0317, 0x0317, 0x5209, 0x51a6, 0x5a4a, 0x0338, 0x0af6, 0x0317, 0x0317, 0x0338, 0x0317, 0x0318, 0x0338,
    0x0338, 0x0317, 0x1947, 0x1947, 0x1967, 0x0338, 0x0338, 0x0317, 0x1947, 0x1946, 0xe6d9, 0xdeb8, 0xdeb7, 0xdeb8, 0x0337, 0x0b37,
    0x0359, 0x0338, 0x7cb3, 0x8c71, 0xca05, 0xca05, 0xca05, 0xca05, 0x6a8d, 0x0b38, 0x0338, 0x2167, 0x2167, 0x2167, 0x0318, 0x0338,
    0x0338, 0x0338, 0x0338, 0x0337, 0x0338, 0x1926, 0x1925, 0xe6b7, 0xdeb8, 0x8558, 0x5c77, 0x0358, 0x0338, 0x0338, 0x0338, 0x0338,
    0x0338, 0x0338, 0x0317, 0x0107, 0x00c4, 0xef3a, 0xf759, 0xb5b3, 0x630b, 0x2165, 0x0083, 0x0083, 0x08c4, 0x0904, 0x08e4, 0x08c3,
    0x08c3, 0x00c4, 0x00c4, 0x0315, 0x0318, 0x0318, 0x0338, 0x0318, 0x0338, 0x0318, 0x0318, 0x0318, 0x0318, 0x0338, 0x0316, 0x0378,
    0x08c4, 0x08c3, 0x08c4, 0x08e4, 0x08c4, 0x08c4, 0x08c4, 0x08c4, 0x08c3, 0x08c4, 0x08c4, 0x08c3, 0x08c3, 0x08c4, 0x08c4, 0x08c4,
    0x08e4, 0x08e4, 0x08c4, 0x08c3, 0x08c3, 0x08e5, 0x08e4, 0x08c4, 0x08c4, 0x08c4, 0x08c4, 0x08c4, 0x08e4, 0x08c4, 0x08e4, 0x08e6,
    0x0083, 0x02f7, 0x02f7, 0x0317, 0x00e5, 0x00c4, 0x00c4, 0x08c4, 0x00c4, 0x08c4, 0x00c4, 0x00c4, 0x00c4, 0x02d4, 0x0336, 0x08e4,
    0x08c4, 0x08c4, 0x08c4, 0x00c4, 0x00c4, 0x08c4, 0x08e4, 0x08e5, 0x0358, 0x0338, 0x0318, 0x0318, 0x0338, 0x0358, 0x0b35, 0x00c4,
    0x00c4, 0x00c4, 0x00c4, 0x08c4, 0x08c4, 0x08c4, 0x08e4, 0x08e4, 0x0337, 0x00a3, 0x08c4, 0x08c3, 0x08c3, 0x08c4, 0x08c3, 0x08c3,
    0x08c4, 0x08e4, 0x08c4, 0x08c4, 0x08c4, 0x08c3, 0x08c3, 0x08c3, 0x00c3, 0x08c4, 0x08c4, 0x08e4, 0x08c4, 0x02b4, 0x00a3, 0x08a3,
    0x08c3, 0x08c3, 0x08c3, 0x08c3, 0x08c4, 0x08c4, 0x08c4, 0x08c4, 0x08c4, 0x08c4, 0x08c4, 0x0ab3, 0x0ab3, 0x0317, 0x0318, 0x0318,
    0x0318, 0x0318, 0x0317, 0x0318, 0x0318, 0x0318, 0x0318, 0x01ed, 0x08c4, 0x08c4, 0x08c4, 0x08c4, 0x08e4, 0x08c3, 0x0082, 0x0062,
    0x1945, 0x4269, 0x7bcd, 0xb593, 0xef18, 0xff7a, 0x08a3, 0x00a4, 0x0318, 0x0318, 0x0338, 0x0338, 0x0338, 0x0338, 0x0338, 0x0338,
    0x0338, 0x0338, 0x0318, 0x0318, 0x0317, 0x4a09, 0x59a6, 0x99e5, 0xc9e4, 0xd1e4, 0x824b, 0x0339, 0x0317, 0x0317, 0x0318, 0x0338,
    0x0338, 0x0317, 0x1967, 0x1947, 0x1967, 0x0338, 0x0338, 0x0317, 0x2167, 0x2167, 0xdeb8, 0xdeb8, 0xdeb8, 0xe6b8, 0x0317, 0x0b37,
    0x0358, 0x0b58, 0x7c93, 0x8c71, 0xca05, 0xca05, 0xca05, 0xca05, 0x628e, 0x0b18, 0x0338, 0x2167, 0x2167, 0x1968, 0x0338, 0x0338,
    0x0338, 0x0338, 0x0318, 0x0318, 0x0317, 0x1926, 0x1925, 0xeef9, 0xdeb8, 0xd677, 0xd656, 0xce57, 0x0b38, 0x0338, 0x0338, 0x0338,
    0x0338, 0x0338, 0x0338, 0x0148, 0x00e5, 0x08c4, 0x08c3, 0x08e4, 0x08c4, 0x08c4, 0x08c4, 0x08c4, 0x08c4, 0x08e4, 0x08c4, 0x08c3,
    0x08c3, 0x00c4, 0x00c4, 0x02f5, 0x0318, 0x0318, 0x0318, 0x0338, 0x0318, 0x0318, 0x0318, 0x0318, 0x0318, 0x0318, 0x0318, 0x0358,
    0x0905, 0x00c4, 0x08c4, 0x08e4, 0x08c4, 0x00c4, 0x08c4, 0x08c4, 0x08c4, 0x08c4, 0x08c4, 0x08c4, 0x08c4, 0x00c3, 0x08c4, 0x08c4,
    0x08e4, 0x08c4, 0x00a3, 0x00a3, 0x0338, 0x0359, 0x08e4, 0x08e4, 0x08e4, 0x00c4, 0x00a3, 0x08a3, 0x00a3, 0x00e6, 0x0128, 0x0379,
    0x0359, 0x0318, 0x0318, 0x0318, 0x02b4, 0x02d5, 0x02d5, 0x02d5, 0x02d5, 0x02f5, 0x0336, 0x0316, 0x0317, 0x0338, 0x0338, 0x0b15,
    0x0316, 0x0316, 0x0316, 0x0316, 0x0316, 0x0316, 0x02f6, 0x02f6, 0x0338, 0x0338, 0x0318, 0x0318, 0x0338, 0x0338, 0x0338, 0x02f6,
    0x02f6, 0x02f5, 0x0ad4, 0x0ab3, 0x0a72, 0x0230, 0x0230, 0x0a50, 0x0318, 0x0336, 0x00c4, 0x00c4, 0x08c4, 0x00c4, 0x08c4, 0x08c4,
    0x08c4, 0x08c4, 0x08c4, 0x08c4, 0x08c4, 0x00c4, 0x00c4, 0x00c3, 0x00c4, 0x00c3, 0x00c3, 0x08c3, 0x018c, 0x0317, 0x0083, 0x00a3,
    0x00c3, 0x08c4, 0x00c4, 0x00c4, 0x00a4, 0x08c4, 0x08c4, 0x00c4, 0x08c4, 0x08e4, 0x00c4, 0x02d4, 0x0317, 0x0318, 0x0338, 0x0318,
    0x0318, 0x0318, 0x0318, 0x0317, 0x0317, 0x0317, 0x0317, 0x01cd, 0x08e4, 0x08c4, 0x08c4, 0x08c4, 0x08c4, 0x08c4, 0x08c3, 0x08c4,
    0x08c4, 0x08c3, 0x08e4, 0x08e4, 0x08c3, 0x0062, 0x00c4, 0x00a4, 0x0318, 0x0318, 0x0338, 0x0318, 0x0338, 0x0338, 0x0338, 0x0318,
    0x0338, 0x0338, 0x0338, 0x0317, 0x02f7, 0x5208, 0x5985, 0xa1c5, 0xc9e4, 0xc9e4, 0xc9e5, 0xc9e5, 0x0318, 0x0317, 0x0318, 0x0317,
    0x0318, 0x0317, 0x1967, 0x1946, 0x1947, 0x0338, 0x0b38, 0x0b37, 0x2167, 0x2146, 0xde97, 0xde97, 0xdeb8, 0xe6d8, 0x0317, 0x0b37,
    0x0338, 0x0338, 0x7c93, 0x8c71, 0xca05, 0xca05, 0xca05, 0xca05, 0x6a8d, 0x0318, 0x0338, 0x2167, 0x2167, 0x2147, 0x0318, 0x0338,
    0x0338, 0x0338, 0x0317, 0x0338, 0x0317, 0x1926, 0x1925, 0xe6f9, 0xde98, 0xd677, 0xd677, 0xd677, 0x0b38, 0x0338, 0x0338, 0x0338,
    0x0338, 0x0338, 0x0338, 0x0338, 0x02d5, 0x00e5, 0x00c3, 0x08c4, 0x08c4, 0x08c4, 0x08c4, 0x08c4, 0x08c4, 0x08c4, 0x08c4, 0x08c3,
    0x00c3, 0x00c4, 0x00c4, 0x02f5, 0x0318, 0x0318, 0x0318, 0x0318, 0x0318, 0x0318, 0x0318, 0x0318, 0x0318, 0x0318, 0x0318, 0x0338,
    0x0358, 0x00a4, 0x08e4, 0x08e4, 0x08c4, 0x00c4, 0x00c4, 0x00c4, 0x00c4, 0x00e4, 0x00e4, 0x08c3, 0x00a3, 0x08a3, 0x00e6, 0x0148,
    0x09cc, 0x0a50, 0x0a71, 0x02b3, 0x0318, 0x0318, 0x0338, 0x0359, 0x0338, 0x0318, 0x0318, 0x0318, 0x0318, 0x0318, 0x0318, 0x0318,
    0x0338, 0x0318, 0x0338, 0x0318, 0x0318, 0x0318, 0x0318, 0x0318, 0x0318, 0x0338, 0x0318, 0x0318, 0x0318, 0x0318, 0x0318, 0x0338,
    0x0338, 0x0338, 0x0338, 0x0338, 0x0318, 0x0318, 0x0318, 0x0318, 0x0318, 0x0338, 0x0318, 0x0318, 0x0318, 0x0318, 0x0338, 0x0318,
    0x0318, 0x0318, 0x0318, 0x0318, 0x0318, 0x0318, 0x02f8, 0x0317, 0x0317, 0x0317, 0x02b3, 0x02b3, 0x0271, 0x01ed, 0x018b, 0x0169,
    0x0127, 0x0106, 0x0106, 0x00a3, 0x0082, 0x00a3, 0x00a3, 0x00a3, 0x00c4, 0x08c4, 0x00c4, 0x00a3, 0x0317, 0x0318, 0x00a4, 0x00a3,
    0x00a3, 0x00c4, 0x00c3, 0x08c4, 0x08c4, 0x00c4, 0x08c4, 0x08c4, 0x00c4, 0x08c4, 0x01cd, 0x02f6, 0x0317, 0x0338, 0x0338, 0x0318,
    0x0318, 0x0317, 0x0317, 0x0317, 0x0317, 0x0317, 0x0317, 0x01cd, 0x08c4, 0x08e4, 0x08e4, 0x08c4, 0x08c4, 0x08c4, 0x08c4, 0x08e4,
    0x08c4, 0x08c3, 0x08c3, 0x08e4, 0x08c4, 0x0082, 0x02f5, 0x0338, 0x0318, 0x0318, 0x0338, 0x0318, 0x0338, 0x0338, 0x0318, 0x0338,
    0x0338, 0x0338, 0x0318, 0x0317, 0x02f7, 0x51e8, 0x5986, 0xa9c4, 0xc9e4, 0xd204, 0xd204, 0xc9e5, 0x0318, 0x0318, 0x0317, 0x0317,
    0x0317, 0x0317, 0x1967, 0x1946, 0x1946, 0x0318, 0x0338, 0x0317, 0x2167, 0x2146, 0xd676, 0xde97, 0xdeb8, 0xe6b8, 0x0317, 0x0317,
    0x0338, 0x0338, 0x7473, 0x6c74, 0x0b57, 0x0b78, 0x6ace, 0xda04, 0x7aad, 0x0338, 0x0338, 0x2167, 0x2167, 0x1947, 0x0318, 0x0338,
    0x0338, 0x0b38, 0x0338, 0x0338, 0x0317, 0x1926, 0x1926, 0xe6d8, 0xd677, 0xd677, 0xde97, 0xde98, 0x0b38, 0x0338, 0x0338, 0x0338,
    0x0338, 0x0338, 0x0338, 0x0318, 0x0338, 0x00c6, 0x0083, 0x00a3, 0x08c4, 0x08c4, 0x08c4, 0x08c4, 0x08c4, 0x08c4, 0x08c4, 0x08c4,
    0x00c3, 0x00c4, 0x0083, 0x02d4, 0x0318, 0x0318, 0x0317, 0x0317, 0x0318, 0x0318, 0x0318, 0x0318, 0x0318, 0x0318, 0x0318, 0x0338,
    0x0338, 0x00e6, 0x0149, 0x01ee, 0x02b3, 0x0337, 0x0358, 0x0338, 0x0337, 0x0317, 0x0317, 0x0317, 0x0318, 0x0318, 0x0318, 0x0338,
    0x0338, 0x0338, 0x0338, 0x0338, 0x0338, 0x0318, 0x0318, 0x0318, 0x0318, 0x0318, 0x0318, 0x0318, 0x0318, 0x0318, 0x0318, 0x0318,
    0x0318, 0x0338, 0x0338, 0x0338, 0x0338, 0x0318, 0x0338, 0x0318, 0x0318, 0x0318, 0x0338, 0x0338, 0x0318, 0x0318, 0x0318, 0x0318,
    0x0338, 0x0338, 0x0338, 0x0338, 0x0338, 0x0318, 0x0318, 0x0318, 0x0318, 0x0318, 0x0318, 0x0318, 0x0318, 0x0318, 0x0338, 0x0318,
    0x0318, 0x0318, 0x0318, 0x0318, 0x0318, 0x0318, 0x0318, 0x0318, 0x0318, 0x0318, 0x0317, 0x0317, 0x0317, 0x0318, 0x0318, 0x0317,
    0x0318, 0x0318, 0x0318, 0x0318, 0x0317, 0x0317, 0x0317, 0x0338, 0x0317, 0x0317, 0x0317, 0x0317, 0x0338, 0x0318, 0x0317, 0x02f6,
    0x0292, 0x0271, 0x01ab, 0x0169, 0x00e4, 0x00c3, 0x00a2, 0x00a3, 0x00c4, 0x00e5, 0x0318, 0x0318, 0x0318, 0x0338, 0x0338, 0x0318,
    0x0318, 0x0317, 0x0317, 0x0317, 0x0318, 0x0317, 0x0317, 0x01cc, 0x08a3, 0x08c4, 0x08c4, 0x08c4, 0x08c4, 0x08c4, 0x08c4, 0x08c4,
    0x08c4, 0x08a3, 0x08a3, 0x08c4, 0x00a3, 0x0083, 0x0318, 0x0318, 0x0318, 0x0318, 0x0318, 0x0338, 0x0338, 0x0338, 0x0338, 0x0338,
    0x0338, 0x0318, 0x0318, 0x0317, 0x02f7, 0x49e8, 0x5985, 0xb9e4, 0xc9e4, 0xca04, 0xd224, 0xca05, 0x0318, 0x0317, 0x0317, 0x0317,
    0x0317, 0x02f7, 0x1947, 0x1946, 0x1947, 0x0318, 0x0338, 0x0317, 0x0905, 0x08c4, 0x0337, 0x0337, 0x6cf8, 0xe6b8, 0x0317, 0x0337,
    0x0338, 0x0338, 0x7473, 0x6475, 0x0358, 0x0b58, 0x0b57, 0x0b57, 0x0b38, 0x0338, 0x0338, 0x2167, 0x2167, 0x1947, 0x0318, 0x0338,
    0x0338, 0x0338, 0x0b38, 0x0338, 0x0317, 0x1106, 0x1925, 0xe697, 0xd656, 0xd677, 0xd697, 0xde97, 0x0b38, 0x0338, 0x0338, 0x0338,
    0x0338, 0x0338, 0x0338, 0x0318, 0x0318, 0x0317, 0x01ee, 0x00a4, 0x08c4, 0x00c4, 0x08c4, 0x08c4, 0x08c4, 0x08c4, 0x08e4, 0x08e4,
    0x08e4, 0x00c4, 0x02f7, 0x0318, 0x0317, 0x0317, 0x0317, 0x0317, 0x0317, 0x0318, 0x0318, 0x0318, 0x0318, 0x0318, 0x0318, 0x0318,
    0x0338, 0x0318, 0x0318, 0x0338, 0x0318, 0x0338, 0x0338, 0x0318, 0x0338, 0x0317, 0x0317, 0x0317, 0x0318, 0x0318, 0x0338, 0x0338,
    0x0338, 0x0338, 0x0338, 0x0338, 0x0338, 0x0318, 0x0318, 0x0318, 0x0318, 0x0338, 0x0318, 0x0338, 0x0318, 0x0318, 0x0318, 0x0318,
    0x0318, 0x0318, 0x0338, 0x0338, 0x0338, 0x0318, 0x0318, 0x0318, 0x0338, 0x0338, 0x0338, 0x0338, 0x0338, 0x0318, 0x0318, 0x0338,
    0x0338, 0x0338, 0x0338, 0x0338, 0x0338, 0x0338, 0x0338, 0x0318, 0x0318, 0x0338, 0x0318, 0x0318, 0x0338, 0x0338, 0x0318, 0x0338,
    0x0318, 0x0338, 0x0338, 0x0338, 0x0318, 0x0318, 0x0318, 0x0318, 0x0318, 0x0318, 0x0318, 0x0338, 0x0318, 0x0338, 0x0318, 0x0317,
    0x0318, 0x0338, 0x0338, 0x0318, 0x0318, 0x0318, 0x0338, 0x0338, 0x0338, 0x0338, 0x0318, 0x0338, 0x0338, 0x0338, 0x0318, 0x0318,
    0x0317, 0x0318, 0x0318, 0x0318, 0x0338, 0x0338, 0x0318, 0x0318, 0x0338, 0x0338, 0x0318, 0x0338, 0x0318, 0x0318, 0x0317, 0x02f7,
    0x0317, 0x0317, 0x0317, 0x0317, 0x0317, 0x0318, 0x0318, 0x02d5, 0x0293, 0x08c4, 0x00c4, 0x00c4, 0x08c4, 0x08c4, 0x08c4, 0x08c4,
    0x00c3, 0x00a3, 0x08a3, 0x08a3, 0x0358, 0x0318, 0x0318, 0x0338, 0x0318, 0x0318, 0x0318, 0x0318, 0x0318, 0x0338, 0x0338, 0x0318,
    0x0318, 0x0318, 0x0318, 0x0317, 0x0317, 0x49c8, 0x5986, 0xc205, 0xca04, 0xca05, 0xd205, 0xd205, 0x0318, 0x0317, 0x0317, 0x0317,
    0x0317, 0x02f7, 0x1967, 0x1947, 0x1947, 0x0318, 0x0338, 0x0317, 0x08e5, 0x08c4, 0x0338, 0x0b79, 0x0b78, 0x0b58, 0x0338, 0x0338,
    0x0338, 0x0358, 0x5c75, 0x4c76, 0x0358, 0x0358, 0x0b58, 0x0338, 0x0338, 0x0338, 0x0338, 0x2167, 0x2167, 0x1947, 0x0338, 0x0338,
    0x0338, 0x0b38, 0x0b38, 0x0338, 0x0317, 0x10e5, 0x10e5, 0x0339, 0x02f7, 0xd677, 0xd698, 0xd677, 0x0b38, 0x0338, 0x0338, 0x0338,
    0x0338, 0x0338, 0x0338, 0x0338, 0x0338, 0x0338, 0x0338, 0x0338, 0x098b, 0x01cd, 0x02b3, 0x0317, 0x0339, 0x0338, 0x0317, 0x0318,
    0x0317, 0x0317, 0x0318, 0x0318, 0x0318, 0x0317, 0x7985, 0x6986, 0x0316, 0x0b16, 0x0317, 0x0318, 0x0318, 0x0338, 0x0338, 0x0318,
    0x0318, 0x0318, 0x0318, 0x0338, 0x0338, 0x0338, 0x0338, 0x0318, 0x0318, 0x0317, 0x0317, 0x0317, 0x0317, 0x0317, 0x0317, 0x0317,
    0x0338, 0x0338, 0x0338, 0x0338, 0x0338, 0x0338, 0x0338, 0x0338, 0x0318, 0x0338, 0x0338, 0x0338, 0x0338, 0x0338, 0x0338, 0x0338,
    0x0318, 0x0338, 0x0338, 0x0338, 0x0338, 0x0318, 0x0318, 0x0338, 0x0338, 0x0338, 0x0338, 0x0338, 0x0338, 0x0338, 0x0338, 0x0338,
    0x0338, 0x0338, 0x0338, 0x0338, 0x0338, 0x0338, 0x0318, 0x0338, 0x0338, 0x0338, 0x0338, 0x0318, 0x0318, 0x0338, 0x0318, 0x0318,
    0x0338, 0x0338, 0x0318, 0x0318, 0x0318, 0x0318, 0x0318, 0x0338, 0x0318, 0x0338, 0x0338, 0x0338, 0x0338, 0x0338, 0x0338, 0x0318,
    0x0318, 0x0318, 0x0338, 0x0338, 0x0338, 0x0318, 0x0338, 0x0338, 0x0338, 0x0338, 0x0338, 0x0338, 0x0318, 0x0338, 0x0338, 0x0318,
    0x0318, 0x0318, 0x0338, 0x0338, 0x0338, 0x0338, 0x0338, 0x0338, 0x0338, 0x0318, 0x0318, 0x0338, 0x0338, 0x0318, 0x0317, 0x2125,
    0x2146, 0x0337, 0x0b17, 0x0317, 0x0318, 0x0317, 0x0318, 0x0318, 0x0318, 0x0af5, 0x02d5, 0x0271, 0x018b, 0x00e6, 0x0083, 0x00a3,
    0x00c4, 0x00a3, 0x00a3, 0x0338, 0x0318, 0x0318, 0x0318, 0x0318, 0x0318, 0x0318, 0x0318, 0x0318, 0x0318, 0x0338, 0x0338, 0x0338,
    0x0338, 0x0338, 0x0318, 0x0318, 0x0317, 0x0947, 0x1105, 0x0b36, 0x0338, 0x4ad0, 0xda04, 0xc205, 0x0338, 0x0317, 0x0317, 0x0318,
    0x0317, 0x0317, 0x1968, 0x2167, 0x1947, 0x0318, 0x0338, 0x0317, 0x08e5, 0x08c4, 0x0338, 0x0b58, 0x0b58, 0x0b38, 0x0338, 0x0338,
    0x0358, 0x0358, 0x5455, 0x4c56, 0x0338, 0x0338, 0x0b58, 0x0338, 0x0358, 0x0338, 0x0338, 0x2167, 0x2167, 0x1967, 0x0318, 0x0338,
    0x0338, 0x0338, 0x0b38, 0x0338, 0x0317, 0x08c5, 0x10e4, 0x0338, 0x0317, 0x0338, 0x0338, 0x0318, 0x0338, 0x0338, 0x0338, 0x0338,
    0x0338, 0x0338, 0x0338, 0x0338, 0x0338, 0x0338, 0x0338, 0x0338, 0x0318, 0x0318, 0x0318, 0x0318, 0x0338, 0x0318, 0x0318, 0x0318,
    0x0318, 0x0317, 0x0318, 0x0318, 0x0338, 0x0317, 0x71a5, 0x69a5, 0xd9e3, 0xd204, 0x22f5, 0x0b18, 0x0338, 0x0338, 0x0338, 0x0318,
    0x0318, 0x0338, 0x0318, 0x0338, 0x0338, 0x0338, 0x0338, 0x0338, 0x0318, 0x0318, 0x0338, 0x1399, 0x2c3a, 0x343a, 0x345a, 0x2c19,
    0x0318, 0x0338, 0x0338, 0x0338, 0x0338, 0x0338, 0x0338, 0x0338, 0x0338, 0x0338, 0x0338, 0x0338, 0x0338, 0x0318, 0x0318, 0x0318,
    0x0318, 0x0338, 0x0338, 0x0338, 0x0338, 0x0338, 0x0338, 0x0338, 0x0338, 0x0338, 0x0338, 0x0338, 0x0338, 0x0338, 0x0338, 0x0338,
    0x0338, 0x0338, 0x0338, 0x0338, 0x0338, 0x0318, 0x0318, 0x0318, 0x0338, 0x0338, 0x0318, 0x0318, 0x0318, 0x0318, 0x0318, 0x0318,
    0x0318, 0x0318, 0x0318, 0x0318, 0x0318, 0x0318, 0x0338, 0x0338, 0x0338, 0x0338, 0x0338, 0x0338, 0x0338, 0x0338, 0x0318, 0x0318,
    0x0318, 0x0338, 0x0338, 0x0338, 0x0338, 0x0338, 0x0338, 0x0318, 0x0318, 0x0318, 0x0338, 0x0338, 0x0318, 0x0338, 0x0338, 0x0338,
    0x0338, 0x0338, 0x0338, 0x0318, 0x0338, 0x0338, 0x0338, 0x0338, 0x0338, 0x0338, 0x0338, 0x0338, 0x0338, 0x0318, 0x0317, 0x2146,
    0x2167, 0xeeb7, 0x9577, 0x02f7, 0x0b37, 0x0317, 0x0318, 0x0318, 0x0338, 0x0338, 0x0318, 0x0318, 0x0318, 0x0317, 0x02f7, 0x0317,
    0x0338, 0x0317, 0x0a72, 0x0318, 0x0318, 0x0318, 0x0318, 0x0318, 0x0318, 0x0318, 0x0318, 0x0318, 0x0318, 0x0338, 0x0318, 0x0318,
    0x0318, 0x0318, 0x0338, 0x0318, 0x0317, 0x0128, 0x08e5, 0x0316, 0x0337, 0x0337, 0x0b37, 0x0339, 0x0338, 0x0317, 0x0317, 0x0317,
    0x0317, 0x0317, 0x2168, 0x2167, 0x2167, 0x0338, 0x0338, 0x0317, 0x08e5, 0x08c4, 0x0338, 0x0338, 0x0338, 0x0338, 0x0338, 0x0338,
    0x0358, 0x0379, 0x5435, 0x4436, 0x0338, 0x0338, 0x0338, 0x0358, 0x0358, 0x0338, 0x0338, 0x2167, 0x2167, 0x1968, 0x0318, 0x0338,
    0x0338, 0x0338, 0x0338, 0x0338, 0x0317, 0x08a4, 0x08c4, 0x0318, 0x0318, 0x0338, 0x0318, 0x0317, 0x0318, 0x0338, 0x0338, 0x0338,
    0x0338, 0x0338, 0x0338, 0x0338, 0x0338, 0x0338, 0x0338, 0x0338, 0x0338, 0x0338, 0x0318, 0x0338, 0x0338, 0x0338, 0x0318, 0x0318,
    0x0318, 0x0318, 0x0318, 0x0338, 0x0338, 0x0338, 0x69a6, 0x69a6, 0xd204, 0xca04, 0xca05, 0xc205, 0x0af6, 0x0318, 0x0338, 0x0318,
    0x0338, 0x0318, 0x0338, 0x0338, 0x0338, 0x0338, 0x0338, 0x0338, 0x0338, 0x0338, 0x23fa, 0x2c1a, 0x2c3a, 0x2c3b, 0x345b, 0x2c1a,
    0x1378, 0x0338, 0x0338, 0x0338, 0x0338, 0x0318, 0x0338, 0x0338, 0x0338, 0x0338, 0x0338, 0x0338, 0x0338, 0x0318, 0x0318, 0x0338,
    0x0338, 0x0338, 0x0338, 0x0338, 0x0338, 0x0338, 0x0338, 0x0318, 0x0338, 0x0338, 0x0338, 0x0338, 0x0338, 0x0338, 0x0338, 0x0338,
    0x0338, 0x0338, 0x0338, 0x0338, 0x0338, 0x0318, 0x0318, 0x0318, 0x0318, 0x0318, 0x0318, 0x0318, 0x0318, 0x0318, 0x0318, 0x0318,
    0x0318, 0x0318, 0x0318, 0x0318, 0x0318, 0x0338, 0x0338, 0x0338, 0x0338, 0x0318, 0x0338, 0x0318, 0x0338, 0x0338, 0x0318, 0x0318,
    0x0318, 0x0338, 0x0338, 0x0338, 0x0338, 0x0338, 0x0338, 0x1378, 0x1378, 0x1378, 0x0338, 0x0358, 0x0338, 0x0338, 0x0338, 0x0338,
    0x0338, 0x0338, 0x0318, 0x0318, 0x0338, 0x0338, 0x0338, 0x0338, 0x0338, 0x0338, 0x0338, 0x0338, 0x0338, 0x0318, 0x0318, 0x2167,
    0x2167, 0xde76, 0xde97, 0xdeb8, 0xdeb8, 0x02f8, 0x0318, 0x0318, 0x0338, 0x0338, 0x0338, 0x0318, 0x0318, 0x0318, 0x02f7, 0x0317,
    0x0317, 0x0318, 0x0318, 0x0318, 0x0318, 0x0318, 0x0318, 0x0318, 0x0318, 0x0318, 0x0318, 0x0318, 0x0318, 0x0338, 0x0318, 0x0318,
    0x0318, 0x0318, 0x0318, 0x0318, 0x0317, 0x0148, 0x08c4, 0x02d5, 0x0338, 0x0338, 0x0317, 0x0317, 0x0317, 0x0317, 0x0317, 0x0318,
    0x0317, 0x02f7, 0x2168, 0x1947, 0x1947, 0x0318, 0x0338, 0x0318, 0x0906, 0x08e5, 0x0317, 0x0318, 0x0338, 0x0338, 0x0338, 0x0338,
    0x0379, 0x0379, 0x5415, 0x43f5, 0x0338, 0x0338, 0x0338, 0x0358, 0x0338, 0x0338, 0x0338, 0x1967, 0x1967, 0x1967, 0x0318, 0x0338,
    0x0338, 0x0338, 0x0338, 0x0338, 0x0318, 0x08c4, 0x08a4, 0x0317, 0x0318, 0x0338, 0x0318, 0x0318, 0x0318, 0x0338, 0x0338, 0x0338,
    0x0338, 0x0338, 0x0338, 0x0338, 0x0338, 0x0338, 0x0338, 0x0338, 0x0338, 0x0338, 0x0338, 0x0338, 0x0338, 0x0338, 0x0338, 0x0338,
    0x0338, 0x0318, 0x0338, 0x0338, 0x0318, 0x0337, 0x69a6, 0x69a6, 0xd204, 0xca04, 0xca04, 0xca05, 0x02f7, 0x0318, 0x0318, 0x0318,
    0x0318, 0x0318, 0x0338, 0x0338, 0x0338, 0x0338, 0x0338, 0x0338, 0x0338, 0x0338, 0x345b, 0x345b, 0x2c3b, 0x2c5b, 0x345b, 0x2c3a,
    0x2c3b, 0x0338, 0x0359, 0x0359, 0x0318, 0x0318, 0x0338, 0x0338, 0x0338, 0x0338, 0x0338, 0x0338, 0x0338, 0x0338, 0x0338, 0x0338,
    0x0338, 0x0338, 0x0338, 0x0318, 0x0318, 0x0318, 0x0338, 0x0338, 0x0338, 0x0338, 0x0338, 0x0338, 0x0338, 0x0338, 0x0338, 0x0338,
    0x0338, 0x0338, 0x0338, 0x0338, 0x0338, 0x0338, 0x0318, 0x0318, 0x0318, 0x0318, 0x0318, 0x0318, 0x0318, 0x0318, 0x0318, 0x0318,
    0x0318, 0x0318, 0x0318, 0x0318, 0x0318, 0x0318, 0x0318, 0x0318, 0x0318, 0x0318, 0x0338, 0x0338, 0x0338, 0x0338, 0x0338, 0x0318,
    0x0338, 0x0338, 0x0338, 0x0338, 0x0338, 0x0338, 0x0318, 0x2c3a, 0x2c1a, 0x343a, 0x0338, 0x0338, 0x0338, 0x0338, 0x0338, 0x0338,
    0x0338, 0x0338, 0x0318, 0x0318, 0x0338, 0x0338, 0x0338, 0x0338, 0x0338, 0x0338, 0x0338, 0x0338, 0x0318, 0x0338, 0x0318, 0x2167,
    0x2167, 0xde76, 0xde97, 0xe6b7, 0xe6b7, 0x02d7, 0x0318, 0x0338, 0x0338, 0x0338, 0x0338, 0x0338, 0x0318, 0x0318, 0x0318, 0x0318,
    0x0318, 0x0318, 0x0318, 0x0318, 0x0318, 0x0318, 0x0318, 0x0318, 0x0318, 0x0318, 0x0318, 0x0318, 0x0318, 0x0318, 0x0318, 0x0318,
    0x0318, 0x0318, 0x0318, 0x0318, 0x0318, 0x0148, 0x08c4, 0x02d5, 0x0338, 0x0318, 0x0317, 0x0318, 0x0317, 0x0318, 0x0317, 0x0318,
    0x0318, 0x0317, 0x1968, 0x1947, 0x1947, 0x0318, 0x0338, 0x0317, 0x0906, 0x08e5, 0x0317, 0x0318, 0x0338, 0x0338, 0x0338, 0x0338,
    0x0378, 0x0b79, 0x4bf4, 0x43f5, 0x0338, 0x0338, 0x0338, 0x0338, 0x0338, 0x0338, 0x0339, 0x1967, 0x1947, 0x2147, 0x0318, 0x0338,
    0x0338, 0x0338, 0x0338, 0x0338, 0x0318, 0x08a4, 0x08a4, 0x0338, 0x0318, 0x0338, 0x0317, 0x0318, 0x0338, 0x0338, 0x0338, 0x0338,
    0x0338, 0x0338, 0x0338, 0x0338, 0x0338, 0x0338, 0x0338, 0x0338, 0x0338, 0x0338, 0x0318, 0x0318, 0x0318, 0x0338, 0x0338, 0x0318,
    0x0318, 0x0318, 0x0318, 0x0318, 0x0318, 0x0317, 0x5964, 0x69c6, 0xda45, 0xca04, 0xca05, 0xc225, 0x0317, 0x0318, 0x0338, 0x0338,
    0x0318, 0x0318, 0x0338, 0x0338, 0x0338, 0x0338, 0x2c1a, 0x2c3b, 0x2c3b, 0x2c3b, 0x2c3a, 0x2c3b, 0x2c3b, 0x2c3b, 0x2c3b, 0x2c3b,
    0x2c3a, 0x2c3b, 0x345b, 0x343b, 0x0318, 0x0318, 0x0338, 0x0338, 0x0338, 0x0338, 0x0338, 0x0338, 0x0338, 0x0338, 0x0318, 0x0338,
    0x0338, 0x0338, 0x0338, 0x1bb9, 0x2c1a, 0x241a, 0x2c3b, 0x0338, 0x0338, 0x0338, 0x0338, 0x0338, 0x0338, 0x0338, 0x0338, 0x0338,
    0x0338, 0x0338, 0x0338, 0x0338, 0x0338, 0x0338, 0x0318, 0x0318, 0x0318, 0x0318, 0x0318, 0x0318, 0x0318, 0x0318, 0x0318, 0x0358,
    0x343b, 0x2c3b, 0x2c3b, 0x0318, 0x0318, 0x0318, 0x0318, 0x0318, 0x0338, 0x0338, 0x0338, 0x0338, 0x0338, 0x0338, 0x0338, 0x0338,
    0x0338, 0x0338, 0x0338, 0x0338, 0x0338, 0x2c3a, 0x2c3a, 0x2c3a, 0x2c3a, 0x343a, 0x343a, 0x345a, 0x0318, 0x0338, 0x0338, 0x0338,
    0x0338, 0x0318, 0x0318, 0x0318, 0x0338, 0x0318, 0x0338, 0x0338, 0x0338, 0x0338, 0x0338, 0x0318, 0x0338, 0x0338, 0x0318, 0x1946,
    0x2167, 0xde76, 0xde96, 0xde97, 0xe697, 0x02f8, 0x0338, 0x0318, 0x0338, 0x0318, 0x0338, 0x0318, 0x0338, 0x0338, 0x0318, 0x0318,
    0x0318, 0x0318, 0x0318, 0x0318, 0x0318, 0x0318, 0x0318, 0x0317, 0x0318, 0x0317, 0x0317, 0x0317, 0x0318, 0x0318, 0x0318, 0x0318,
    0x0318, 0x0318, 0x0317, 0x0338, 0x0338, 0x0148, 0x00c4, 0x0af5, 0x0338, 0x0338, 0x0318, 0x0317, 0x0318, 0x0318, 0x0318, 0x0338,
    0x0338, 0x0317, 0x1967, 0x1947, 0x1947, 0x0318, 0x0318, 0x0317, 0x0906, 0x08e6, 0x0338, 0x0338, 0x0338, 0x0338, 0x0317, 0x0317,
    0x3a2b, 0x3a2a, 0x1378, 0x1377, 0x0b58, 0x0338, 0x0338, 0x0338, 0x0338, 0x0338, 0x0339, 0x2167, 0x1967, 0x2147, 0x0318, 0x0338,
    0x0338, 0x0338, 0x0338, 0x0338, 0x0318, 0x08a4, 0x08c4, 0x0359, 0x0338, 0x0317, 0x0317, 0x0318, 0x0318, 0x0338, 0x0338, 0x0338,
    0x0338, 0x0338, 0x0338, 0x0338, 0x0318, 0x0318, 0x0338, 0x0338, 0x0318, 0x0317, 0x0318, 0x0318, 0x0318, 0x0318, 0x0318, 0x0318,
    0x0318, 0x0318, 0x0318, 0x0318, 0x0318, 0x0317, 0x2904, 0x3145, 0x8acc, 0xd9e4, 0xc205, 0xc225, 0x0338, 0x0318, 0x0338, 0x0318,
    0x0318, 0x0338, 0x0338, 0x0338, 0x1bd9, 0x1bd9, 0x2c3a, 0x2c3b, 0x2c3a, 0x2c3a, 0x2c3b, 0x2c3a, 0x2c3b, 0x2c3b, 0x2c3b, 0x2c5b,
    0x2c3a, 0x2c3b, 0x2c3b, 0x2c3a, 0x2c3b, 0x2c3b, 0x0338, 0x0338, 0x0338, 0x0338, 0x0338, 0x0338, 0x0338, 0x0338, 0x0338, 0x0338,
    0x0318, 0x0318, 0x1bba, 0x2c1b, 0x2c1a, 0x2c3b, 0x2c3a, 0x2c3b, 0x343a, 0x0318, 0x0338, 0x0338, 0x0338, 0x0338, 0x0338, 0x0338,
    0x0338, 0x0338, 0x0338, 0x0338, 0x0318, 0x0318, 0x0338, 0x0318, 0x0338, 0x0318, 0x0318, 0x0318, 0x0318, 0x0318, 0x343b, 0x343b,
    0x343b, 0x2c3b, 0x2c3b, 0x343b, 0x2c1a, 0x0338, 0x0338, 0x0318, 0x0338, 0x0318, 0x0338, 0x0338, 0x0318, 0x0338, 0x0338, 0x0338,
    0x0338, 0x0338, 0x0338, 0x2c3a, 0x2c3a, 0x2c3a, 0x2c3a, 0x2c3a, 0x343a, 0x343a, 0x343a, 0x343a, 0x343a, 0x0318, 0x0318, 0x0338,
    0x0318, 0x0318, 0x0318, 0x0318, 0x0318, 0x0338, 0x0318, 0x0338, 0x0338, 0x0338, 0x0338, 0x0318, 0x0338, 0x0318, 0x0318, 0x1905,
    0x1926, 0xbdf6, 0xeeb7, 0xde76, 0xde96, 0x0318, 0x0318, 0x0318, 0x0318, 0x0318, 0x0318, 0x0338, 0x0318, 0x0318, 0x0338, 0x0338,
    0x0318, 0x0318, 0x0318, 0x0318, 0x0318, 0x0318, 0x0318, 0x0318, 0x0318, 0x0317, 0x0317, 0x0317, 0x0317, 0x0318, 0x0318, 0x0318,
    0x0318, 0x0317, 0x0317, 0x0318, 0x0338, 0x0968, 0x08c4, 0x0af5, 0x0338, 0x0338, 0x0318, 0x0318, 0x0318, 0x0318, 0x0318, 0x0338,
    0x0318, 0x0317, 0x2167, 0x1947, 0x1947, 0x0318, 0x0317, 0x0af6, 0x08e5, 0x08e5, 0x0358, 0x0b58, 0x0b37, 0x322a, 0x31ea, 0x29c9,
    0x31e9, 0x320a, 0x31e9, 0x31ea, 0x320a, 0x29ea, 0x31ea, 0x0af5, 0x0338, 0x0338, 0x0338, 0x2167, 0x2167, 0x2167, 0x0317, 0x0338,
    0x0338, 0x0338, 0x0338, 0x0338, 0x0317, 0x08c5, 0x08c4, 0x0358, 0x0318, 0x0318, 0x0317, 0x0317, 0x0317, 0x0318, 0x0318, 0x0318,
    0x0318, 0x0318, 0x0318, 0x0338, 0x0338, 0x0318, 0x0318, 0x0317, 0x0317, 0x0317, 0x0317, 0x0317, 0x0317, 0x0317, 0x0318, 0x0317,
    0x0317, 0x0317, 0x0317, 0x0318, 0x0318, 0x0317, 0x08c4, 0x0905, 0x0358, 0x0316, 0x02f5, 0x02f7, 0x0318, 0x0318, 0x0318, 0x0318,
    0x0318, 0x0338, 0x0318, 0x0318, 0x343a, 0x2c3a, 0x2c3a, 0x2c3a, 0x2c3a, 0x2c3a, 0x2c3a, 0x2c3a, 0x2c3a, 0x2c3a, 0x2c3a, 0x2c3b,
    0x2c3b, 0x2c3a, 0x2c1a, 0x2c3a, 0x2c3a, 0x2c3a, 0x2c3b, 0x1bda, 0x0318, 0x0338, 0x0338, 0x0338, 0x0338, 0x0338, 0x0318, 0x0338,
    0x0318, 0x2c1b, 0x2c1a, 0x2c1b, 0x2c3b, 0x2c3b, 0x2c3a, 0x2c1a, 0x2c3b, 0x345b, 0x0b58, 0x0318, 0x0318, 0x0318, 0x0318, 0x0318,
    0x0318, 0x0318, 0x0338, 0x0318, 0x0318, 0x0338, 0x0318, 0x0338, 0x0318, 0x0318, 0x0318, 0x0318, 0x0318, 0x341a, 0x2c3b, 0x343b,
    0x2c3b, 0x2c3b, 0x2c3b, 0x2c3b, 0x2c3b, 0x1bb9, 0x0338, 0x0318, 0x0318, 0x0338, 0x0338, 0x0318, 0x0318, 0x0318, 0x0338, 0x0338,
    0x0338, 0x0338, 0x1bb9, 0x2c3b, 0x2c3b, 0x2c3a, 0x2c3b, 0x343b, 0x343a, 0x343b, 0x2c3a, 0x343a, 0x2c3a, 0x2c3b, 0x343b, 0x0338,
    0x0318, 0x0318, 0x0318, 0x0318, 0x0318, 0x0318, 0x0318, 0x0318, 0x0318, 0x0317, 0x0317, 0x0338, 0x0338, 0x0338, 0x0317, 0x08a4,
    0x08e5, 0x0338, 0x0338, 0x0317, 0x5cb7, 0x0318, 0x0317, 0x0317, 0x0318, 0x0318, 0x0318, 0x0318, 0x0318, 0x0318, 0x0318, 0x0318,
    0x0318, 0x0318, 0x0318, 0x0318, 0x0317, 0x02f7, 0x0317, 0x0317, 0x0317, 0x02f7, 0x0317, 0x0318, 0x0317, 0x0317, 0x0317, 0x0317,
    0x0318, 0x0317, 0x0317, 0x0317, 0x0317, 0x0969, 0x08e5, 0x0316, 0x0317, 0x0317, 0x0317, 0x0318, 0x0317, 0x0317, 0x0317, 0x0317,
    0x0317, 0x0316, 0x2187, 0x1967, 0x1967, 0x0b17, 0x2a2c, 0x31e9, 0x31e9, 0x31c9, 0x320a, 0x3a0a, 0x320a, 0x31e9, 0x29c9, 0x29c9,
    0x3209, 0x320a, 0x31e9, 0x31e9, 0x31e9, 0x31e9, 0x31e9, 0x31ea, 0x320a, 0x320a, 0x31ea, 0x31e9, 0x31e9, 0x31e9, 0x320a, 0x320a,
    0x320a, 0x320a, 0x31ea, 0x0af6, 0x0317, 0x08e5, 0x08c4, 0x0338, 0x0318, 0x0338, 0x0317, 0x0317, 0x0316, 0x0317, 0x0317, 0x02f7,
    0x0317, 0x0317, 0x0317, 0x0317, 0x0317, 0x0317, 0x0317, 0x0317, 0x0317, 0x0317, 0x02f7, 0x02f7, 0x0317, 0x0317, 0x0317, 0x0317,
    0x0317, 0x0317, 0x0317, 0x0317, 0x0318, 0x0317, 0x08c4, 0x08e5, 0x0317, 0x0317, 0x02f7, 0x02f6, 0x0317, 0x0318, 0x0318, 0x0318,
    0x0318, 0x0338, 0x0318, 0x0318, 0x0338, 0x0338, 0x0337, 0x0338, 0x0338, 0x0338, 0x0338, 0x0338, 0x0338, 0x0338, 0x0338, 0x0359,
    0x0359, 0x0338, 0x0338, 0x0338, 0x0338, 0x0338, 0x0338, 0x0338, 0x0338, 0x0338, 0x0338, 0x0338, 0x0338, 0x0338, 0x0338, 0x241b,
    0x241a, 0x2c1b, 0x2c1b, 0x2c3b, 0x2c3b, 0x2c1b, 0x2c1a, 0x2c3a, 0x2c3b, 0x2c3b, 0x241a, 0x241a, 0x0318, 0x0318, 0x0318, 0x0318,
    0x0318, 0x0318, 0x0338, 0x0318, 0x0318, 0x0338, 0x0338, 0x0338, 0x0338, 0x0338, 0x0338, 0x1bba, 0x23da, 0x2c1a, 0x2c3a, 0x2c3a,
    0x2c3a, 0x2c3a, 0x2c3b, 0x2c3b, 0x2c3b, 0x2c1a, 0x23fa, 0x0318, 0x0318, 0x0318, 0x0318, 0x0318, 0x0318, 0x0318, 0x0318, 0x0338,
    0x2c1a, 0x2c1a, 0x2c3b, 0x2c3b, 0x2c3b, 0x2c3a, 0x2c3b, 0x2c3b, 0x2c3b, 0x343a, 0x2c3a, 0x343a, 0x343a, 0x2c3b, 0x2c3b, 0x241a,
    0x2bfa, 0x0318, 0x0338, 0x0318, 0x0318, 0x0318, 0x0337, 0x0317, 0x0317, 0x0317, 0x0317, 0x0338, 0x0338, 0x0338, 0x0317, 0x08a3,
    0x08e5, 0x0318, 0x0338, 0x0317, 0x0317, 0x0337, 0x0317, 0x0317, 0x0318, 0x0318, 0x0318, 0x0318, 0x0318, 0x0318, 0x0318, 0x0318,
    0x0318, 0x0317, 0x0318, 0x0318, 0x0317, 0x0317, 0x0318, 0x0318, 0x0317, 0x02f7, 0x02f7, 0x02f7, 0x0317, 0x0317, 0x02f7, 0x02f7,
    0x0318, 0x0317, 0x0317, 0x0317, 0x0317, 0x0968, 0x0905, 0x02d4, 0x02f6, 0x02f7, 0x0af6, 0x320a, 0x320a, 0x320a, 0x320a, 0x320a,
    0x31ea, 0x31e9, 0x31e9, 0x31e9, 0x31e9, 0x320a, 0x3209, 0x31e9, 0x31e9, 0x31e9, 0x31e9, 0x31e9, 0x31e9, 0x31e9, 0x31c9, 0x29c9,
    0x320a, 0x31e9, 0x31e9, 0x31e9, 0x31e9, 0x31c9, 0x31e9, 0x3a0a, 0x320a, 0x3209, 0x31e9, 0x31e9, 0x31e9, 0x31e9, 0x31e9, 0x31e9,
    0x31e9, 0x31e9, 0x31e9, 0x31e9, 0x31e9, 0x31e9, 0x31e9, 0x31e9, 0x320a, 0x320a, 0x3209, 0x29e9, 0x29e9, 0x29ea, 0x320a, 0x320a,
    0x320a, 0x3209, 0x320a, 0x320a, 0x0af6, 0x0b17, 0x0b17, 0x0317, 0x0b17, 0x02f7, 0x02f6, 0x02f6, 0x02f7, 0x0317, 0x0317, 0x0317,
    0x0317, 0x0317, 0x0317, 0x02f7, 0x0317, 0x0337, 0x08e4, 0x08a3, 0x02f6, 0x0317, 0x02f7, 0x02f7, 0x0317, 0x0318, 0x0318, 0x0318,
    0x0318, 0x0318, 0x0337, 0x0338, 0x0338, 0x0338, 0x0338, 0x0338, 0x0338, 0x0338, 0x0338, 0x0338, 0x0338, 0x0338, 0x0338, 0x0359,
    0x0359, 0x0338, 0x0338, 0x0338, 0x0338, 0x0339, 0x0338, 0x0338, 0x0338, 0x0338, 0x0338, 0x0338, 0x0359, 0x0b79, 0x1399, 0x2c1b,
    0x241a, 0x241a, 0x2c1a, 0x2c1b, 0x2c1b, 0x2c1b, 0x2c1a, 0x2c1a, 0x2c1b, 0x2c3b, 0x2c3b, 0x2c3b, 0x02f8, 0x0318, 0x0318, 0x0318,
    0x0318, 0x0318, 0x0318, 0x0318, 0x0318, 0x0338, 0x0338, 0x0338, 0x0338, 0x0338, 0x0338, 0x0318, 0x02f7, 0x02f8, 0x0318, 0x0338,
    0x0318, 0x0318, 0x0338, 0x0338, 0x0338, 0x0318, 0x0318, 0x0318, 0x0318, 0x0318, 0x0318, 0x0318, 0x0318, 0x0318, 0x0338, 0x0338,
    0x0338, 0x0338, 0x0318, 0x0339, 0x0339, 0x0338, 0x0318, 0x0318, 0x0318, 0x0318, 0x0318, 0x0317, 0x0338, 0x0338, 0x0338, 0x0338,
    0x0b38, 0x0318, 0x0318, 0x0318, 0x0318, 0x0317, 0x0317, 0x0317, 0x0337, 0x0337, 0x0317, 0x0317, 0x0338, 0x0318, 0x0317, 0x0083,
    0x08a4, 0x02f7, 0x0338, 0x0317, 0x0317, 0x02f7, 0x02f7, 0x02f7, 0x0317, 0x0317, 0x0317, 0x0317, 0x0317, 0x0317, 0x0317, 0x0317,
    0x0317, 0x0317, 0x0317, 0x0317, 0x0317, 0x0af6, 0x0317, 0x0af7, 0x0af7, 0x0af6, 0x02f6, 0x0af6, 0x29e9, 0x31e9, 0x31e9, 0x31e9,
    0x320a, 0x31e9, 0x320a, 0x31e9, 0x31c8, 0x29c8, 0x31c8, 0x31c9, 0x31c9, 0x31c8, 0x31c9, 0x31c9, 0x31e9, 0x31e9, 0x31e9, 0x31e9,
    0x31e9, 0x31e9, 0x31e9, 0x31e9, 0x31e9, 0x31e9, 0x31e9, 0x31e9, 0x31e9, 0x31e9, 0x31c8, 0x31e9, 0x31e9, 0x31c9, 0x2188, 0x2187,
    0x1126, 0x1126, 0x1126, 0x31e9, 0x31e9, 0x31c9, 0x21a8, 0x1947, 0x1947, 0x29c9, 0x31e9, 0x31e9, 0x31c8, 0x1926, 0x1967, 0x31c9,
    0x31e9, 0x31e9, 0x31e9, 0x31e9, 0x29c9, 0x31e9, 0x31e9, 0x31e9, 0x31e9, 0x31e9, 0x31e9, 0x31c9, 0x29c8, 0x31e9, 0x31e9, 0x31e9,
    0x31e9, 0x31e9, 0x31e9, 0x31e9, 0x3209, 0x320a, 0x31ea, 0x31e9, 0x31e9, 0x31e9, 0x31e9, 0x3209, 0x3209, 0x31e9, 0x31e9, 0x31e9,
    0x320a, 0x320a, 0x29ea, 0x31e9, 0x220c, 0x02d5, 0x08e4, 0x08c4, 0x02b4, 0x0317, 0x0317, 0x0317, 0x0318, 0x0338, 0x0338, 0x0317,
    0x0318, 0x0317, 0x0337, 0x0338, 0x0358, 0x0358, 0x0338, 0x0338, 0x0338, 0x0338, 0x0318, 0x0318, 0x0338, 0x0339, 0x0339, 0x0339,
    0x0338, 0x0338, 0x0318, 0x0318, 0x0338, 0x0338, 0x0338, 0x0338, 0x0338, 0x0338, 0x0338, 0x0338, 0x0358, 0x0358, 0x0338, 0x0337,
    0x0317, 0x0317, 0x0338, 0x0338, 0x0338, 0x0338, 0x0338, 0x0338, 0x0337, 0x0337, 0x0337, 0x0338, 0x0318, 0x02f8, 0x02f7, 0x0317,
    0x02f8, 0x02f7, 0x0317, 0x0318, 0x0318, 0x0318, 0x0338, 0x0338, 0x0338, 0x0338, 0x0318, 0x0318, 0x0317, 0x0317, 0x0317, 0x02f7,
    0x0317, 0x0318, 0x0318, 0x0338, 0x0338, 0x0318, 0x0318, 0x0317, 0x0317, 0x0317, 0x0317, 0x0318, 0x0318, 0x0338, 0x0338, 0x0318,
    0x0338, 0x0338, 0x0318, 0x0338, 0x0338, 0x0338, 0x0318, 0x0318, 0x0318, 0x0318, 0x0317, 0x0317, 0x0317, 0x0337, 0x0338, 0x0318,
    0x0317, 0x0317, 0x0317, 0x0317, 0x0317, 0x02f7, 0x0317, 0x0317, 0x0317, 0x0317, 0x0317, 0x0317, 0x0317, 0x0317, 0x02f7, 0x0082,
    0x00a3, 0x02b5, 0x0317, 0x0318, 0x0317, 0x0317, 0x02f6, 0x320a, 0x320a, 0x320a, 0x320a, 0x31e9, 0x31ea, 0x31e9, 0x31ea, 0x31e9,
    0x31e9, 0x31e9, 0x31e9, 0x3209, 0x320a, 0x320a, 0x3209, 0x29e9, 0x29e9, 0x31ea, 0x31e9, 0x31e9, 0x29c9, 0x31e9, 0x31e9, 0x31e9,
    0x31e9, 0x31e9, 0x31e9, 0x31e9, 0x31c9, 0x29c9, 0x31c9, 0x31c9, 0x31c9, 0x31e9, 0x31e9, 0x31c9, 0x29a8, 0x29a8, 0x31e9, 0x31e9,
    0x31e9, 0x1947, 0x2188, 0x31c9, 0x31c9, 0x31c9, 0x1947, 0x1946, 0x1126, 0x1105, 0x29a8, 0x31c8, 0x31c8, 0x1106, 0x1105, 0x1105,
    0x1126, 0x1126, 0x1126, 0x31e9, 0x31e9, 0x29c9, 0x29c8, 0x1946, 0x1126, 0x29c8, 0x320a, 0x31e9, 0x31a8, 0x1106, 0x1947, 0x31e9,
    0x31c9, 0x31e9, 0x31e9, 0x31e9, 0x31c9, 0x31e9, 0x31e9, 0x31e9, 0x31e9, 0x31e9, 0x3a0a, 0x31c9, 0x29c9, 0x31e9, 0x31e9, 0x31e9,
    0x31e9, 0x31e9, 0x31e9, 0x31e9, 0x3209, 0x320a, 0x31e9, 0x31e9, 0x31e9, 0x31e9, 0x3209, 0x3209, 0x31e9, 0x31e9, 0x31e9, 0x31e9,
    0x3a0a, 0x320a, 0x31e9, 0x31e9, 0x31e9, 0x31c8, 0x29c8, 0x31e9, 0x31c9, 0x31e9, 0x31e9, 0x31ea, 0x320a, 0x320a, 0x31e9, 0x31e9,
    0x31ea, 0x320a, 0x320a, 0x320a, 0x320a, 0x3a0a, 0x3a0a, 0x3a0a, 0x3a2a, 0x3a2a, 0x3209, 0x320a, 0x3a2a, 0x3a2a, 0x3a2a, 0x320a,
    0x12b3, 0x0af5, 0x0af6, 0x0b16, 0x0b16, 0x0b37, 0x0b37, 0x0b37, 0x0b37, 0x0b37, 0x0b38, 0x0b38, 0x0b17, 0x0b57, 0x0b57, 0x0b17,
    0x0b16, 0x0b17, 0x0b37, 0x0b37, 0x0b38, 0x0b37, 0x0b38, 0x0b38, 0x0b37, 0x0b37, 0x0b37, 0x0b37, 0x1317, 0x0af6, 0x0ad6, 0x0ad6,
    0x0ad6, 0x02d6, 0x0af6, 0x0b17, 0x0b17, 0x0b17, 0x0b17, 0x0b37, 0x0b37, 0x0b37, 0x0b37, 0x0b16, 0x0af6, 0x0b17, 0x0b17, 0x0af6,
    0x0af5, 0x0af6, 0x0b17, 0x0b37, 0x0b37, 0x0b16, 0x0af6, 0x0af6, 0x0af6, 0x0b16, 0x0b16, 0x0b17, 0x0b16, 0x0b17, 0x0b37, 0x0af6,
    0x0b16, 0x0b38, 0x0b37, 0x0b37, 0x0b37, 0x0b17, 0x0b16, 0x0b16, 0x0b17, 0x0b15, 0x226d, 0x1a90, 0x3209, 0x3a2a, 0x3a2a, 0x3a2a,
    0x3209, 0x320a, 0x3a09, 0x3a09, 0x3a09, 0x3209, 0x320a, 0x3a0a, 0x3a2a, 0x320a, 0x320a, 0x3a0a, 0x320a, 0x31e9, 0x31e9, 0x31e9,
    0x31c9, 0x31c9, 0x31ea, 0x320a, 0x3209, 0x31e9, 0x31e9, 0x31e9, 0x31e9, 0x320a, 0x3209, 0x31e9, 0x31e9, 0x31e9, 0x31e9, 0x31e9,
    0x3209, 0x31e9, 0x31e9, 0x3209, 0x3209, 0x31e9, 0x31e9, 0x31e9, 0x31e9, 0x31e9, 0x31e9, 0x31c9, 0x31e9, 0x31c9, 0x31e9, 0x31e9,
    0x31e9, 0x31e9, 0x31e9, 0x31e9, 0x29c9, 0x29c9, 0x31e9, 0x31c9, 0x31c8, 0x31c9, 0x31c9, 0x29a8, 0x31c9, 0x2188, 0x31e9, 0x31e9,
    0x31e9, 0x1946, 0x2188, 0x29a8, 0x31c8, 0x29a8, 0x1126, 0x1126, 0x1126, 0x1126, 0x29a8, 0x29a8, 0x31c9, 0x1106, 0x1105, 0x1105,
    0x1126, 0x1126, 0x1126, 0x1126, 0x1126, 0x1106, 0x1126, 0x1126, 0x1105, 0x1106, 0x1926, 0x29a8, 0x2167, 0x1105, 0x1106, 0x1106,
    0x2167, 0x31e9, 0x2167, 0x1106, 0x1106, 0x2167, 0x31e9, 0x31c9, 0x29a8, 0x31e9, 0x3209, 0x1946, 0x1947, 0x31c9, 0x31e9, 0x31e9,
    0x31c9, 0x31e9, 0x1126, 0x29c8, 0x31e9, 0x3209, 0x31e9, 0x31c9, 0x31c9, 0x31e9, 0x3a09, 0x3209, 0x31e9, 0x31e9, 0x31e9, 0x31e9,
    0x3209, 0x3209, 0x31e9, 0x31e9, 0x31e9, 0x31c9, 0x29a8, 0x31c8, 0x31e9, 0x31e9, 0x31e9, 0x31e9, 0x31e9, 0x31e9, 0x31e9, 0x31e9,
    0x31e9, 0x320a, 0x3209, 0x3209, 0x31e9, 0x3a09, 0x3a09, 0x3a0a, 0x3a0a, 0x3a09, 0x3a09, 0x3a09, 0x3a0a, 0x3a0a, 0x3a0a, 0x31e9,
    0x3209, 0x3209, 0x3209, 0x3a0a, 0x320a, 0x3209, 0x320a, 0x320a, 0x320a, 0x3a2a, 0x3a2a, 0x3209, 0x31e9, 0x320a, 0x322a, 0x3209,
    0x31e9, 0x320a, 0x320a, 0x320a, 0x320a, 0x322a, 0x322a, 0x320a, 0x320a, 0x320a, 0x320a, 0x322a, 0x322a, 0x320a, 0x3209, 0x31e9,
    0x31e9, 0x31e9, 0x31e9, 0x31e9, 0x320a, 0x320a, 0x320a, 0x320a, 0x3a2a, 0x3a2a, 0x320a, 0x3209, 0x320a, 0x3a2a, 0x320a, 0x3209,
    0x3209, 0x320a, 0x320a, 0x3a2a, 0x3a2a, 0x320a, 0x3209, 0x320a, 0x320a, 0x320a, 0x320a, 0x320a, 0x31e9, 0x3209, 0x3209, 0x31e9,
    0x320a, 0x322a, 0x322a, 0x322a, 0x320a, 0x3209, 0x3209, 0x320a, 0x31e9, 0x31e9, 0x31e9, 0x31e9, 0x320a, 0x320a, 0x320a, 0x320a,
    0x31e9, 0x320a, 0x320a, 0x3a09, 0x3209, 0x31e9, 0x31e9, 0x3209, 0x3a09, 0x3209, 0x31e9, 0x3209, 0x31e9, 0x31e9, 0x31e9, 0x3a0a,
    0x39e9, 0x31e9, 0x31e9, 0x31e9, 0x31c9, 0x31e9, 0x31e9, 0x31e9, 0x31e9, 0x31e9, 0x31e9, 0x31e9, 0x31e9, 0x3209, 0x31e9, 0x31e9,
    0x31e9, 0x31e9, 0x31e9, 0x31e9, 0x3209, 0x3a09, 0x31e9, 0x31e9, 0x31e9, 0x31e9, 0x31e9, 0x29c9, 0x31ea, 0x31e9, 0x1126, 0x31e9,
    0x31c9, 0x31c9, 0x31c9, 0x2187, 0x1926, 0x320a, 0x3209, 0x31c8, 0x29a8, 0x29a8, 0x2188, 0x1106, 0x1105, 0x1126, 0x1126, 0x29c9,
    0x1126, 0x1126, 0x1126, 0x1105, 0x1105, 0x1106, 0x1106, 0x1106, 0x1126, 0x1126, 0x1106, 0x1105, 0x1105, 0x1105, 0x1105, 0x1105,
    0x1126, 0x1967, 0x2987, 0x2987, 0x1126, 0x1126, 0x1126, 0x1105, 0x1105, 0x1106, 0x1126, 0x1105, 0x1926, 0x2146, 0x1106, 0x1105,
    0x1105, 0x1106, 0x1106, 0x1106, 0x1106, 0x1105, 0x1106, 0x2967, 0x10e5, 0x10e5, 0x1106, 0x1126, 0x1126, 0x1127, 0x2988, 0x31c9,
    0x1126, 0x1105, 0x1126, 0x1947, 0x31e9, 0x31e9, 0x31c9, 0x1126, 0x1126, 0x1947, 0x3a2a, 0x29c9, 0x31e9, 0x1147, 0x1947, 0x1926,
    0x31e9, 0x31e9, 0x1968, 0x29c9, 0x320a, 0x31c9, 0x10e5, 0x1105, 0x31e9, 0x31e9, 0x31e9, 0x31e9, 0x31e9, 0x31c9, 0x31e9, 0x31e9,
    0x31e9, 0x21eb, 0x320a, 0x31e9, 0x39e9, 0x3a0a, 0x3a0a, 0x3a0a, 0x3209, 0x3a09, 0x3209, 0x3a09, 0x3a0a, 0x3a0a, 0x3a0a, 0x2188,
    0x31e9, 0x3a0a, 0x3a0a, 0x3a2a, 0x31ea, 0x31e9, 0x320a, 0x29ea, 0x320a, 0x3a2a, 0x3a2a, 0x320a, 0x320a, 0x3a0a, 0x3a0a, 0x31e9,
    0x320a, 0x3a0a, 0x31ea, 0x320a, 0x320a, 0x320a, 0x320a, 0x31e9, 0x320a, 0x3a0a, 0x3a0a, 0x320a, 0x320a, 0x31e9, 0x31e9, 0x31e9,
    0x31e9, 0x320a, 0x31e9, 0x31e9, 0x31e9, 0x31ea, 0x320a, 0x3a0a, 0x3a0a, 0x3a0a, 0x320a, 0x320a, 0x3a0a, 0x3a2a, 0x3a0a, 0x320a,
    0x31e9, 0x320a, 0x320a, 0x3a0a, 0x320a, 0x3209, 0x31e9, 0x3a0a, 0x320a, 0x320a, 0x320a, 0x31e9, 0x31e9, 0x31e9, 0x31e9, 0x31e9,
    0x320a, 0x3a0a, 0x3a2a, 0x320a, 0x320a, 0x320a, 0x29e9, 0x29ca, 0x31e9, 0x31e9, 0x31e9, 0x320a, 0x320a, 0x320a, 0x31e9, 0x31e9,
    0x31e9, 0x320a, 0x320a, 0x3a09, 0x31e9, 0x31e9, 0x31e9, 0x31e9, 0x320a, 0x1988, 0x29e9, 0x31e9, 0x31c9, 0x31c9, 0x31e9, 0x1988,
    0x1947, 0x31c9, 0x31e9, 0x31e9, 0x1926, 0x31a8, 0x31e9, 0x31e9, 0x29c9, 0x1126, 0x31e9, 0x29a8, 0x1968, 0x31e9, 0x31e9, 0x31e9,
    0x1146, 0x1126, 0x31c9, 0x29c9, 0x31e9, 0x3a2a, 0x1126, 0x1126, 0x31c9, 0x31c9, 0x1926, 0x1106, 0x1126, 0x1127, 0x1106, 0x1126,
    0x31e9, 0x29a8, 0x1126, 0x1106, 0x1106, 0x1126, 0x1126, 0x1105, 0x2105, 0x1905, 0x1106, 0x1105, 0x1106, 0x1106, 0x1126, 0x1106,
    0x1105, 0x1126, 0x1126, 0x1126, 0x3145, 0x0928, 0x0927, 0x1105, 0x1126, 0x1126, 0x1126, 0x1926, 0x31a7, 0x31a7, 0x1126, 0x1106,
    0x09ee, 0x21aa, 0x2986, 0x3187, 0x3186, 0x31a7, 0x31a7, 0x1106, 0x016b, 0x09ac, 0x09ce, 0x1926, 0x1947, 0x29a8, 0x29a8, 0x1105,
    0x10e5, 0x1106, 0x1126, 0x1106, 0x1105, 0x1148, 0x19aa, 0x2987, 0x1926, 0x1106, 0x1106, 0x1106, 0x1126, 0x1126, 0x1126, 0x1926,
    0x1105, 0x1105, 0x1126, 0x1126, 0x1147, 0x1126, 0x1105, 0x1106, 0x1926, 0x1946, 0x1946, 0x1126, 0x1126, 0x1126, 0x1926, 0x1126,
    0x1905, 0x2945, 0x1106, 0x1947, 0x1946, 0x1105, 0x1105, 0x1105, 0x1105, 0x31e9, 0x3a09, 0x1947, 0x1105, 0x31c8, 0x31e9, 0x29a8,
    0x2146, 0x1126, 0x2167, 0x2167, 0x2167, 0x3a0a, 0x2188, 0x1967, 0x1946, 0x31e9, 0x31e9, 0x2187, 0x3a0a, 0x3a09, 0x1967, 0x1947,
    0x1967, 0x3a0a, 0x3a4a, 0x3a09, 0x1947, 0x1126, 0x1926, 0x1926, 0x3a0a, 0x3a0a, 0x2167, 0x1946, 0x21a8, 0x3a09, 0x39e9, 0x1946,
    0x1967, 0x1967, 0x29a8, 0x31e9, 0x1126, 0x1926, 0x29c8, 0x29a8, 0x1947, 0x2188, 0x3a0a, 0x3209, 0x1926, 0x1926, 0x31e9, 0x29a8,
    0x1126, 0x1126, 0x1126, 0x1946, 0x31e9, 0x29c8, 0x1946, 0x2188, 0x31e9, 0x31e9, 0x1926, 0x2188, 0x3a2a, 0x3a2a, 0x2187, 0x1926,
    0x1946, 0x1946, 0x31e8, 0x31c8, 0x2988, 0x1947, 0x29c9, 0x3a09, 0x2187, 0x1946, 0x31c9, 0x2188, 0x2167, 0x31c9, 0x21a8, 0x1967,
    0x1947, 0x320a, 0x320a, 0x1946, 0x31e9, 0x3a09, 0x1147, 0x1106, 0x31a8, 0x29c8, 0x1947, 0x1967, 0x3a0a, 0x31e9, 0x2187, 0x1926,
    0x1946, 0x1967, 0x2167, 0x39e9, 0x31e9, 0x1126, 0x1926, 0x29a8, 0x1946, 0x1946, 0x2188, 0x31c9, 0x31e9, 0x2167, 0x2167, 0x1947,
    0x1926, 0x2146, 0x29a8, 0x2167, 0x1126, 0x1106, 0x2188, 0x2988, 0x1126, 0x1106, 0x1106, 0x1926, 0x1947, 0x1946, 0x2167, 0x1947,
    0x1126, 0x1147, 0x1106, 0x1105, 0x1926, 0x1126, 0x1126, 0x1105, 0x10e5, 0x10e5, 0x1106, 0x1126, 0x1106, 0x1126, 0x1106, 0x1106,
    0x1106, 0x1946, 0x1926, 0x1105, 0x1106, 0x1126, 0x1127, 0x1926, 0x31a7, 0x39e8, 0x3986, 0x1106, 0x1106, 0x1106, 0x21ca, 0x1126,
    0x1105, 0x1946, 0x29a7, 0x31e8, 0x1925, 0x09ad, 0x09ac, 0x0906, 0x1106, 0x1126, 0x39c7, 0x39a6, 0x39a7, 0x31a7, 0x29ca, 0x19ed,
    0x09ee, 0x19cb, 0x31c7, 0x39a6, 0x7aa7, 0x6247, 0x31a7, 0x2966, 0x2189, 0x098c, 0x09ad, 0x29a8, 0x29a8, 0x29a8, 0x2987, 0x1925,
    0x10e5, 0x1106, 0x118b, 0x1148, 0x1926, 0x1169, 0x21a9, 0x31a8, 0x29a8, 0x1106, 0x1105, 0x1127, 0x1127, 0x31a7, 0x31a7, 0x2125,
    0x2986, 0x1906, 0x1126, 0x1126, 0x1126, 0x1106, 0x1105, 0x1126, 0x1126, 0x1946, 0x1946, 0x1126, 0x1126, 0x1126, 0x1126, 0x1126,
    0x1105, 0x10e4, 0x1105, 0x1126, 0x1105, 0x1105, 0x1105, 0x1105, 0x08e5, 0x1126, 0x1126, 0x1105, 0x1105, 0x1105, 0x1126, 0x10e5,
    0x10c4, 0x10e5, 0x1926, 0x1926, 0x1105, 0x10e5, 0x1126, 0x1126, 0x1105, 0x1105, 0x1946, 0x1946, 0x1947, 0x1126, 0x10e5, 0x10e5,
    0x1106, 0x1926, 0x1946, 0x1946, 0x1126, 0x10e4, 0x10e4, 0x10e5, 0x10c4, 0x10e4, 0x1105, 0x1126, 0x1926, 0x1925, 0x10e5, 0x1126,
    0x1947, 0x1926, 0x10e4, 0x10e4, 0x10e4, 0x10e4, 0x10e5, 0x10e4, 0x1105, 0x1947, 0x1926, 0x1105, 0x10e5, 0x10e5, 0x10e5, 0x1105,
    0x10e5, 0x10c4, 0x10e5, 0x1105, 0x1926, 0x1105, 0x10e5, 0x10e5, 0x10e5, 0x10e4, 0x1105, 0x1926, 0x1105, 0x10e5, 0x1105, 0x1126,
    0x1126, 0x1105, 0x10e5, 0x10c4, 0x10e5, 0x1926, 0x2146, 0x1905, 0x1105, 0x10e4, 0x10c4, 0x10c4, 0x10c4, 0x1105, 0x1946, 0x1946,
    0x1926, 0x1926, 0x1947, 0x1926, 0x1105, 0x1126, 0x1105, 0x08c4, 0x10c4, 0x10e5, 0x1926, 0x1947, 0x1926, 0x1105, 0x10e5, 0x10e5,
    0x1105, 0x1126, 0x1946, 0x1926, 0x10e5, 0x10e5, 0x1105, 0x10c4, 0x10e4, 0x1105, 0x1126, 0x1126, 0x1926, 0x1126, 0x1105, 0x10e5,
    0x1105, 0x1926, 0x1926, 0x1926, 0x1926, 0x1126, 0x1126, 0x1126, 0x1126, 0x1126, 0x1106, 0x1926, 0x1946, 0x1926, 0x1126, 0x1126,
    0x1126, 0x1147, 0x1126, 0x1126, 0x1126, 0x1126, 0x1126, 0x1105, 0x10e5, 0x1105, 0x1106, 0x1148, 0x1127, 0x1126, 0x1148, 0x2188,
    0x2966, 0x39c7, 0x39a7, 0x1926, 0x1126, 0x1148, 0x09ab, 0x1967, 0x31a8, 0x41e8, 0x3186, 0x1126, 0x1169, 0x118a, 0x11ed, 0x1147,
    0x1126, 0x2167, 0x31a7, 0x31e8, 0x1946, 0x09ac, 0x09ad, 0x098c, 0x1106, 0x1926, 0x39a6, 0xab27, 0x41a6, 0x39a7, 0x21eb, 0x19ed,
    0x11cb, 0x29e9, 0x41e7, 0x6a66, 0xf4c8, 0xcc2a, 0x39c6, 0x2986, 0x2967, 0x1149, 0x0949, 0x21a9, 0x222d, 0x322c, 0x2987, 0x1926,
    0x1126, 0x0949, 0x09ce, 0x098b, 0x2146, 0x29a7, 0x29a7, 0x31c8, 0x31c8, 0x1126, 0x1105, 0x098b, 0x098b, 0x31c7, 0x5207, 0x49c6,
    0x3186, 0x2987, 0x1127, 0x1126, 0x0949, 0x098c, 0x2167, 0x2987, 0x1946, 0x1926, 0x1126, 0x0949, 0x31c8, 0x31a7, 0x1126, 0x1126,
    0x1126, 0x1105, 0x3186, 0x39a6, 0x3186, 0x39a6, 0x1925, 0x1105, 0x0927, 0x0906, 0x1128, 0x1926, 0x1905, 0x1925, 0x1926, 0xef3a,
    0xf758, 0xf758, 0xff79, 0xff7a, 0xff59, 0xf758, 0xf759, 0xf758, 0xf758, 0xff58, 0xff7a, 0xff7a, 0xff7a, 0xff59, 0xff37, 0xf758,
    0xff59, 0xff79, 0xff79, 0xff7a, 0xff7a, 0xf759, 0xf737, 0xff58, 0xf758, 0xf757, 0xf758, 0xff7a, 0xff7a, 0xff79, 0xff7a, 0xff7a,
    0xff79, 0xff58, 0xff79, 0xff79, 0xf757, 0xff57, 0xff79, 0xff7a, 0xff7a, 0xff59, 0xff58, 0xff57, 0xff58, 0xff7a, 0xff9b, 0xff7a,
    0xff59, 0xf758, 0xf758, 0xff79, 0xff7a, 0xff7a, 0xf759, 0xf758, 0xf757, 0xf758, 0xff7a, 0xff9b, 0xff7a, 0xff79, 0xff7a, 0xff9b,
    0xff79, 0xf757, 0xff37, 0xf758, 0xff59, 0xff9a, 0xff7a, 0xf758, 0xf758, 0xff58, 0xf758, 0xf758, 0xff7a, 0xff79, 0xff79, 0xff7a,
    0xff79, 0xff79, 0xff7a, 0xff79, 0xf758, 0xf759, 0xf759, 0xff58, 0xf758, 0xff58, 0xff7a, 0xff7b, 0xff79, 0xff59, 0xf737, 0xf737,
    0xf758, 0xff59, 0xff7a, 0xff79, 0xf779, 0xff59, 0xff59, 0xff58, 0xf758, 0xff79, 0xff79, 0xff59, 0xff7a, 0xff59, 0xf758, 0xf737,
    0xf738, 0x1946, 0x1905, 0x1926, 0x2167, 0x11cd, 0x1127, 0x1106, 0x1106, 0x3186, 0x31a6, 0x39a6, 0x39a6, 0x2966, 0x2967, 0x1126,
    0x1126, 0x1988, 0x29a9, 0x39a7, 0x1926, 0x1106, 0x1127, 0x2167, 0x3187, 0x1926, 0x1148, 0x09ad, 0x096a, 0x1149, 0x21a9, 0x31a7,
    0x6a26, 0x6226, 0x41e7, 0x2967, 0x1148, 0x1149, 0x098b, 0x21a9, 0x31e9, 0x4208, 0x3185, 0x2146, 0x09ab, 0x09ce, 0x09ef, 0x118a,
    0x1946, 0x2987, 0x31a7, 0x51e6, 0x39a6, 0x1127, 0x118b, 0x09ac, 0x2966, 0x2146, 0x82c7, 0xfd6c, 0x6247, 0x39c7, 0x19ec, 0x11ed,
    0x1946, 0x31c8, 0x41e7, 0xec68, 0xecc9, 0xeca8, 0x8ae7, 0x39e8, 0x2146, 0x1106, 0x0906, 0x1a0d, 0x2ad1, 0x62ee, 0x61c6, 0x1946,
    0x1947, 0x09ee, 0x09ef, 0x0949, 0x1905, 0x39c7, 0x31c7, 0x31a7, 0x31c7, 0x1126, 0x1105, 0x096b, 0x09cc, 0x1967, 0xc346, 0xe3c6,
    0x3186, 0x2166, 0x1127, 0x094a, 0x09ce, 0x09ad, 0x1946, 0x2167, 0x2987, 0x0948, 0x0927, 0x09cd, 0x31c9, 0x31c9, 0x0949, 0x1169,
    0x1127, 0x1926, 0x3186, 0x31a6, 0x3986, 0x39a7, 0x1925, 0x1905, 0x09ee, 0x096a, 0x098b, 0x2966, 0x2146, 0x2125, 0x1926, 0xf738,
    0xff78, 0xff78, 0xff79, 0xff99, 0xff78, 0xff58, 0xff58, 0xff58, 0xff78, 0xff79, 0xff79, 0xff79, 0xff78, 0xff58, 0xff57, 0xff78,
    0xff79, 0xff79, 0xff79, 0xff79, 0xff9a, 0xff99, 0xff58, 0xff57, 0xff58, 0xff58, 0xff57, 0xff79, 0xff99, 0xff79, 0xff99, 0xff9a,
    0xff78, 0xff58, 0xff79, 0xff79, 0xff58, 0xff57, 0xff99, 0xff9a, 0xff9a, 0xff78, 0xff57, 0xff57, 0xff79, 0xff9a, 0xff9a, 0xff79,
    0xff78, 0xff78, 0xff78, 0xff79, 0xff79, 0xff79, 0xff78, 0xff78, 0xff58, 0xff78, 0xff9a, 0xff9a, 0xff78, 0xff78, 0xff9a, 0xff9b,
    0xff99, 0xff57, 0xff57, 0xff58, 0xff79, 0xff79, 0xff79, 0xff57, 0xff58, 0xff79, 0xff79, 0xff79, 0xff9a, 0xff99, 0xff78, 0xff79,
    0xff79, 0xff78, 0xff79, 0xff79, 0xff78, 0xff78, 0xff99, 0xff79, 0xff78, 0xff78, 0xff79, 0xff79, 0xff79, 0xff78, 0xff58, 0xff58,
    0xff58, 0xff78, 0xff79, 0xff79, 0xff79, 0xff79, 0xff78, 0xff58, 0xff58, 0xff78, 0xff79, 0xff79, 0xff79, 0xff78, 0xff58, 0xff78,
    0xf738, 0x2166, 0x1905, 0x1926, 0x2988, 0x09ee, 0x11ab, 0x1148, 0x1106, 0x31a6, 0x39a7, 0x3985, 0x3986, 0x31a6, 0x31a7, 0x0927,
    0x1147, 0x118a, 0x19cb, 0x39a7, 0x1968, 0x10e5, 0x11ac, 0x21cb, 0x41c6, 0x39a6, 0x21a9, 0x11ac, 0x09ad, 0x09ac, 0x2925, 0x49e7,
    0xf4e9, 0xd3a7, 0x4208, 0x2168, 0x09ad, 0x0906, 0x1106, 0x29eb, 0x2a0a, 0x3a08, 0x31a6, 0x31a7, 0x1148, 0x116a, 0x0a10, 0x0a30,
    0x2166, 0x31c8, 0x7206, 0xd306, 0x59c5, 0x0906, 0x1149, 0x1169, 0x4208, 0x41c7, 0xf52c, 0xfd6c, 0xfceb, 0x41c7, 0x1947, 0x1127,
    0x2166, 0x31a7, 0x4a08, 0x7288, 0xeca8, 0xcc08, 0x6288, 0x4209, 0x31c8, 0x11ab, 0x118a, 0x1a0e, 0x4a8d, 0xa267, 0x9a66, 0x2167,
    0x21a9, 0x09cd, 0x09cc, 0x098a, 0x2167, 0x4a07, 0x49e6, 0xf52c, 0x41a6, 0x39a6, 0x31a8, 0x116a, 0x1168, 0x5228, 0xe3c6, 0xfd4c,
    0xe428, 0x2166, 0x1105, 0x1127, 0x09ac, 0x09ad, 0x21c8, 0x31a8, 0x31a8, 0x096b, 0x0949, 0x09ac, 0x31e9, 0x49e8, 0x11cc, 0x098c,
    0x1926, 0x29a8, 0x39c6, 0xb388, 0xf4a9, 0x2945, 0x2125, 0x1926, 0x09ee, 0x09ac, 0x09ac, 0x09cd, 0x2167, 0x2965, 0x2945, 0xf759,
    0xff79, 0xff79, 0xe6d7, 0xd615, 0xeef7, 0xd675, 0xce15, 0xd656, 0xdeb7, 0xdeb7, 0xf719, 0xeef8, 0xe6b7, 0xe697, 0xf718, 0xf739,
    0xef19, 0xe6d7, 0xf718, 0xf718, 0xeef8, 0xeef8, 0xf739, 0xef18, 0xef18, 0xe6d7, 0xf718, 0xeef7, 0xeef8, 0xde96, 0xf718, 0xeef8,
    0xe6d8, 0xde76, 0xf738, 0xeef8, 0xe6f8, 0xe696, 0xf759, 0xef19, 0xef19, 0xe6d7, 0xeed7, 0xd676, 0xeef8, 0xf739, 0xf75a, 0xe6d8,
    0xe6d8, 0xef19, 0xf739, 0xe6b7, 0xde75, 0xe6b7, 0xeef7, 0xde96, 0xd676, 0xeef8, 0xef18, 0xe6b6, 0xde75, 0xeef8, 0xf739, 0xeef9,
    0xe6d7, 0xeef8, 0xe696, 0xe6b7, 0xe6b7, 0xf718, 0xde95, 0xde96, 0xde96, 0xf739, 0xef19, 0xef1a, 0xeef9, 0xf738, 0xe6d6, 0xe6b7,
    0xe697, 0xeef7, 0xde96, 0xe6b7, 0xde95, 0xeef7, 0xef19, 0xef19, 0xf719, 0xf739, 0xe6b7, 0xe6b6, 0xeed7, 0xf718, 0xe697, 0xde97,
    0xf718, 0xef17, 0xde96, 0xde76, 0xe6d7, 0xeef8, 0xd677, 0xde77, 0xeed7, 0xde75, 0xde75, 0xf6f7, 0xbd93, 0xeef8, 0xff79, 0xff79,
    0xf737, 0x2945, 0x2945, 0x3166, 0x39a7, 0x19cb, 0x09ee, 0x11ed, 0x1168, 0x3186, 0x3986, 0xe408, 0x61e6, 0x2986, 0x2967, 0x1127,
    0x1169, 0x29a8, 0x51a6, 0x31a7, 0x098a, 0x0949, 0x1148, 0x1989, 0x6a46, 0xe3c7, 0x69c5, 0x1169, 0x1169, 0x1968, 0x4a07, 0xf5ad,
    0xf52a, 0xcb67, 0x8288, 0x2188, 0x1989, 0x1127, 0x1127, 0x320b, 0xe3a6, 0xab07, 0x41a6, 0x41a7, 0x1947, 0x1107, 0x09ee, 0x0a10,
    0x29a7, 0x6268, 0xdb66, 0xd305, 0x59e6, 0x11cd, 0x1169, 0x1148, 0x3a4b, 0x5249, 0x9b69, 0xf4a9, 0x9ac7, 0x4a29, 0x1968, 0x1947,
    0x29c8, 0x4209, 0x4a28, 0x4a49, 0xab68, 0x6288, 0x4228, 0x4229, 0x4209, 0x0a51, 0x0210, 0x2167, 0x7207, 0xa246, 0x9246, 0x41e9,
    0x320b, 0x1126, 0x1126, 0x1168, 0x31c8, 0x5a69, 0xf4ea, 0xfd2b, 0xd367, 0x49a7, 0x39c8, 0x4209, 0x2168, 0x4a49, 0xecec, 0xfdad,
    0xf4a9, 0x39c8, 0x3186, 0x10e5, 0x1106, 0x19ab, 0xd368, 0x4a29, 0x2188, 0x09ad, 0x09cd, 0x1169, 0x31a8, 0xaa67, 0x1a30, 0x118b,
    0x1926, 0x1947, 0x6a46, 0xec68, 0xec68, 0xd3c7, 0x2945, 0x1926, 0x118a, 0x1968, 0x1168, 0x11ed, 0x21cb, 0x2966, 0x2945, 0xf759,
    0xff79, 0xff79, 0x840f, 0x10e6, 0xb553, 0xbdb4, 0x4249, 0x1946, 0x2167, 0x2167, 0x8410, 0x6baf, 0x1906, 0x1926, 0x8c71, 0x7c11,
    0x1947, 0x1946, 0x7c10, 0x7c11, 0x10e5, 0x1926, 0x8451, 0x4aac, 0x1926, 0x1925, 0x73d0, 0x1925, 0x1906, 0x10c4, 0x73f0, 0x08c4,
    0x10e4, 0x10e4, 0x7c10, 0x2167, 0x1947, 0x2987, 0x8411, 0x2167, 0x1926, 0x31e8, 0x73f0, 0x1125, 0x1946, 0x6b6e, 0x8c72, 0x1947,
    0x2188, 0x8c72, 0x9492, 0x1926, 0x10e4, 0x6b6d, 0x8431, 0x1946, 0x1946, 0x8431, 0x8431, 0x10c4, 0x10c4, 0x8452, 0x8472, 0x2167,
    0x2147, 0x94b3, 0x31e9, 0x1926, 0x1905, 0x7bd0, 0x10c4, 0x1905, 0x1946, 0x8451, 0x2167, 0x2167, 0x2187, 0x73d0, 0x1905, 0x10e4,
    0x31c8, 0x73af, 0x10e5, 0x10e4, 0x10e4, 0x8411, 0x2167, 0x2188, 0x8c72, 0x8431, 0x1905, 0x10e5, 0x7bf0, 0x7bf0, 0x1946, 0x1946,
    0x8451, 0x8451, 0x1905, 0x1105, 0x6baf, 0x73d0, 0x1947, 0x1946, 0x3a4a, 0x840f, 0xc5b4, 0xbd72, 0x0906, 0xa4d1, 0xff9a, 0xff79,
    0xf737, 0x2945, 0x2965, 0x5207, 0x59e8, 0x2987, 0x11ee, 0x11ed, 0x31c9, 0x1926, 0xb2e6, 0xec07, 0xebe7, 0x1926, 0x1126, 0x1926,
    0x1926, 0x79c5, 0xd285, 0x3965, 0x1189, 0x09ac, 0x1926, 0x1926, 0x6246, 0xebe6, 0x7205, 0x1946, 0x1926, 0x1926, 0x4a49, 0xfd8c,
    0xecca, 0xcb25, 0x4a29, 0x1988, 0x2168, 0x1967, 0x1947, 0x3a4b, 0xeb86, 0xeb65, 0xb2c7, 0x51a6, 0x2166, 0x1926, 0x096b, 0x11ab,
    0x41e7, 0xbb26, 0xd347, 0xdb25, 0x41e7, 0x09cd, 0x1148, 0x1926, 0x122f, 0x4a4a, 0x5a69, 0x7288, 0x4a29, 0x4a4a, 0x1a4f, 0x1250,
    0x0293, 0x0a72, 0x3a2a, 0x4229, 0x4208, 0x5229, 0xcac5, 0xc2c6, 0x49e8, 0x09ad, 0x09ac, 0x2146, 0x4a6a, 0x4a4a, 0x320b, 0x1251,
    0x120e, 0x1926, 0x31c8, 0x31e8, 0x4a49, 0x4a29, 0x6247, 0xfcea, 0xfc88, 0x5a48, 0x5229, 0x09ce, 0x29ca, 0x424a, 0x4229, 0xb388,
    0x4209, 0x39e8, 0x1126, 0x1926, 0x422a, 0xd367, 0xdb26, 0xd326, 0x39a6, 0x1926, 0x2167, 0x4a29, 0x4209, 0x2a90, 0x2290, 0x222e,
    0x1947, 0x4208, 0x4a08, 0xab68, 0xe427, 0x4209, 0x31e9, 0x1926, 0x1926, 0x4a07, 0x4a07, 0x39c8, 0x19ec, 0x21ca, 0x3186, 0xf759,
    0xff79, 0xff79, 0x73ce, 0x1948, 0x426b, 0xc5b4, 0xcdd4, 0xc5d4, 0x5aec, 0x2167, 0x2167, 0x73f0, 0x29a7, 0x1926, 0x1967, 0x73f0,
    0x1967, 0x1926, 0x10e5, 0x6b8f, 0x10e5, 0x1946, 0x1967, 0x8451, 0x1947, 0x1906, 0x10e5, 0x73af, 0x10e5, 0x10c4, 0x1105, 0x8431,
    0x1105, 0x1925, 0x29c8, 0x8431, 0x1947, 0x1967, 0x636e, 0x738e, 0x10e5, 0x10c4, 0x6b8f, 0x424a, 0x1947, 0x1926, 0x73d0, 0x2167,
    0x2189, 0x1988, 0x8c72, 0x1106, 0x10e5, 0x1946, 0x73f0, 0x1947, 0x1946, 0x73d0, 0x2187, 0x10c4, 0x1105, 0x8c72, 0x1925, 0x1946,
    0x1946, 0x8451, 0x2167, 0x1905, 0x2167, 0x7bd0, 0x10e5, 0x1946, 0x5b2d, 0x8451, 0x1967, 0x1947, 0x530d, 0x424a, 0x10e4, 0x10e4,
    0x73d0, 0x1105, 0x1105, 0x10c4, 0x7c11, 0x1105, 0x1946, 0x1967, 0x8c72, 0x1967, 0x1905, 0x10c4, 0x6b8f, 0x10e5, 0x1926, 0x31e8,
    0x7c10, 0x1906, 0x1105, 0x4a8b, 0x6b6e, 0x1126, 0x1926, 0x52ab, 0xce16, 0xc5b4, 0x8430, 0x29c9, 0x1128, 0x9cd1, 0xff79, 0xff79,
    0xff58, 0x2966, 0x2966, 0x5208, 0x1a92, 0x0a72, 0x2168, 0x2167, 0x2166, 0x39c8, 0x39e8, 0xe407, 0x8ac8, 0x41e8, 0x1127, 0x21a9,
    0x4208, 0xca65, 0xd265, 0xba86, 0x3a09, 0x1947, 0x41e8, 0x41e7, 0xe427, 0xec06, 0xd409, 0x4a28, 0x1127, 0x1926, 0x4a6a, 0x528a,
    0xb327, 0x526a, 0x3a4c, 0x1271, 0x198a, 0x1169, 0x4a49, 0xdb46, 0xe345, 0xdb45, 0x3a8d, 0x424a, 0x4a49, 0x39e8, 0x1148, 0x11ab,
    0x09ee, 0x324c, 0x52ac, 0x4a6a, 0x4208, 0x1927, 0x1968, 0x0a2f, 0x120e, 0x322b, 0x4a69, 0x4228, 0x2167, 0x29c9, 0x2a6e, 0x5a8a,
    0x0ad5, 0x0ad5, 0x0a0e, 0x1946, 0x2146, 0x7a06, 0xcaa6, 0xaaa7, 0x29a7, 0x1927, 0x1968, 0x4a49, 0x4249, 0x4a4a, 0x1968, 0x0a10,
    0x1230, 0x39e8, 0x4a08, 0xe3a6, 0x4229, 0x4a28, 0x4a08, 0xaac6, 0xaac6, 0x5248, 0x4a49, 0x01ef, 0x09ce, 0x1a70, 0x39e9, 0x4208,
    0x4209, 0x4229, 0x324d, 0x324c, 0x4229, 0x3a09, 0xd306, 0x4a08, 0x31a7, 0x3a08, 0x4229, 0x4a28, 0x4208, 0x1169, 0x19cb, 0x0a0f,
    0x09ae, 0x2188, 0x41e8, 0x4a28, 0x4a28, 0x322c, 0x1a0d, 0x1967, 0x49e6, 0xc3e8, 0xfcc8, 0x39a7, 0x31a8, 0x31c9, 0x3a6b, 0xf759,
    0xff58, 0xff58, 0xb574, 0x8452, 0x8c72, 0x1126, 0xa4d2, 0xad13, 0xff7a, 0x94b3, 0x8c93, 0x94b3, 0x9492, 0x8431, 0x8c72, 0xa514,
    0x9492, 0x8c72, 0x8451, 0xa514, 0x8452, 0x94b3, 0x94d3, 0xb596, 0x8c72, 0x8431, 0x7bf1, 0x94b3, 0x7c11, 0x8431, 0x8c72, 0x9d14,
    0x8c51, 0x8c72, 0x9cf4, 0xbdd7, 0x9cf3, 0x9cf3, 0xa514, 0x9cb2, 0x8410, 0x8431, 0xa514, 0x94b3, 0x8c72, 0x8410, 0x8c93, 0x8c72,
    0x94b3, 0x9492, 0xa555, 0x8c51, 0x8c52, 0x8c52, 0xa555, 0x9492, 0x94b2, 0xa534, 0x7c31, 0x8431, 0x9492, 0xad55, 0x8431, 0x8c72,
    0x8c93, 0xad76, 0x94b3, 0x8c51, 0x8431, 0x94b3, 0x8c92, 0x94d3, 0xa514, 0xad55, 0x9492, 0x8431, 0x94b2, 0x9492, 0x8431, 0x8431,
    0xad55, 0x8c92, 0x8451, 0x7c11, 0xa535, 0x8c92, 0x9492, 0x94b3, 0xa535, 0x9cd3, 0x94b3, 0x8c72, 0x9cd3, 0x8c72, 0x9cd3, 0xa514,
    0xad75, 0x8452, 0x8451, 0xa534, 0x94b3, 0x8431, 0x8431, 0xff9a, 0xb532, 0x7bae, 0x1127, 0x8451, 0x8431, 0xce14, 0xff78, 0xff79,
    0xff79, 0x4a6a, 0x424a, 0x2167, 0x1293, 0x2a70, 0xbb06, 0x49e6, 0x31c7, 0x19ed, 0x11ec, 0x4a28, 0x5248, 0x41e8, 0x19ec, 0x31e9,
    0x4a08, 0x5228, 0xc285, 0x4229, 0x3a09, 0x31c8, 0x39e8, 0x41e7, 0x8309, 0xbb46, 0x4209, 0x3a29, 0x1230, 0x1a70, 0x4a6a, 0x4249,
    0x4a29, 0x31e9, 0x2a4d, 0x0a93, 0x0a92, 0x2a2b, 0x4a49, 0x426a, 0xe366, 0x4228, 0x3a2a, 0x3a2a, 0xec69, 0x5207, 0x39c8, 0x21ec,
    0x1230, 0x1968, 0x29a7, 0x4208, 0x4a49, 0x4a29, 0x320a, 0x1250, 0x9247, 0xc286, 0xba85, 0x2987, 0x1968, 0x1ad4, 0x3af0, 0x72eb,
    0x3a6d, 0x22d1, 0x1271, 0x2187, 0x124f, 0x1292, 0x5a09, 0x0a71, 0x19eb, 0x4229, 0x4a4a, 0xed6d, 0xcc8c, 0x4229, 0x31e9, 0x09f0,
    0x120f, 0x4a29, 0xdb86, 0xf489, 0xdb66, 0x41e8, 0x39e8, 0x5a48, 0x5a48, 0x4a29, 0x4a6a, 0x424b, 0x29eb, 0x0210, 0x1926, 0x2946,
    0xba65, 0xcaa6, 0x0a93, 0x1272, 0x29c8, 0x39e8, 0x3a0a, 0x39e8, 0x4208, 0x4a49, 0xbbe9, 0xcbc8, 0x41e7, 0x41e8, 0x2188, 0x29a9,
    0x21a9, 0x0a0f, 0x29c9, 0x41e8, 0x41e8, 0x21ea, 0x21ec, 0x3a0a, 0x72a7, 0xec68, 0xfca8, 0xb244, 0x59c6, 0x41e8, 0x3a2a, 0xf758,
    0xff78, 0xff78, 0x738d, 0x7bf0, 0x8451, 0x8431, 0x3a2a, 0x1926, 0xf77b, 0x1106, 0x1947, 0x4aac, 0x6b8f, 0x1926, 0x1947, 0x7c11,
    0x2167, 0x1905, 0x1905, 0x7bf0, 0x10e5, 0x2167, 0x2167, 0x7c32, 0x2146, 0x2966, 0x18e5, 0x7c10, 0x2167, 0x2167, 0x1967, 0x7c31,
    0x2167, 0x2167, 0x3a2a, 0x94b3, 0x2167, 0x1967, 0x52cc, 0x634e, 0x1925, 0x2987, 0x8431, 0x4a8a, 0x1926, 0x1105, 0x6b6e, 0x2145,
    0x3187, 0x2946, 0x8431, 0x2966, 0x2987, 0x29a7, 0x7bf0, 0x1905, 0x1105, 0x73f0, 0x31e9, 0x2167, 0x2988, 0x8c72, 0x10c4, 0x2125,
    0x2146, 0x8c52, 0x2986, 0x2946, 0x2987, 0x8452, 0x39a6, 0x39c8, 0x426b, 0x73f1, 0x1105, 0x10e5, 0x5b2d, 0x428b, 0x2146, 0x2166,
    0x8452, 0x2146, 0x2146, 0x2125, 0x73f1, 0x21a8, 0x1946, 0x1105, 0x7411, 0x1947, 0x2167, 0x1946, 0x8451, 0x1926, 0x29a7, 0x3a0a,
    0x73f0, 0x1925, 0x1905, 0x6baf, 0x52ed, 0x2167, 0x1106, 0xf77a, 0x1947, 0x4a8b, 0x5aec, 0x8431, 0x7c10, 0xa4f2, 0xff58, 0xff79,
    0xff79, 0x4a8b, 0x424a, 0x222d, 0x3a2d, 0x9a66, 0xe345, 0xaaa6, 0x39e8, 0x01ce, 0x2a2c, 0x4a29, 0x4209, 0x19cc, 0x0a52, 0x120e,
    0x1a0c, 0x29ea, 0x3a09, 0x3a09, 0x1250, 0x0a51, 0x2187, 0x31a7, 0x5269, 0x5228, 0x31a8, 0x31c9, 0x1271, 0x1272, 0xca66, 0xd265,
    0x51a6, 0x1948, 0x0272, 0x0a72, 0x322c, 0x4209, 0x4229, 0x4a49, 0x4a49, 0x4229, 0x4229, 0xd3c8, 0xfdae, 0xb327, 0x5a28, 0x39c8,
    0x09cd, 0x21eb, 0x4209, 0x39c7, 0xed8e, 0x730a, 0x4a4a, 0x322c, 0x5a07, 0xba85, 0xaa25, 0x11ec, 0x11aa, 0x7acb, 0x5a89, 0x4a49,
    0x4a29, 0x3a8d, 0x2ab0, 0x3a0a, 0x0a72, 0x0a93, 0x0a71, 0x19cb, 0x3a6b, 0x5269, 0x5269, 0xfdac, 0xd4ac, 0x41e8, 0x3a08, 0x09ef,
    0x1a0e, 0x526a, 0xe3e7, 0xfdcd, 0xdba7, 0x4208, 0x29c9, 0x3a0a, 0x39e8, 0x4a29, 0x528b, 0x4a6a, 0x39e8, 0x098a, 0x11aa, 0x51a6,
    0xd264, 0xcaa6, 0x0a94, 0x1253, 0x29a8, 0x39c8, 0x31c9, 0x320c, 0x4a49, 0x5248, 0xdc8a, 0xf488, 0x41e7, 0x4a08, 0x2188, 0x21a9,
    0x19aa, 0x0252, 0x09ee, 0x39e9, 0x39e8, 0x2987, 0x4209, 0x4a49, 0x7ae9, 0xd449, 0xf467, 0xaa85, 0x5a08, 0x41e8, 0x320a, 0xf758,
    0xff78, 0xff58, 0x6b4c, 0x1106, 0x8451, 0x8c92, 0x3a4b, 0x2187, 0xf75a, 0x10e5, 0x2146, 0x4a8b, 0x6b8f, 0x2946, 0x2167, 0x7c10,
    0x2166, 0x2105, 0x2166, 0x7c11, 0x2126, 0x3187, 0x2146, 0x6b8f, 0x2945, 0x39a6, 0x1947, 0x7c31, 0x3186, 0x2987, 0x1968, 0x8452,
    0x2967, 0x2146, 0x320a, 0x8c72, 0x2146, 0x2147, 0x4aab, 0x634e, 0x2126, 0x29c8, 0x8c72, 0x4a69, 0x2126, 0x1905, 0x6b6e, 0x2966,
    0x3187, 0x2125, 0x8431, 0x2966, 0x31a7, 0x31e9, 0x7bf0, 0x1905, 0x1905, 0x73f1, 0x3a2a, 0x29a8, 0x29a8, 0x7c52, 0x10e5, 0x2146,
    0x2146, 0x8452, 0x3186, 0x2987, 0x29c9, 0x8cb3, 0x31a7, 0x39c7, 0x428b, 0x73d0, 0x10e4, 0x1905, 0x5b2e, 0x42ac, 0x41c7, 0x2987,
    0x8452, 0x2166, 0x39a6, 0x2167, 0x6bd1, 0x2987, 0x1905, 0x1105, 0x6bd1, 0x2167, 0x31a7, 0x2187, 0x8451, 0x2146, 0x2987, 0x3a0a,
    0x73d0, 0x2146, 0x2146, 0x73d0, 0x52ec, 0x39c8, 0x1905, 0xf75a, 0x1947, 0x52ec, 0x73cf, 0x7bd0, 0x1968, 0xa512, 0xff79, 0xff79,
    0xff59, 0x4a8b, 0x424a, 0x220c, 0x51e8, 0xdb66, 0xeba5, 0xa2c7, 0x39e9, 0x19cb, 0x4a49, 0x4a28, 0x31e9, 0x1a0e, 0x0a52, 0x0a0e,
    0x11ee, 0x2187, 0x39c7, 0x31a7, 0x220c, 0x0a30, 0x11ac, 0x21ca, 0x4a28, 0x4208, 0x29a8, 0x2167, 0x1272, 0x1292, 0xd265, 0xd265,
    0x49a7, 0x11cb, 0x1169, 0x322b, 0x4209, 0x5249, 0x4a28, 0x4229, 0x4229, 0x4209, 0x4209, 0xd3c7, 0xf56d, 0xd3a8, 0x5a69, 0x41e9,
    0x11aa, 0x39e9, 0x4208, 0x41c7, 0xfdee, 0x7b2a, 0x5249, 0x4a49, 0x5a27, 0xa265, 0x5209, 0x11ed, 0x19cb, 0x8ac8, 0x5a48, 0x4a29,
    0xc2a5, 0xc2c5, 0x5249, 0x3a0a, 0x0a52, 0x0294, 0x0293, 0x2166, 0x5aaa, 0x62aa, 0xf5ad, 0xfd8b, 0xfd6b, 0xd468, 0x4208, 0x2146,
    0x2987, 0x526a, 0x5a48, 0xe429, 0x4a08, 0x222c, 0x0a31, 0x2188, 0x2167, 0x5227, 0xfca9, 0x6227, 0x4a08, 0x1926, 0x1a0c, 0x226e,
    0xca85, 0xca65, 0x0a94, 0x0a53, 0x39e8, 0x1967, 0x1989, 0x0a30, 0x424b, 0xbba9, 0xec88, 0xec68, 0xc346, 0x4208, 0x21a8, 0x2188,
    0x0a0f, 0x0a73, 0x0a52, 0x1967, 0x31a7, 0xa2c6, 0xb2e6, 0x4a28, 0x4229, 0x4a29, 0x5a27, 0x5229, 0x3a6c, 0x19ab, 0x1168, 0xf759,
    0xff79, 0xff78, 0x738d, 0x1127, 0x94b3, 0x29ea, 0x94b2, 0x8c71, 0xf738, 0x10e4, 0x2987, 0x632d, 0x7c11, 0x4208, 0x39e7, 0x94b3,
    0x3a09, 0x3186, 0x320a, 0x9d35, 0x41a6, 0x4186, 0x1905, 0x9cb2, 0x2125, 0x2167, 0x19ca, 0xa555, 0x49e7, 0x31a8, 0x21a9, 0xb5b6,
    0x4a08, 0x2167, 0x10c3, 0xa535, 0x3985, 0x1926, 0x52ec, 0x638e, 0x41c7, 0x10c3, 0x9515, 0x5269, 0x2945, 0x2167, 0x94d4, 0x2167,
    0x1946, 0x1988, 0x9cf4, 0x41e8, 0x31a8, 0x18c3, 0x8cf4, 0x2986, 0x3985, 0x9492, 0x4a8a, 0x41e8, 0x31a8, 0x9516, 0x1967, 0x2146,
    0x2145, 0x8c52, 0x2945, 0x31a8, 0x18c3, 0xad76, 0x1988, 0x2945, 0x4a8a, 0x7bf0, 0x2125, 0x39a7, 0x7c11, 0x634e, 0x2188, 0x29a8,
    0xb575, 0x31a7, 0x2987, 0x21a9, 0xad76, 0x2166, 0x3186, 0x2125, 0x94d3, 0x1926, 0x41c6, 0x29a7, 0xa535, 0x41c6, 0x2966, 0x3209,
    0x8452, 0x39c7, 0x39c7, 0x8431, 0x634e, 0x41e8, 0x3187, 0xff59, 0x7bef, 0x8c51, 0x1947, 0x7bcf, 0x1968, 0xad74, 0xff9a, 0xff79,
    0xff59, 0x424a, 0x4229, 0x1947, 0x2a2c, 0x4208, 0x9ac6, 0x320b, 0x3a09, 0xd367, 0xe3c8, 0x5a48, 0x2168, 0x0ab4, 0x0a52, 0x1989,
    0x19a9, 0x4a28, 0x5207, 0xec06, 0xcbc8, 0x5229, 0x1251, 0x120f, 0x1967, 0x29c9, 0x39e8, 0x29a8, 0x0a10, 0x226f, 0xd246, 0xca45,
    0x1a6f, 0x11ee, 0x1926, 0x4208, 0x4a08, 0xfce9, 0xe3e6, 0x4a28, 0x1968, 0x1988, 0x4209, 0x4229, 0xd409, 0x628a, 0x526b, 0x324c,
    0x1968, 0x4208, 0x4a28, 0xf5ce, 0xfded, 0xf5cd, 0x5228, 0x4a29, 0x1946, 0x1947, 0x1230, 0x11ed, 0x21a8, 0x3a09, 0x4208, 0x4a29,
    0xec68, 0xf468, 0x5249, 0x3a0a, 0x0a30, 0x0a93, 0x1291, 0x3a09, 0x5a69, 0x6289, 0x6aca, 0xf56b, 0xdca9, 0x4a28, 0x4228, 0x39c8,
    0x4208, 0x4a49, 0x5269, 0xdc29, 0x3a2a, 0x122e, 0x0a31, 0x4209, 0x5228, 0xebe6, 0xfded, 0xe428, 0x9286, 0x5a49, 0x2a2c, 0x2a6f,
    0x72cb, 0x3a4e, 0x19cb, 0x31c9, 0x3a09, 0x31e9, 0x220c, 0x0a51, 0x3a4a, 0x4a29, 0xec68, 0xec88, 0x2a6f, 0x31c9, 0x3a09, 0x4a29,
    0x2a0b, 0x1272, 0x0a73, 0x29a8, 0x4a07, 0xe345, 0xe304, 0x6a27, 0x3a29, 0x2988, 0x4209, 0x220d, 0x1a91, 0x1a0d, 0x1967, 0xf759,
    0xff79, 0xff78, 0xbd94, 0x8c51, 0x9cf3, 0x29ca, 0x4aac, 0x29a7, 0xff58, 0x8450, 0x8c51, 0x9cf4, 0xad96, 0xa514, 0xad54, 0xa555,
    0x94d3, 0x94d3, 0xb5b6, 0xb596, 0xa555, 0x9cf3, 0x9cf4, 0xad55, 0x8430, 0x8c72, 0xa514, 0xbdd7, 0x9d14, 0x94d3, 0xa514, 0xbdd6,
    0x9d14, 0x94f4, 0x9d14, 0xbdf7, 0x94f4, 0x94b3, 0x9cf4, 0xa514, 0xa534, 0xa514, 0xad96, 0x9d14, 0x94d3, 0x9d15, 0xbdd7, 0x94b2,
    0x8c72, 0x7411, 0xbdd7, 0xa514, 0x94d3, 0x94d3, 0xb5b6, 0x94b3, 0x8452, 0xa555, 0xa575, 0xa534, 0x9cf3, 0xa535, 0x8473, 0x94d3,
    0x8c51, 0xad75, 0x8451, 0x9d14, 0xb596, 0xbdd7, 0x94d3, 0x9c90, 0xa4d2, 0xb575, 0x8c71, 0x9d14, 0xb596, 0xad33, 0xa514, 0xad75,
    0xb596, 0x94d3, 0x8c92, 0x94d4, 0xb5b6, 0x94b2, 0x9492, 0x9491, 0x9cf4, 0x94b2, 0xa533, 0xb575, 0xbe17, 0xa555, 0x94f4, 0x94b3,
    0x9d35, 0x9d14, 0xa513, 0xa534, 0x94d3, 0x8c71, 0x8431, 0xff78, 0x1946, 0x4aab, 0x2167, 0x8c50, 0x7bf0, 0xce36, 0xff9a, 0xff99,
    0xff59, 0x3a29, 0x3a09, 0x09cd, 0x122f, 0x2987, 0x11cc, 0x1a71, 0x42ae, 0xe386, 0xe386, 0x8267, 0x21aa, 0x0ab4, 0x1272, 0x3a08,
    0x4a49, 0x4a6a, 0xdc27, 0xf487, 0xf488, 0xe408, 0x2a4f, 0x122f, 0x1989, 0x120e, 0x224d, 0x3a6b, 0x29c9, 0x1168, 0x7a4a, 0x4a2c,
    0x1272, 0x11ee, 0x2187, 0x4208, 0xa327, 0xfd6b, 0xe407, 0x7288, 0x39e8, 0x31c9, 0x31e9, 0x3a09, 0xbbe9, 0x426b, 0x3a4a, 0x2a6d,
    0x3a4b, 0x4a29, 0x4a29, 0x5a48, 0xf5ae, 0x5248, 0x4a28, 0x4a29, 0x2188, 0x2188, 0x120f, 0x21ec, 0x4209, 0x39e8, 0x72a8, 0xd3a8,
    0xf468, 0xf468, 0xdb24, 0x3a4c, 0x29a8, 0x3a09, 0x4a28, 0x4a08, 0xdae5, 0x8a66, 0x5a69, 0x6269, 0x5a49, 0x5228, 0x2987, 0x4a49,
    0x4a29, 0xebe6, 0x4a49, 0x526a, 0x3a4c, 0x1230, 0x21cb, 0x4208, 0x5a48, 0xec27, 0xecaa, 0xf406, 0xa2a6, 0x5a6a, 0x29c9, 0x2188,
    0x12b3, 0x0a51, 0x1947, 0x3209, 0x4a4a, 0xe489, 0x5a69, 0x11cb, 0x4209, 0x6227, 0x7a47, 0xb327, 0x0232, 0x0211, 0xa307, 0xbae6,
    0x4208, 0x4a29, 0x19ab, 0x4209, 0x5a48, 0xe386, 0xd2c4, 0x7207, 0x3a09, 0x29a8, 0x3a09, 0x0a30, 0x0a51, 0x3a6c, 0x528a, 0xf758,
    0xff78, 0xff79, 0x8430, 0x1169, 0x9cb2, 0x9471, 0x3a2a, 0x1926, 0xf75a, 0x2925, 0x3186, 0x6b2d, 0x8431, 0x49e7, 0x21a9, 0x8452,
    0x29a8, 0x3a08, 0x4208, 0x94b3, 0x10e5, 0x2925, 0x1105, 0x73f0, 0x3186, 0x4a08, 0x2188, 0x8493, 0x39e8, 0x2987, 0x3209, 0x9492,
    0x39a6, 0x08e5, 0x29e9, 0x94d4, 0x2987, 0x31a7, 0x5b0d, 0x7c10, 0x41c6, 0x39a7, 0x73cf, 0x4a49, 0x4208, 0x10c2, 0x8c73, 0x1905,
    0x3145, 0x3125, 0xa4f3, 0x4208, 0x2146, 0x29a8, 0x83f0, 0x2987, 0x1947, 0x6bd1, 0x2a0a, 0x4229, 0x41e8, 0x8c51, 0x2905, 0x2946,
    0x1126, 0x8431, 0x39a6, 0x39e8, 0x3a29, 0xa4f4, 0x3165, 0x2125, 0x3a09, 0x8452, 0x3186, 0x3186, 0x634f, 0x4aac, 0x2125, 0x31a7,
    0x8493, 0x2125, 0x3986, 0x1968, 0x7c52, 0x2105, 0x2987, 0x1926, 0x7c31, 0x2125, 0x39a7, 0x39e8, 0xa534, 0x41a7, 0x2126, 0x2189,
    0x8473, 0x41e7, 0x2988, 0x73d0, 0x52ab, 0x3166, 0x2945, 0xf758, 0x1926, 0x4a6b, 0x8c71, 0x94b2, 0x21ca, 0xad53, 0xff79, 0xff99,
    0xff59, 0x3a29, 0x422a, 0x4a6b, 0x424a, 0x2987, 0x21c9, 0x09ac, 0x3a8e, 0xb349, 0xd325, 0x1230, 0x0273, 0x21ca, 0x5249, 0x4208,
    0x4a49, 0x4a4a, 0x5269, 0xfcc8, 0xd429, 0x526a, 0x420a, 0x19cb, 0x120e, 0x21cc, 0xec28, 0x4a28, 0x3a09, 0x39e9, 0x0a52, 0x0a72,
    0x19aa, 0x2168, 0x3a29, 0xbb06, 0xdc09, 0xfdac, 0xec89, 0x6a88, 0x4a49, 0x3a2c, 0x11ec, 0x422a, 0x426a, 0x4a29, 0xe3e7, 0xec08,
    0x5269, 0x4208, 0x5249, 0x6289, 0x5a48, 0x5228, 0x4a49, 0x4a4b, 0x0a93, 0x1989, 0x5a8b, 0x526a, 0x5269, 0x4208, 0x9b08, 0xd3e9,
    0xdb87, 0xe3a5, 0x2a6f, 0x3a6d, 0x29a8, 0x21a8, 0x4a29, 0xb265, 0xc2a5, 0xcaa5, 0x6a28, 0x420a, 0x4a29, 0x2167, 0x3a09, 0xa368,
    0xebe7, 0xebe6, 0xb306, 0x4a49, 0x2189, 0x2188, 0x2188, 0x4209, 0x5a69, 0x6269, 0xfca8, 0x5a48, 0x5249, 0x526a, 0x21a8, 0x2167,
    0x2168, 0x1927, 0x4229, 0x4a49, 0x82e9, 0xf4a9, 0x82e9, 0x4209, 0x41e8, 0x29a8, 0x3a09, 0x426a, 0x2a2c, 0x322c, 0xdb25, 0xdb66,
    0xaac6, 0x4a49, 0x118a, 0x19aa, 0x11cb, 0x2291, 0x7a27, 0x39c8, 0x29a9, 0x5228, 0xba65, 0x99e6, 0x59e9, 0x4a6b, 0x52cc, 0xf758,
    0xff58, 0xff79, 0x8430, 0x118a, 0x9cf3, 0x1189, 0x62aa, 0x5a06, 0xf759, 0x41a6, 0x3187, 0x632d, 0x7c10, 0x49c7, 0x2188, 0x7c11,
    0x31e8, 0x5228, 0x39e9, 0x94b3, 0x2146, 0x3166, 0x1926, 0x8431, 0x41e8, 0x5229, 0x1989, 0x8452, 0x49e8, 0x3187, 0x1127, 0x9492,
    0x41a7, 0x1106, 0x29a8, 0x94b3, 0x4a08, 0x29c9, 0x5b0e, 0x7c30, 0x49e7, 0x1926, 0x73d0, 0x526a, 0x4a29, 0x10a2, 0x8452, 0x1925,
    0x39a7, 0x1925, 0x9cf4, 0x41e8, 0x2166, 0x29a8, 0x8410, 0x39e9, 0x2167, 0x7411, 0x424a, 0x4209, 0x4a29, 0x9492, 0x2945, 0x3145,
    0x1126, 0x8432, 0x4208, 0x3a09, 0x322a, 0x8c72, 0x41a6, 0x2167, 0x3a0a, 0x8c72, 0x49e8, 0x3187, 0x5b4f, 0x42ac, 0x3986, 0x2987,
    0x7c72, 0x10e4, 0x41a6, 0x1989, 0x8452, 0x3986, 0x41c7, 0x2167, 0x8452, 0x2966, 0x3986, 0x21a9, 0x9cf3, 0x41a6, 0x2967, 0x21c9,
    0x8472, 0x49e8, 0x29a8, 0x73d0, 0x5acb, 0x3985, 0x2945, 0xff58, 0x8b6b, 0x83ad, 0x21aa, 0x94b3, 0x21cb, 0xa4f1, 0xff78, 0xff79,
    0xff79, 0x422a, 0x2147, 0x526a, 0x4a4a, 0xdc48, 0x5a27, 0x4a29, 0x426c, 0x32f0, 0x3a8f, 0x19ab, 0x1969, 0x29c9, 0x524a, 0x6288,
    0xcb46, 0xaae6, 0x5249, 0x62aa, 0x62cb, 0x528a, 0x2146, 0x2987, 0x4208, 0xcb67, 0xec48, 0xcbc8, 0x4a49, 0x4a29, 0x1148, 0x118a,
    0x1968, 0x29a8, 0x422a, 0x7a88, 0x626a, 0xfd4b, 0xab48, 0x526a, 0x4a49, 0x31c9, 0x19ab, 0x1a2e, 0x4a4a, 0xd3a7, 0xe3e7, 0xe3e7,
    0xab27, 0x39c8, 0x2187, 0x3209, 0x3a09, 0x21ca, 0x1a92, 0x0a73, 0x1272, 0x3a09, 0x5a8a, 0x5269, 0xf54b, 0x5a28, 0x5a69, 0x6aeb,
    0x1b55, 0x2313, 0x2a4d, 0x4a6b, 0x5acb, 0x528a, 0x4a4a, 0x5249, 0xc2a5, 0xcaa6, 0x3291, 0x0a11, 0x2168, 0x2146, 0x31e9, 0x4a8b,
    0x9b29, 0xebe6, 0x9ac7, 0x4229, 0x2187, 0x29c8, 0x220c, 0x324d, 0x4a4a, 0x4a49, 0x6a47, 0x5a49, 0x5249, 0x1230, 0x21eb, 0x4a4a,
    0x2987, 0x2146, 0x4a4a, 0x4a49, 0xec68, 0xec88, 0xd3a6, 0x5a28, 0x4229, 0x29c8, 0x31e9, 0x3a09, 0x4208, 0xd387, 0xdb66, 0xbb28,
    0x62a9, 0x4a4a, 0x4a49, 0x29c9, 0x1189, 0x1a50, 0x1a91, 0x09ac, 0x220c, 0x92e9, 0xe367, 0xa227, 0x69e7, 0x31a7, 0x5aed, 0xf759,
    0xff78, 0xff78, 0x7c10, 0x19ab, 0xa4f3, 0x19aa, 0x8c72, 0x8451, 0xf759, 0x1107, 0x2189, 0x7bce, 0x8c71, 0x1946, 0x1968, 0x9d14,
    0x3a08, 0x31c8, 0x21c9, 0xa535, 0x10e5, 0x2147, 0x31e9, 0xad55, 0x21ca, 0x21a9, 0x1148, 0xa4f3, 0x2189, 0x1168, 0x0948, 0x8c92,
    0x1968, 0x29c9, 0x424a, 0xa514, 0x39e8, 0x21ca, 0x6bb0, 0x8c51, 0x2167, 0x1947, 0x8cb3, 0x4a6a, 0x31a7, 0x3a09, 0xa514, 0x2966,
    0x2188, 0x19a9, 0xa596, 0x31a7, 0x2166, 0x29c8, 0x9492, 0x2188, 0x2167, 0x9d14, 0x5249, 0x29a8, 0x2a0a, 0xa597, 0x29a8, 0x1946,
    0x2167, 0xad34, 0x3a09, 0x31c9, 0x21a9, 0x7c51, 0x2146, 0x21a8, 0x52ed, 0x9cf4, 0x2187, 0x1946, 0x7bf0, 0x62cb, 0x1926, 0x2187,
    0x9d14, 0x1904, 0x1905, 0x2a4c, 0xad75, 0x2146, 0x2987, 0x322b, 0xad55, 0x2167, 0x1969, 0x016b, 0x8472, 0x1927, 0x31a7, 0x52cb,
    0xad54, 0x2988, 0x41e8, 0x8c50, 0x5b0c, 0x2146, 0x10e5, 0xf758, 0x3a09, 0x52ac, 0x29ca, 0x94b2, 0x21ca, 0x9cb0, 0xff78, 0xff79,
    0xff59, 0x4a6a, 0x2987, 0x6289, 0xf406, 0xfc86, 0x8aa7, 0x7226, 0x31e9, 0x19cb, 0x0a51, 0x1947, 0x2188, 0x528a, 0x526a, 0x5249,
    0xe365, 0xd365, 0x4208, 0x4229, 0x4a6a, 0x29c9, 0x2967, 0x29a7, 0x4a08, 0x92a7, 0xec47, 0xcb86, 0x4a6a, 0x4a4a, 0x1946, 0x4a8b,
    0x4a6a, 0x4a49, 0x422a, 0x322c, 0x3a0a, 0x72c9, 0x6a89, 0x424a, 0x424a, 0x19ec, 0x19cb, 0x2168, 0x526a, 0xe407, 0xec07, 0xe3e7,
    0x82a7, 0x4209, 0x21a9, 0x1988, 0x1947, 0x21a9, 0x0a93, 0x0a72, 0x322c, 0x39e8, 0x6289, 0xe52b, 0xf5cd, 0xf407, 0x6aaa, 0x4a6a,
    0x0a71, 0x0a30, 0x4a4a, 0x528a, 0x6ac9, 0x5a89, 0x4208, 0x4a49, 0x526a, 0x1293, 0x0ab5, 0x0a32, 0x5269, 0x5a48, 0x21c9, 0x1a50,
    0x22b0, 0xb347, 0x5248, 0x422a, 0x39e8, 0x4a6b, 0x2a6f, 0x0231, 0x1a0e, 0x320a, 0x3a09, 0x4a29, 0x422a, 0x21eb, 0x39e9, 0x6268,
    0x526a, 0x4a49, 0x4229, 0x4a4a, 0x5249, 0xf4a8, 0x5a47, 0x4229, 0x4a6a, 0x4a49, 0x4229, 0x3a09, 0x5a48, 0x62aa, 0x62eb, 0x62cb,
    0x528a, 0x4a49, 0x5228, 0x4a28, 0x4a28, 0x39e8, 0x21eb, 0x19aa, 0x2a4c, 0x6b2c, 0xac0c, 0x2ad1, 0x226e, 0x4a4a, 0x4a6a, 0xf759,
    0xff78, 0xff78, 0xb574, 0x9492, 0x9cf3, 0xacd2, 0x5b0d, 0x426b, 0xff59, 0x8c51, 0xa513, 0xb595, 0xb575, 0x8c0f, 0x9c91, 0xce38,
    0xacf1, 0xacaf, 0x8c50, 0xb595, 0xa4b1, 0xacf2, 0xb596, 0xc639, 0xa535, 0x9d14, 0x8c93, 0xbdd6, 0x9c4f, 0x8c73, 0x7c73, 0xb596,
    0x94b2, 0x9cd3, 0xa513, 0xc617, 0xa534, 0xa4f4, 0xad55, 0xad54, 0x9471, 0x8c71, 0xb5b6, 0x9cf4, 0x8c2f, 0xa490, 0xbdd6, 0xb575,
    0xa514, 0x94b3, 0xb5b7, 0x9cf3, 0x9cf3, 0x9cf3, 0xad75, 0xad55, 0xad55, 0xbdb6, 0xad55, 0x9cf4, 0x9cf3, 0xc5f7, 0x9cb2, 0x9492,
    0x8c51, 0xbdd6, 0xa4d2, 0xa4d2, 0x8c92, 0xa555, 0x9491, 0xb554, 0xb5b6, 0xbdf7, 0xa4f3, 0x9c70, 0xb575, 0xb553, 0xa4f2, 0x8451,
    0xc5f7, 0x9c70, 0x9cb1, 0x8cd4, 0xc618, 0x9cd3, 0x9cf4, 0x94d4, 0xc618, 0xad54, 0x9cd2, 0x8452, 0xad75, 0x9450, 0xa4d1, 0xad13,
    0xc617, 0x8c2f, 0x9450, 0xb595, 0xa4f2, 0x8c2f, 0x8c72, 0xff7a, 0x6bd1, 0x8452, 0x8c71, 0x94b2, 0x8c72, 0xd655, 0xff78, 0xff79,
    0xff58, 0x4a8b, 0x31c9, 0x628a, 0x82e9, 0xfcc8, 0xab48, 0x4a29, 0x4209, 0x29a8, 0x424b, 0x4229, 0x4a29, 0x5249, 0x4a49, 0x4a49,
    0x4a4a, 0x4a49, 0x3a2a, 0x2a6f, 0x19ca, 0x2188, 0x4a6a, 0x4229, 0x4a29, 0x4a29, 0xdb86, 0x6a67, 0x4a4a, 0x4a4a, 0x4209, 0x5269,
    0x9b28, 0x72a8, 0x4208, 0x2188, 0x4229, 0x526a, 0x5249, 0x1a0c, 0x19ec, 0x12b2, 0x12d3, 0x29c9, 0x528a, 0x5a89, 0xec48, 0x7aa9,
    0x526a, 0x324e, 0x0a30, 0x2188, 0x39c8, 0x7247, 0x1a4e, 0x21cb, 0x21a9, 0x31c8, 0x72a9, 0x92c7, 0xfdcd, 0x9246, 0x6a8a, 0x29ea,
    0x1a0d, 0x222d, 0x6289, 0x6a88, 0xf62f, 0x8b6a, 0x5228, 0x5249, 0x4a4a, 0x0ab4, 0x0a53, 0x0a51, 0x7aea, 0xab49, 0x21a9, 0x19ed,
    0x19ec, 0x4a6b, 0x424a, 0x322c, 0x3a4b, 0x428c, 0x328e, 0x0253, 0x0a10, 0x19ec, 0x2a0c, 0x3a2a, 0x422a, 0x424a, 0x7aa8, 0xfdcd,
    0x82c9, 0x5a48, 0x4a4a, 0x3a09, 0x39e9, 0x5a8a, 0x424a, 0x424b, 0x4aef, 0x9bce, 0x7a47, 0x41e8, 0x5229, 0x1a70, 0x21ca, 0x29c9,
    0x4a4a, 0x4a29, 0xf468, 0x9b49, 0x6288, 0x4a29, 0x1968, 0x5269, 0x4a49, 0x4a8c, 0x1ad3, 0x1293, 0x2290, 0x4a49, 0x4249, 0xf759,
    0xff78, 0xff57, 0x7bac, 0x1169, 0x9cd2, 0x29e9, 0x424a, 0x1947, 0xf759, 0x2167, 0x29a8, 0x632d, 0x7baf, 0x3165, 0x2167, 0x94f4,
    0x4209, 0x41a5, 0x0927, 0x7c11, 0x3125, 0x51e6, 0x21ea, 0x8cb4, 0x49c6, 0x49c6, 0x0907, 0x73f1, 0x41c7, 0x198a, 0x00c7, 0x9492,
    0x51c6, 0x2187, 0x10a2, 0x94b3, 0x3166, 0x2987, 0x530e, 0x6bb0, 0x29a7, 0x29a9, 0x8c93, 0x424a, 0x3186, 0x31a6, 0x94b3, 0x4228,
    0x3a0a, 0x1148, 0x94b3, 0x41c6, 0x41c7, 0x10c2, 0x8c72, 0x2987, 0x29a8, 0x9d14, 0x426a, 0x29a7, 0x29a8, 0x9cd3, 0x3165, 0x39a7,
    0x2126, 0x8c31, 0x4185, 0x3166, 0x1947, 0x8c52, 0x39a6, 0x39c8, 0x3a4a, 0x94b3, 0x3985, 0x3166, 0x73d0, 0x736d, 0x41c7, 0x2167,
    0x8c73, 0x2925, 0x51c5, 0x19aa, 0x6413, 0x3166, 0x4a08, 0x29c9, 0x9d35, 0x41a6, 0x41a6, 0x2946, 0x8452, 0x39a6, 0x41c7, 0x3a2a,
    0x9492, 0x3186, 0x41c6, 0x8c0f, 0x6b0b, 0x41e7, 0x29a8, 0xf77b, 0x31e9, 0x738f, 0x1947, 0x8c71, 0x2146, 0xad12, 0xff79, 0xff79,
    0xff59, 0x52cb, 0x52ab, 0x426c, 0x3a6c, 0x7aea, 0x4a6b, 0x422a, 0x422a, 0x29a8, 0x4a2a, 0x4a49, 0x7287, 0xf4e9, 0x39e8, 0x4a6a,
    0x4a4a, 0x4229, 0x226f, 0x12d4, 0x11cc, 0x21cc, 0xaaa6, 0x8a88, 0x4a29, 0x4229, 0x5228, 0x39c8, 0x31c8, 0x3a09, 0x5a8a, 0x82a8,
    0xf4e9, 0xb3c9, 0x4a08, 0x2189, 0x424a, 0x2a2b, 0x220c, 0x11ed, 0x11ee, 0x12b4, 0x12b3, 0x31c9, 0x4229, 0x4a49, 0x72a9, 0x526a,
    0x2a4d, 0x1251, 0x1251, 0x29c9, 0x7226, 0xeba6, 0x5a28, 0x21a9, 0x1989, 0x31e8, 0x72a9, 0x8aa7, 0x9287, 0x7a67, 0x5a4a, 0x29cb,
    0x3a09, 0x3a2a, 0x72a9, 0xf4cb, 0xfe0f, 0xfdee, 0xc3a8, 0x6a88, 0x4a4a, 0x09ee, 0x11ee, 0x4a6c, 0x8b0a, 0xab49, 0x29a9, 0x29a9,
    0x29a8, 0x324c, 0x322b, 0x31c8, 0x424b, 0x6ac9, 0x7ac9, 0x19ed, 0x11ef, 0x0a31, 0x0252, 0x19a9, 0x21a8, 0x4a29, 0xf50b, 0xfdee,
    0xfd6c, 0xcb46, 0x528a, 0x29a8, 0x29a8, 0x3a09, 0x3a2a, 0x2a4f, 0x530f, 0x7baf, 0x9b09, 0x6a48, 0x320a, 0x11ed, 0x1968, 0x1988,
    0x4a49, 0xec27, 0xec68, 0xec89, 0xcbc8, 0x4a4a, 0x21a9, 0xdbc7, 0x9ae7, 0x31e9, 0x1271, 0x1251, 0x1a70, 0x4a69, 0x424a, 0xf758,
    0xff58, 0xff58, 0x7bef, 0x19ab, 0x9cd2, 0x21eb, 0x324b, 0x1168, 0xf75a, 0x2168, 0x2988, 0x634e, 0x73cf, 0x3166, 0x2167, 0x9cf4,
    0x320a, 0x2188, 0x1968, 0x9cd3, 0x1947, 0x39e9, 0x2a0a, 0x9cf4, 0x2966, 0x3186, 0x1107, 0x8451, 0x31a8, 0x31c9, 0x1127, 0x94b2,
    0x21a9, 0x10c2, 0x18c3, 0x94d4, 0x2987, 0x29a9, 0x636f, 0x8451, 0x41e7, 0x21ca, 0x8c93, 0x4229, 0x3187, 0x31c8, 0x9cd3, 0x41e8,
    0x39c8, 0x1106, 0x9cd4, 0x31a8, 0x29c9, 0x10e5, 0x2945, 0x10c4, 0x10a3, 0x1905, 0x2125, 0x21a9, 0x19aa, 0x94d4, 0x1905, 0x2147,
    0x21ca, 0x9cd3, 0x2125, 0x1926, 0x29c9, 0xad34, 0x31e8, 0x31c8, 0x4a8c, 0x9cf3, 0x2126, 0x2167, 0x7c11, 0x6b8e, 0x2987, 0x3187,
    0x94b3, 0x2188, 0x39a8, 0x19a9, 0x8c93, 0x2166, 0x31c7, 0x21ca, 0xa556, 0x31a8, 0x2966, 0x1106, 0x8cb3, 0x2167, 0x29a8, 0x322b,
    0x94b3, 0x29a7, 0x2188, 0x7c31, 0x632e, 0x29e9, 0x1989, 0xf77b, 0x31a8, 0x73af, 0x29ca, 0x8c71, 0x1947, 0x9cd1, 0xff79, 0xff79,
    0xff58, 0x52cb, 0x5aab, 0x0294, 0x220d, 0x2a8f, 0x2a0a, 0x21a8, 0x1271, 0x2a2c, 0x4209, 0x6a87, 0xf487, 0xf4ea, 0xec88, 0x526a,
    0x424a, 0x21ca, 0x222d, 0x2290, 0x1292, 0x62cb, 0xd326, 0xcaa5, 0x5a48, 0x422a, 0x31e9, 0x1989, 0x19aa, 0x21c9, 0x6289, 0xf447,
    0xf4a8, 0xec28, 0x4a08, 0x21eb, 0x2a0b, 0x1a0c, 0x120d, 0x21ca, 0x122f, 0x1ab2, 0x62ac, 0x82a8, 0x39e8, 0x3a09, 0x4229, 0x31c8,
    0x0a0f, 0x19aa, 0x1a70, 0x326f, 0xe365, 0xe386, 0x9ac7, 0x29c9, 0x19ed, 0x1271, 0x2af2, 0x3a6c, 0x5a48, 0x5229, 0x1ab1, 0x120e,
    0x3a2a, 0x324b, 0x6a89, 0xbac6, 0xfe0e, 0xfe0e, 0x8a67, 0x5249, 0x4a4a, 0x0948, 0x116a, 0x224f, 0x5acc, 0x8b09, 0x4a6a, 0x424a,
    0x3a29, 0x19aa, 0x21a9, 0x2188, 0x424a, 0x7aa8, 0x82a8, 0x3188, 0x29a9, 0x0a32, 0x0273, 0x1988, 0x2167, 0x4a29, 0xa2c7, 0xfe30,
    0xab48, 0x5249, 0x526a, 0x29a7, 0x29a8, 0x31c8, 0x2168, 0x1292, 0x0ab3, 0x8bcf, 0x9b4a, 0x7227, 0x31c8, 0x19aa, 0x1968, 0x424a,
    0x5269, 0x92e7, 0xec68, 0xab68, 0x528b, 0x424a, 0x6aa9, 0xe407, 0xb327, 0x41e8, 0x2a0b, 0x2189, 0x2188, 0x328e, 0x328e, 0xf738,
    0xff58, 0xff79, 0x9d14, 0x19eb, 0x9cd2, 0x21eb, 0x8c72, 0x8451, 0xf759, 0x1968, 0x2188, 0x5b6f, 0x73f1, 0x2167, 0x31c8, 0xa555,
    0x42ad, 0x1189, 0x1989, 0xad55, 0x1168, 0x21ca, 0x320b, 0xad55, 0x2146, 0x2147, 0x1927, 0x8c72, 0x2189, 0x29aa, 0x1948, 0x9cf4,
    0x19aa, 0x10c3, 0x18c3, 0x94d4, 0x29e9, 0x29ca, 0x7bf1, 0x9492, 0x31c8, 0x18c3, 0x9cf4, 0x422a, 0x29a8, 0x10a2, 0xa555, 0x4a08,
    0x41c7, 0x1106, 0x9cf4, 0x19aa, 0x21a9, 0x10a2, 0x18e3, 0x10a2, 0x1082, 0x10a2, 0x1082, 0x1989, 0x10c2, 0x9cf4, 0x3165, 0x2146,
    0x10c2, 0xad75, 0x2966, 0x2146, 0x29e9, 0xad75, 0x31ea, 0x31e9, 0x4aac, 0xa555, 0x1926, 0x2168, 0x8452, 0x6b6e, 0x2988, 0x39a7,
    0xa515, 0x10c2, 0x10a2, 0x21ca, 0x9cb1, 0x2146, 0x2188, 0x21a9, 0xa556, 0x29c9, 0x2168, 0x1106, 0x8cb3, 0x1968, 0x21ca, 0x3a8c,
    0x94b3, 0x19aa, 0x19aa, 0x8473, 0x634f, 0x21eb, 0x19aa, 0xf77b, 0x8c30, 0x9492, 0x3a2a, 0x94b2, 0x1989, 0x9cd2, 0xff79, 0xff79,
    0xff58, 0x528a, 0x526a, 0x0af5, 0x21eb, 0x320a, 0x29a8, 0x21a8, 0x0ab3, 0x3aaf, 0x5a8a, 0x5249, 0x7a87, 0xf4a9, 0x6289, 0x526a,
    0x424c, 0x120d, 0x29a8, 0x29a8, 0x22b1, 0x7aca, 0xdb06, 0xba85, 0x5a28, 0x31ea, 0x1989, 0x1989, 0x0a32, 0x0a51, 0x5a69, 0x8ac8,
    0xf487, 0xbb46, 0x4a29, 0x29ea, 0x21eb, 0x19a9, 0x21ea, 0x21a8, 0x1a0d, 0x52ac, 0xa329, 0xc326, 0x39e9, 0x3a09, 0x29a8, 0x2166,
    0x2147, 0x3a09, 0x1a51, 0x1271, 0xebc7, 0xdb66, 0x49e7, 0x31c8, 0x0a93, 0x12b3, 0x5350, 0x5a8a, 0x49c7, 0x29a8, 0x2aae, 0x32f0,
    0x22d2, 0x22b0, 0x5a69, 0x5228, 0x8266, 0x9286, 0x4a4a, 0x424a, 0x4a4a, 0x3a09, 0x1969, 0x09ef, 0x2a0a, 0x4a49, 0x4a6a, 0x4a49,
    0x4a29, 0x4a49, 0x21aa, 0x1a70, 0x5229, 0xd2e5, 0xfc07, 0x9206, 0x6206, 0x29a8, 0x31a8, 0x4209, 0x41e9, 0x4209, 0x4a4a, 0x8a46,
    0x5269, 0x5249, 0x526a, 0x5a69, 0x524a, 0x21eb, 0x1969, 0x29a9, 0x0a93, 0x1271, 0x5249, 0x4a28, 0x4a29, 0x424a, 0x2a2d, 0x2a0b,
    0x5269, 0x5a8a, 0x8ac7, 0x5249, 0x2a0b, 0x3a4c, 0x72a9, 0xdb86, 0xbb07, 0x524b, 0x1a70, 0x1989, 0x5249, 0x4a28, 0x5aab, 0xf758,
    0xff58, 0xff58, 0xb532, 0x7bef, 0x8c92, 0x94b2, 0x428d, 0x21ea, 0xff7a, 0x9cf3, 0x9492, 0x9cf4, 0xbd95, 0xa48f, 0xad12, 0xbe18,
    0x9cd4, 0x9472, 0x9cd3, 0xc5f8, 0xad55, 0xb575, 0xad14, 0xbdf7, 0xa4d2, 0x8c10, 0x8432, 0xad55, 0x94b3, 0x8494, 0x9d36, 0xbdd7,
    0x9471, 0x8c93, 0xa535, 0xc638, 0x9492, 0x9cd2, 0xbdb6, 0xb5b6, 0x9491, 0x8c92, 0xc5f7, 0x9cf3, 0x94b3, 0x94d3, 0xce59, 0xa534,
    0x9cf3, 0x9492, 0xbdb6, 0x9491, 0x0861, 0x3102, 0x3102, 0x28e2, 0x28e2, 0x3102, 0x28e2, 0x0861, 0x9493, 0xad55, 0xa4b2, 0xa4d2,
    0xa534, 0xce17, 0xac2d, 0xad13, 0xa514, 0xc618, 0xad54, 0xa513, 0x9cd2, 0xa513, 0x940e, 0xa4d2, 0xb5b7, 0xbdd7, 0xa514, 0x6c12,
    0xadb8, 0x9d15, 0xa535, 0x8cb3, 0xbdd7, 0x8cb3, 0x8cb3, 0x8c93, 0xad96, 0xad54, 0xa534, 0x94f4, 0xc638, 0xa4b1, 0xa4b1, 0xa513,
    0xa535, 0x8cb4, 0x94b4, 0xad55, 0xad55, 0x8473, 0x7c32, 0xff7b, 0x2987, 0x632d, 0x9cd2, 0x9cf3, 0x7c10, 0xce15, 0xff79, 0xff79,
    0xff58, 0x4a49, 0x4a49, 0x424b, 0x4a6a, 0x528a, 0x31c8, 0x29a8, 0x2ad1, 0x7b0b, 0x7b0a, 0x5249, 0x5a48, 0x5a69, 0x5a8a, 0x422a,
    0x0a52, 0x0252, 0x2988, 0x39e8, 0x320a, 0x3a0a, 0xaa65, 0x5a28, 0x3a0a, 0x11cc, 0x49e7, 0x4a08, 0x0a31, 0x0a32, 0x4a28, 0x4208,
    0x6268, 0x4228, 0x4229, 0x3209, 0x3a09, 0x4229, 0x422a, 0x424a, 0x6a48, 0x9ae7, 0xf407, 0xc327, 0x3a2a, 0x222d, 0x3a09, 0x4a28,
    0x4a29, 0x4a4a, 0x1a30, 0x120f, 0x4a4a, 0x4a4a, 0x4a49, 0x4a6b, 0x226f, 0x324b, 0x8b09, 0x82a7, 0x31a8, 0x424c, 0x4aad, 0x3aae,
    0x9309, 0x8aa8, 0x324e, 0x0949, 0x4229, 0x4a6a, 0x424a, 0x320a, 0xebc6, 0x39e8, 0x41e8, 0x2146, 0x31c8, 0x4a49, 0x526a, 0xfdef,
    0xf5ae, 0x5249, 0x5269, 0x29a8, 0x1a0d, 0x7a8a, 0xcac6, 0xd264, 0xc264, 0x31c9, 0x31e9, 0x4229, 0x4208, 0xf446, 0x3a2a, 0x424b,
    0x4a6a, 0x29a8, 0x72ca, 0x6acb, 0x2ad2, 0x0210, 0x0a0f, 0x424b, 0x2167, 0x2166, 0x5249, 0x5a49, 0xbc2b, 0x4208, 0x4209, 0x4a49,
    0x2987, 0x528b, 0x528a, 0x31a8, 0x29a8, 0x1a4f, 0x224e, 0x92a7, 0x222d, 0x09ed, 0x224e, 0x5a6a, 0x5269, 0x526a, 0x528a, 0xf75a,
    0xff78, 0xff58, 0x7bad, 0x1107, 0x9cb2, 0x21a8, 0x3a6c, 0x21eb, 0xf75a, 0x19aa, 0x1989, 0x530d, 0x8430, 0x29a9, 0x19ab, 0x8473,
    0x29a8, 0x3166, 0x41e8, 0xad55, 0x41e8, 0x4209, 0x1127, 0x94f4, 0x39a7, 0x41c7, 0x1968, 0xa514, 0x4209, 0x19aa, 0x10c3, 0xa514,
    0x41e7, 0x1947, 0x3a0a, 0xa534, 0x39c8, 0x1926, 0x6bb0, 0x7c31, 0x39c7, 0x1947, 0x94b3, 0x528a, 0x31a8, 0x18c3, 0x94b3, 0x39c7,
    0x39e8, 0x0907, 0x94b4, 0x19aa, 0x0841, 0x28e2, 0x30e2, 0x28e2, 0x28e2, 0x3103, 0x3102, 0x0861, 0x1968, 0x9cf3, 0x2966, 0x29a8,
    0x18c3, 0x9cd3, 0x29ea, 0x1169, 0x1148, 0xa514, 0x4208, 0x1947, 0x21ca, 0x7412, 0x2967, 0x2987, 0x73f1, 0x7b8e, 0x41c7, 0x2987,
    0x9d56, 0x4a28, 0x4a49, 0x1127, 0x8c93, 0x2946, 0x41c7, 0x1926, 0x8c73, 0x4a07, 0x2988, 0x0929, 0xa535, 0x19aa, 0x198a, 0x324c,
    0x8c72, 0x31a7, 0x21aa, 0x8472, 0x6b6e, 0x31e9, 0x1967, 0xf77a, 0x2166, 0x5aec, 0x29ca, 0x9c92, 0x19aa, 0xa534, 0xff9a, 0xff79,
    0xff58, 0x426b, 0x4a4a, 0x0a0e, 0x4a2a, 0xcb67, 0xd345, 0x4a08, 0x4a4a, 0x5b71, 0x6b0c, 0x21ed, 0x19aa, 0x528a, 0x528b, 0x328e,
    0x0a52, 0x29c9, 0x422a, 0x528b, 0x422a, 0x1969, 0x1250, 0x324c, 0x424a, 0x424a, 0x8ae8, 0xcc29, 0x226f, 0x2270, 0x2187, 0x39e8,
    0x4229, 0x4229, 0xfdac, 0x6aa8, 0x4208, 0x422a, 0x2290, 0x326d, 0x626a, 0xca86, 0x9aa8, 0x5249, 0x2167, 0x328e, 0x526a, 0xcc08,
    0xd408, 0x4a49, 0x29a8, 0x2147, 0x31e9, 0x4229, 0x4229, 0xeca9, 0x5aaa, 0x4a49, 0x72c9, 0x3a6c, 0x1271, 0x2a90, 0x4a6a, 0x426b,
    0x8ae9, 0x82c8, 0x0232, 0x11ee, 0x2168, 0x31e9, 0x82e9, 0xe387, 0xeb86, 0xcb06, 0x4209, 0x2167, 0x3a09, 0x4a49, 0xf54d, 0xfdce,
    0xfdad, 0xdc49, 0x5248, 0x21a8, 0x2188, 0x19cd, 0x49eb, 0xc265, 0xa246, 0x1231, 0x2250, 0x4a6a, 0xdc27, 0xec46, 0xd4ac, 0x3a6d,
    0x3a09, 0x29a8, 0x29ea, 0x1292, 0x0ad4, 0x528c, 0x19ed, 0x4a2a, 0x31e8, 0x2987, 0x5269, 0xe489, 0xfdee, 0xa369, 0x4a29, 0x526a,
    0x31c8, 0xa44f, 0xb40d, 0x5a27, 0x31c8, 0x29ea, 0x2a0b, 0x21cb, 0x1168, 0x29ea, 0x4a2a, 0xec06, 0xcb87, 0x526a, 0x5b0d, 0xf77a,
    0xff79, 0xff79, 0x7bf0, 0x1149, 0x9c91, 0x2189, 0x73d0, 0x9491, 0xf75a, 0x1969, 0x2188, 0x5b0e, 0x8431, 0x31c8, 0x29ca, 0x94f3,
    0x31a8, 0x3186, 0x4a08, 0xb5b6, 0x31c8, 0x2167, 0x1967, 0x9d15, 0x31a7, 0x39c7, 0x31c9, 0xa514, 0x3a09, 0x31c8, 0x29c9, 0xb595,
    0x39c7, 0x2146, 0x3a2a, 0xad55, 0x41e7, 0x3187, 0x7bf0, 0x8c92, 0x2987, 0x2167, 0x94f4, 0x526a, 0x3187, 0x31c8, 0xa514, 0x3186,
    0x39c7, 0x29a8, 0xad76, 0x21ca, 0x0862, 0xa2c5, 0x20a1, 0x1061, 0x1881, 0x3942, 0xbb25, 0x0882, 0x21a9, 0xa534, 0x2966, 0x31a7,
    0x19aa, 0xa514, 0x29a8, 0x1926, 0x39c8, 0xad34, 0x2966, 0x2146, 0x426b, 0x8493, 0x2167, 0x31c8, 0x7c11, 0x6b2c, 0x1947, 0x31c8,
    0xb574, 0x41a6, 0x39a7, 0x29a8, 0xa555, 0x2188, 0x2167, 0x1946, 0xa515, 0x2188, 0x2167, 0x39a7, 0x9cd3, 0x29a8, 0x2167, 0x3a2a,
    0x94b2, 0x39c7, 0x31e9, 0x8451, 0x634d, 0x41e7, 0x3186, 0xff59, 0x6b0a, 0x7b8e, 0x29eb, 0x9470, 0x198a, 0x9cf3, 0xff9a, 0xff9a,
    0xff79, 0x428b, 0x4a6a, 0x220d, 0x7206, 0xfca9, 0xfd4c, 0xc3e9, 0x5249, 0x21ca, 0x21c9, 0x1988, 0x21c9, 0x5aab, 0xfc47, 0x428d,
    0x1a50, 0x3a2a, 0x4229, 0xf448, 0x7ae9, 0x422a, 0x2988, 0x3a09, 0x528b, 0x5a49, 0xeca9, 0xf52a, 0xd325, 0x8268, 0x2188, 0x424a,
    0x426a, 0xfd8d, 0xf56b, 0xf52b, 0x9b28, 0x4a08, 0x2987, 0x22b2, 0x3aaf, 0xc2a6, 0x6269, 0x31a8, 0x2166, 0x4a6a, 0xa327, 0xfd6c,
    0xdc49, 0x92c7, 0x4a28, 0x4208, 0x21a9, 0x4a8c, 0xe447, 0xec88, 0xe448, 0x9a66, 0x3a2a, 0x1271, 0x1315, 0x12f5, 0x29ea, 0x2166,
    0x72ea, 0x6acb, 0x0273, 0x0a52, 0x11ac, 0x3a09, 0x8ac8, 0xeb86, 0xeb66, 0x526d, 0x224e, 0x31c8, 0x3a29, 0x526a, 0xd4ab, 0xf58d,
    0xfdad, 0xe3e8, 0x5248, 0x29a8, 0x29a8, 0x19cc, 0x1210, 0xa267, 0x8268, 0x0a11, 0x09ef, 0x4a6a, 0xe407, 0xec26, 0xcc2b, 0x224f,
    0x3a09, 0x3a09, 0x1271, 0x0a93, 0x52ef, 0xeb25, 0x4a29, 0x4a49, 0x4a4a, 0x4a29, 0x5a89, 0xfd4b, 0xfe0e, 0xf4c9, 0x5a89, 0x5aab,
    0x2a6e, 0x8c10, 0xac2f, 0x7a87, 0x4a28, 0x29ea, 0x1a30, 0x21cb, 0x1147, 0x4209, 0x6248, 0xec26, 0xd3a7, 0x5a48, 0x5a8a, 0xf779,
    0xff79, 0xff79, 0x7432, 0x098a, 0xa4f3, 0x424b, 0x8c10, 0x8c2f, 0xf759, 0x1127, 0x1968, 0x5b2d, 0x8c51, 0x4a07, 0x29a8, 0x9cf3,
    0x31a7, 0x2125, 0x3166, 0xb5d7, 0x2967, 0x1926, 0x1926, 0xa535, 0x2966, 0x2967, 0x2987, 0xa515, 0x21a9, 0x2987, 0x2967, 0xb595,
    0x2187, 0x1126, 0x3a2a, 0xad75, 0x3186, 0x2946, 0x7bf0, 0x8c92, 0x2167, 0x1968, 0xa535, 0x4208, 0x2945, 0x3186, 0xa514, 0x2125,
    0x2946, 0x3186, 0xb596, 0x19aa, 0x0883, 0xb305, 0xf50a, 0xf488, 0xeca9, 0xfd2a, 0xa306, 0x0882, 0x21a9, 0xad75, 0x2965, 0x2946,
    0x1906, 0xa535, 0x1926, 0x10c4, 0x39a7, 0xad34, 0x2145, 0x1926, 0x3a09, 0x94f4, 0x1926, 0x2187, 0x8410, 0x6b0b, 0x1126, 0x41e7,
    0xc573, 0x3964, 0x2946, 0x2189, 0xad76, 0x1967, 0x1926, 0x1126, 0x9d14, 0x0928, 0x2146, 0x3186, 0x9cd3, 0x3186, 0x2146, 0x3a29,
    0x9cf3, 0x39a6, 0x31a8, 0x8451, 0x5b2d, 0x41c7, 0x3986, 0xff58, 0x8bce, 0x9430, 0x29ea, 0x9c50, 0x118a, 0x9cf3, 0xff99, 0xff99,
    0xff79, 0x4aab, 0x4a8b, 0x5249, 0x8a25, 0xf50a, 0xfd6d, 0xd3a7, 0x5269, 0x19ec, 0x19ec, 0x1988, 0x3a2a, 0x732a, 0xf446, 0x832a,
    0x426b, 0x4a4a, 0x41e7, 0xf447, 0x7aea, 0x5269, 0x2988, 0x39e9, 0x528b, 0x92e8, 0xf4ea, 0xf509, 0xcb67, 0x6a69, 0x1a0d, 0x324c,
    0x426b, 0xed0b, 0xf56b, 0xec89, 0x8ae8, 0x4a28, 0x2988, 0x1a4f, 0x3a4d, 0x82a9, 0x528b, 0x29a8, 0x3a09, 0x4a4a, 0xa307, 0xecca,
    0xe407, 0xb327, 0x4a6a, 0x322b, 0x21cb, 0x2af1, 0xabca, 0xf467, 0xe3a7, 0xbaa7, 0x320a, 0x12b2, 0x1356, 0x1336, 0x222c, 0x4208,
    0x52ab, 0x422a, 0x0253, 0x0a53, 0x0a11, 0x3a4a, 0x5249, 0xaac7, 0xe346, 0x0274, 0x0a73, 0x222e, 0x422a, 0x528a, 0x8b08, 0xeceb,
    0xf50a, 0xa265, 0x5249, 0x424a, 0x4249, 0x19ac, 0x09ce, 0x324c, 0x320b, 0x09ce, 0x09ce, 0x424a, 0x8b29, 0xe3c6, 0x8bad, 0x2270,
    0x326d, 0x4a6a, 0x0a92, 0x2ab0, 0xe346, 0xf346, 0xaac8, 0x4a6b, 0x3a4c, 0x4a4a, 0xec89, 0xf4c9, 0xfdee, 0xc2e5, 0x526a, 0x5a6a,
    0x12f4, 0x3374, 0xb46f, 0x9aa6, 0x5a28, 0x29ca, 0x0a74, 0x1988, 0x3209, 0x4a6a, 0xcba7, 0xec06, 0xec27, 0x82a7, 0x5269, 0xf758,
    0xff78, 0xff78, 0xbd95, 0x8451, 0xad54, 0x9c70, 0x4209, 0x29a8, 0xff58, 0x8430, 0x8c72, 0xa534, 0xc5d5, 0xb48e, 0xa554, 0xc616,
    0x9c4f, 0x940e, 0xb595, 0xce79, 0xac8e, 0xa42d, 0x9491, 0xc5f7, 0xac0b, 0xb44c, 0xad55, 0xce58, 0x94d4, 0x9c91, 0xcd51, 0xce58,
    0xad34, 0x94b3, 0xa534, 0xd678, 0xb4f0, 0x9cd3, 0xc5f7, 0xcdf5, 0xacd1, 0x8c93, 0xce58, 0xbd11, 0xacb0, 0xad53, 0xc5f6, 0x9cb2,
    0x9cd3, 0x9cd3, 0xbdd7, 0x63b0, 0x0883, 0xec67, 0x0861, 0xc3e8, 0xcbe8, 0x0041, 0xeca9, 0x0862, 0x9d14, 0xd678, 0x9cd3, 0x9492,
    0x9492, 0xb5b6, 0x8c72, 0xacd0, 0xacf2, 0xce58, 0xa44d, 0x8410, 0x8c72, 0xbdb5, 0xa44d, 0xb532, 0xd636, 0xad54, 0x8c72, 0xc573,
    0xd699, 0xb48f, 0xa44f, 0x94b3, 0xd699, 0xa535, 0x9c70, 0xc510, 0xa534, 0x7c53, 0xa44e, 0xb48e, 0xbdb6, 0xb4f0, 0xa4f2, 0xa514,
    0xc5d5, 0xb46d, 0xb4af, 0xbdb5, 0xa514, 0x8c51, 0x8c51, 0xff58, 0x31a7, 0x5aed, 0x8c51, 0x9cb2, 0x73f1, 0xc5f4, 0xff79, 0xff79,
    0xff79, 0x426b, 0x424a, 0x428d, 0xbb05, 0xe3a6, 0xeba6, 0xb2e6, 0x4a49, 0x0a93, 0x0a73, 0x3a09, 0x4a8c, 0xec06, 0xf427, 0xe3e8,
    0x4a6b, 0x4a6a, 0xf467, 0xf4a8, 0xdcaa, 0x9b8a, 0x31c8, 0x422a, 0x52ab, 0x832a, 0xecca, 0xfce9, 0xa308, 0x524a, 0x0273, 0x0a32,
    0x2a2c, 0x6248, 0xeca9, 0x7a46, 0x5a28, 0x2a2c, 0x0230, 0x11ab, 0x1250, 0x1271, 0x328e, 0x31e9, 0x4a6a, 0x528a, 0xc3c8, 0xfe2f,
    0xd3e8, 0x9309, 0x4a6b, 0x1a70, 0x1252, 0x1ab3, 0x2a6f, 0xf468, 0xcb07, 0xaa87, 0x422a, 0x12b2, 0x1335, 0x1b36, 0x8a68, 0x7a88,
    0x52ab, 0x4a6a, 0x0232, 0x0231, 0x0a31, 0x426b, 0x526a, 0x6aaa, 0xc307, 0x1a72, 0x0a31, 0x0a11, 0x3a6c, 0x526a, 0x528a, 0x9308,
    0xb348, 0x324c, 0x222e, 0x1a71, 0x4a6a, 0x21ec, 0x09ad, 0x3a2a, 0x426a, 0x11ad, 0x11cd, 0x426a, 0x528a, 0xab27, 0x2a4f, 0x2270,
    0x2a6f, 0x31c8, 0x4a6a, 0x4a6a, 0x82ea, 0xe367, 0x5aab, 0x4a8c, 0x0a71, 0x4a6a, 0x528a, 0x4a69, 0xecca, 0x5269, 0x4a49, 0x4a49,
    0x0a71, 0x12f4, 0x9bee, 0x5a27, 0x5228, 0x19cb, 0x0a31, 0x3a4b, 0x4a8b, 0x528b, 0x4a6a, 0xcbc8, 0xc388, 0x4a6b, 0x4a6b, 0xf759,
    0xff79, 0xff78, 0x7bce, 0x21c9, 0xad34, 0x19a9, 0x634e, 0x52cb, 0xf759, 0x2167, 0x31c8, 0x6b6e, 0x8c51, 0x39e8, 0x2987, 0x9492,
    0x31c8, 0x2147, 0x426b, 0xad55, 0x39e8, 0x41e8, 0x29a8, 0x9cd3, 0x39e8, 0x4229, 0x31e8, 0x9cf4, 0x4209, 0x41e8, 0x31a7, 0xb5b7,
    0x4a08, 0x1148, 0x10c2, 0xa514, 0x5249, 0x41e8, 0x7bf1, 0x94b2, 0x41e8, 0x21ca, 0x9d14, 0x5acb, 0x41e8, 0x31e9, 0x9cb3, 0x21ca,
    0x10a2, 0x10c3, 0x10e5, 0x10e4, 0x0082, 0x8285, 0xed0b, 0xf50a, 0xf4c9, 0xecc9, 0x5183, 0x0882, 0x08c4, 0x0905, 0x29e9, 0x10a2,
    0x31ea, 0xb554, 0x41c7, 0x39e8, 0x3a2a, 0xa514, 0x39e8, 0x39c8, 0x426a, 0xa514, 0x4209, 0x4a6a, 0x73af, 0x5b2d, 0x41c7, 0x4a28,
    0xa535, 0x3986, 0x3187, 0x29c9, 0xad75, 0x4a08, 0x4a08, 0x31a7, 0x9cf4, 0x2168, 0x31c8, 0x39e9, 0xa534, 0x4a6a, 0x31e8, 0x3a0a,
    0x94b2, 0x528a, 0x31e9, 0x8431, 0x634d, 0x41e8, 0x2146, 0xf758, 0x738d, 0x8410, 0x29ca, 0x9cb1, 0x4229, 0x9c90, 0xff58, 0xff78,
    0xff58, 0x424a, 0x424a, 0x2270, 0x2a90, 0xc326, 0xe365, 0x4a29, 0x4a2a, 0x0273, 0x0a31, 0x42ad, 0x2ab0, 0x32cf, 0xdb86, 0x5a8a,
    0x426b, 0x424a, 0x4229, 0xe3e7, 0x9329, 0x4a8b, 0x1a6f, 0x226e, 0x4a6b, 0x4a6a, 0x8b29, 0xbb67, 0x526a, 0x4a4a, 0x0a73, 0x0a30,
    0x4229, 0x5249, 0x9aa6, 0x4a29, 0x4229, 0x220d, 0x0231, 0x1967, 0x120e, 0x226f, 0x3a6d, 0x3a6c, 0x4a6a, 0x528a, 0x528a, 0xb3eb,
    0x5a8a, 0x528a, 0x4a6b, 0x19cb, 0x0a93, 0x2a8f, 0x426b, 0xaba9, 0x8a88, 0x6a69, 0x3a4b, 0x0a71, 0x1292, 0x1af4, 0x9288, 0x9288,
    0x3a09, 0x39e9, 0x29c9, 0x29c9, 0x3a09, 0x3a09, 0x3a09, 0x422a, 0x420a, 0x3a0a, 0x39e9, 0x29c9, 0x31e9, 0x39e9, 0x39e9, 0x39e9,
    0x31e9, 0x31e9, 0x2988, 0x31e9, 0x39e9, 0x31e9, 0x31c8, 0x31c8, 0x31c8, 0x31c9, 0x29c9, 0x31e9, 0x31e8, 0x31c8, 0x29c9, 0x29c9,
    0x31c9, 0x31c8, 0x29c8, 0x31c8, 0x3a09, 0x3a09, 0x31e9, 0x31e9, 0x29ea, 0x31e9, 0x31e9, 0x31e9, 0x31e9, 0x39e9, 0x31e9, 0x31e9,
    0x29ea, 0x29ea, 0x31e9, 0x31e9, 0x31e9, 0x29c9, 0x29ca, 0x31e9, 0x31e9, 0x3a09, 0x31e9, 0x31c9, 0x31e9, 0x31e9, 0x31e9, 0xf75a,
    0xff79, 0xff79, 0x6b4c, 0x1127, 0x9cd3, 0x8c92, 0x534f, 0x42cc, 0xf77a, 0x1926, 0x2167, 0x52cc, 0x6b6f, 0x1926, 0x1926, 0x6baf,
    0x29c9, 0x2168, 0x1968, 0x94d3, 0x1948, 0x1947, 0x1927, 0x7bf1, 0x1947, 0x21a9, 0x1948, 0x7c11, 0x1947, 0x1947, 0x1926, 0x8cb4,
    0x1989, 0x1926, 0x29a8, 0x73cf, 0x2167, 0x2988, 0x634e, 0x638e, 0x2126, 0x2168, 0x7c10, 0x320a, 0x29a9, 0x1967, 0x7c11, 0x2188,
    0x10e5, 0x0861, 0x2965, 0x2965, 0x2965, 0x08a3, 0xf50b, 0xe4aa, 0xe489, 0xf4ea, 0x0062, 0x2965, 0x2965, 0x2965, 0x0062, 0x08a3,
    0x1988, 0x7bf0, 0x2147, 0x2188, 0x2188, 0x7c11, 0x1926, 0x1926, 0x29a8, 0x73d0, 0x1947, 0x2167, 0x5b0d, 0x428b, 0x1926, 0x2167,
    0x8c93, 0x10e5, 0x10e5, 0x1926, 0x7c31, 0x2167, 0x1967, 0x1927, 0x636f, 0x1106, 0x2167, 0x2168, 0x8c72, 0x2167, 0x1926, 0x29c9,
    0x8c51, 0x21a8, 0x2188, 0x6b8f, 0x4aab, 0x2188, 0x1926, 0xf738, 0x4aee, 0x7c11, 0x9cd3, 0x8c71, 0x2188, 0x9c90, 0xff78, 0xff78,
    0xff58, 0x3a09, 0x31e9, 0x31e9, 0x31e9, 0x39e9, 0x3a09, 0x31e8, 0x31e9, 0x31c9, 0x31e9, 0x31e9, 0x31e9, 0x3209, 0x39e9, 0x31e9,
    0x3209, 0x3a09, 0x3a09, 0x39e9, 0x3a09, 0x31e9, 0x31c8, 0x31e9, 0x31e9, 0x31e9, 0x31e9, 0x39e9, 0x39e8, 0x39e9, 0x29ea, 0x29ea,
    0x31e9, 0x39e9, 0x31e9, 0x31e8, 0x31e9, 0x31e9, 0x31c9, 0x31e9, 0x31e9, 0x31e9, 0x3a09, 0x3a09, 0x3a09, 0x3a09, 0x3a09, 0x4209,
    0x3a09, 0x3a09, 0x3a09, 0x3a09, 0x39e9, 0x3209, 0x3a09, 0x3a29, 0x4229, 0x3a09, 0x31e8, 0x31e9, 0x31e9, 0x31e9, 0x4209, 0x4a29,
    0x29a8, 0x29a8, 0x2187, 0x2187, 0x2988, 0x2987, 0x2187, 0x29a8, 0x31c8, 0x29a8, 0x29a8, 0x29a8, 0x29a8, 0x29a8, 0x29a8, 0x2988,
    0x2988, 0x2987, 0x2187, 0x29a8, 0x29a8, 0x21a8, 0x2187, 0x2167, 0x2187, 0x2187, 0x2187, 0x2167, 0x2167, 0x2167, 0x2167, 0x2187,
    0x2187, 0x2187, 0x2167, 0x2187, 0x29a8, 0x29a8, 0x29a7, 0x2987, 0x29a7, 0x29c8, 0x29a7, 0x29a7, 0x29a8, 0x29c8, 0x29a8, 0x2187,
    0x2187, 0x2187, 0x2188, 0x29a8, 0x2988, 0x2187, 0x2988, 0x2987, 0x2187, 0x2987, 0x2988, 0x29a8, 0x21a8, 0x2187, 0x2187, 0xf75a,
    0xff99, 0xff79, 0x9d13, 0x7c11, 0x94b3, 0x3a8d, 0x220c, 0x0969, 0xf77b, 0x1147, 0x2188, 0x530d, 0x6bb0, 0x1106, 0x1926, 0x73d0,
    0x29c9, 0x1988, 0x1147, 0x9492, 0x1127, 0x1147, 0x1126, 0x7c11, 0x1127, 0x1988, 0x1127, 0x7c11, 0x1947, 0x1948, 0x08e6, 0x8493,
    0x116a, 0x1947, 0x29a8, 0x6baf, 0x1127, 0x1988, 0x636f, 0x6b8e, 0x1906, 0x1947, 0x7c10, 0x424b, 0x21c9, 0x1968, 0x7bf0, 0x31c7,
    0x10c3, 0x18e3, 0x2965, 0x2965, 0x2945, 0x18e3, 0xaba8, 0xbbc8, 0xbbc8, 0xbbc7, 0x18e3, 0x2945, 0x2965, 0x2965, 0x1903, 0x18e3,
    0x1105, 0x8473, 0x1968, 0x21a9, 0x2189, 0x7bf0, 0x1105, 0x1926, 0x3209, 0x8431, 0x1147, 0x1126, 0x5aed, 0x4aac, 0x1926, 0x1967,
    0x8452, 0x08c5, 0x08c5, 0x1106, 0x8431, 0x1927, 0x1967, 0x1127, 0x6b8f, 0x1126, 0x1988, 0x1948, 0x8472, 0x1147, 0x1947, 0x320a,
    0x8c72, 0x2188, 0x2188, 0x73d0, 0x4acc, 0x2188, 0x1127, 0xf737, 0x094a, 0x4b0f, 0x324c, 0x94b3, 0x6b8f, 0xb594, 0xff7a, 0xff79,
    0xf779, 0x29a8, 0x2187, 0x2987, 0x2988, 0x29a8, 0x29a8, 0x2188, 0x2187, 0x2187, 0x2188, 0x2187, 0x2188, 0x2988, 0x2188, 0x2188,
    0x2188, 0x29a8, 0x29a8, 0x29a8, 0x2987, 0x2987, 0x2987, 0x2987, 0x29a8, 0x29a8, 0x29a7, 0x29a8, 0x29a8, 0x29a8, 0x29a8, 0x29a8,
    0x29a8, 0x2987, 0x29a7, 0x2987, 0x2987, 0x2987, 0x2187, 0x2987, 0x2187, 0x2187, 0x2987, 0x2987, 0x31c8, 0x29c8, 0x29a8, 0x29a8,
    0x29a8, 0x29a8, 0x29a8, 0x29a8, 0x29a8, 0x29c8, 0x31e8, 0x31c8, 0x31c8, 0x2987, 0x2167, 0x2187, 0x29a8, 0x29a8, 0x29a8, 0x29a8,
    0x69a6, 0x61a6, 0x69a6, 0x69a6, 0x71a6, 0x71a6, 0x638d, 0x6b8e, 0x73ae, 0x73ae, 0x73ae, 0x738d, 0x6b8d, 0x6b8e, 0x6b8e, 0x738e,
    0x6b8e, 0x73ae, 0x6b8e, 0x6b6d, 0x11ab, 0x19cb, 0x19aa, 0x118a, 0x118a, 0x19aa, 0x19aa, 0x19aa, 0x19ab, 0x198a, 0x198a, 0x19aa,
    0x19ab, 0x19aa, 0x19ab, 0x19ab, 0x19ab, 0x19ab, 0x198a, 0x19ab, 0x19ab, 0x19ed, 0x19cb, 0x198a, 0x19cb, 0x19ec, 0x19cc, 0x19cb,
    0x19ab, 0x19ab, 0x19cb, 0x19cb, 0x19cb, 0x19ab, 0x19aa, 0x19aa, 0x19aa, 0x19aa, 0x19ab, 0x19ab, 0x19ab, 0x19ab, 0x198a, 0xf739,
    0xff79, 0xff9a, 0xad54, 0x018b, 0x9cf4, 0x09ab, 0x2a2c, 0x11aa, 0xf779, 0x8cf4, 0x9d15, 0xb5b6, 0xc617, 0x8cb3, 0x94d3, 0xce58,
    0xad55, 0xa535, 0x9cf4, 0xce37, 0x9cf4, 0x9cf4, 0x9cf4, 0xce37, 0xad76, 0xa535, 0x94d3, 0xc617, 0xa555, 0xa535, 0x94f4, 0xce37,
    0x94f5, 0x9d15, 0xa555, 0xce37, 0x8cd3, 0x94f4, 0xb5b6, 0xbdb5, 0x8c51, 0x9cd3, 0xc617, 0xa535, 0xad55, 0xad75, 0x10e4, 0x10c2,
    0x2945, 0x2965, 0x2945, 0x2965, 0x2965, 0x2965, 0x098a, 0x10c3, 0x10c3, 0x09aa, 0x2945, 0x2965, 0x2965, 0x2945, 0x2965, 0x2965,
    0x18e3, 0x10a3, 0xa555, 0xa555, 0x94d4, 0xc5f7, 0x8c93, 0x9cf4, 0xa534, 0xd678, 0x9d35, 0x94f4, 0xa555, 0xb5b6, 0x9d15, 0x94d4,
    0xc617, 0x94f4, 0x94d4, 0x8c93, 0xce37, 0xa534, 0x9d14, 0x94f4, 0xc5f7, 0x94f4, 0x94f4, 0x94f4, 0xce37, 0x8cb3, 0x9514, 0xa555,
    0xce58, 0x9d14, 0x9d14, 0xbdd6, 0xad75, 0x94d3, 0x8493, 0xf758, 0x1149, 0x4b0f, 0x0949, 0x8c93, 0x094a, 0xad96, 0xff7a, 0xff9a,
    0xff7a, 0x19cc, 0x198a, 0x19aa, 0x19ab, 0x19ab, 0x19ab, 0x19ab, 0x19ab, 0x19ab, 0x19ab, 0x19ab, 0x19ab, 0x19ab, 0x19cb, 0x19ab,
    0x19ab, 0x19ab, 0x19cc, 0x19cb, 0x19ab, 0x19aa, 0x19aa, 0x19aa, 0x19ab, 0x198a, 0x19ab, 0x19cb, 0x19ec, 0x19cb, 0x19ab, 0x19ab,
    0x19ab, 0x19ab, 0x19ab, 0x19ab, 0x19ab, 0x19ab, 0x19ab, 0x19ab, 0x19ab, 0x19aa, 0x19ab, 0x19aa, 0x738d, 0x73ae, 0x73ae, 0x73ce,
    0x7bcf, 0x73ce, 0x73ae, 0x73ae, 0x73ae, 0x73ce, 0x7bce, 0x73ae, 0x73ae, 0x6b8e, 0x7165, 0x7186, 0x71a6, 0x71a6, 0x71a6, 0x79a6,
    0xc9e4, 0xc9e4, 0xd205, 0xd205, 0xd205, 0xd1e5, 0xd677, 0xde77, 0xd677, 0xd677, 0xd677, 0xd677, 0xd677, 0xd677, 0xd677, 0xd677,
    0xd677, 0xd677, 0xd677, 0xce36, 0x09ef, 0x1210, 0x1210, 0x1210, 0x1210, 0x1210, 0x1210, 0x1210, 0x1210, 0x1210, 0x1210, 0x120f,
    0x120f, 0x1230, 0x1230, 0x1230, 0x11ef, 0x120f, 0x09ae, 0x09cf, 0x09cf, 0x0a10, 0x1251, 0x1210, 0x1230, 0x1231, 0x1230, 0x1210,
    0x1230, 0x1230, 0x1230, 0x1230, 0x1230, 0x1210, 0x1210, 0x1210, 0x120f, 0x1210, 0x1210, 0x1210, 0x1230, 0x1230, 0x1210, 0xf739,
    0xff79, 0xff79, 0x63d1, 0x09ac, 0xa535, 0x2a6e, 0x9cf4, 0x94b3, 0xf739, 0x09ac, 0x11cd, 0x4b10, 0x7432, 0x11ac, 0x11ac, 0x94f5,
    0x2a6e, 0x11ee, 0x11ac, 0x94f4, 0x098c, 0x11cd, 0x11cd, 0xa534, 0x11ee, 0x11cd, 0x096a, 0xa535, 0x122f, 0x18e3, 0x18c3, 0x9cd4,
    0x18e3, 0x18e3, 0x1903, 0x9d15, 0x18c3, 0x18e3, 0x7412, 0x7c32, 0x18e3, 0x18c3, 0x8cd4, 0x18c3, 0x18c3, 0x10c3, 0x08c4, 0x2945,
    0x2965, 0x2965, 0x2124, 0x2124, 0x2965, 0x2965, 0x2965, 0x2965, 0x2965, 0x2945, 0x2965, 0x2965, 0x2145, 0x2145, 0x2965, 0x2965,
    0x2965, 0x10c4, 0x18e3, 0x18e3, 0x10c2, 0x94d4, 0x10c3, 0x18e3, 0x18e3, 0x94f5, 0x18e3, 0x18c3, 0x2104, 0x2104, 0x18e3, 0x10c3,
    0x94d4, 0x18c3, 0x18e3, 0x19cc, 0x94b3, 0x09ed, 0x120e, 0x11cd, 0x94d4, 0x11cd, 0x11cd, 0x096b, 0x9cd3, 0x11ac, 0x11ce, 0x32af,
    0x94d4, 0x11ac, 0x11ac, 0x8cb4, 0x5b70, 0x11ee, 0x11cd, 0xf759, 0x9cb2, 0x8c92, 0x014a, 0x94b3, 0x096a, 0x94d3, 0xff79, 0xff9a,
    0xff7a, 0x1231, 0x1210, 0x1210, 0x1210, 0x1210, 0x1210, 0x1210, 0x1210, 0x1210, 0x1230, 0x1230, 0x1230, 0x1210, 0x1210, 0x1210,
    0x1210, 0x1210, 0x1210, 0x11ef, 0x120f, 0x1210, 0x09ef, 0x01cf, 0x01cf, 0x01cf, 0x120f, 0x1a0f, 0x1210, 0x1210, 0x120f, 0x120f,
    0x120f, 0x1210, 0x1210, 0x1210, 0x1230, 0x1210, 0x1210, 0x1230, 0x1210, 0x120f, 0x120f, 0x09ef, 0xd656, 0xde77, 0xde77, 0xde77,
    0xde97, 0xde77, 0xd677, 0xd677, 0xd677, 0xd677, 0xd677, 0xd677, 0xd677, 0xd677, 0xd1e4, 0xd1e4, 0xd204, 0xd205, 0xd225, 0xd225,
    0xca04, 0xd204, 0xd204, 0xd205, 0xd205, 0xd205, 0xd697, 0xd677, 0xd677, 0xd677, 0xd677, 0xde77, 0xd677, 0xd677, 0xd677, 0xd677,
    0xde77, 0xd677, 0xd677, 0xce36, 0x11ef, 0x1210, 0x1210, 0x1210, 0x1210, 0x1210, 0x1210, 0x1210, 0x1210, 0x1210, 0x1210, 0x1210,
    0x1210, 0x1210, 0x1230, 0x1230, 0x116b, 0x08e7, 0xf759, 0xf717, 0xf717, 0xeef8, 0x1127, 0x0108, 0x11ee, 0x1230, 0x1210, 0x1210,
    0x1210, 0x1230, 0x1230, 0x1230, 0x1230, 0x1230, 0x1210, 0x1210, 0x1210, 0x1210, 0x1210, 0x1210, 0x1230, 0x1230, 0x1230, 0xf75a,
    0xff79, 0xff78, 0x6bd0, 0x8c93, 0xa535, 0x9d15, 0x3af0, 0x11ec, 0xf75a, 0x01ad, 0x11cd, 0x42ef, 0x7412, 0x11ac, 0x11ac, 0x9515,
    0x32af, 0x11ee, 0x11ac, 0x9cf4, 0x098c, 0x11ce, 0x11ee, 0xa515, 0x11cd, 0x11ac, 0x096b, 0xa535, 0x1a2f, 0x18e3, 0x18c3, 0x94d4,
    0x18e3, 0x18e3, 0x1904, 0x9cf4, 0x10c3, 0x18c3, 0x7412, 0x8473, 0x18e3, 0x18e3, 0x8cb4, 0x10c3, 0x10c3, 0x2924, 0x10c2, 0x2965,
    0x2965, 0x2965, 0x08e6, 0x08a4, 0x2965, 0x2965, 0x2965, 0x2965, 0x2965, 0x2965, 0x2965, 0x2965, 0x0129, 0x00e6, 0x2965, 0x2965,
    0x2965, 0x2124, 0x18a2, 0x10c2, 0x10c2, 0x9d14, 0x18c3, 0x18e3, 0x18e3, 0x9d16, 0x18e3, 0x10c3, 0x63d1, 0x2104, 0x18e3, 0x10c3,
    0x8cb4, 0x18e3, 0x18e3, 0x11ee, 0x8cb3, 0x11ed, 0x1a0e, 0x11ee, 0x9cf4, 0x11cd, 0x09ac, 0x096b, 0x94d3, 0x11ac, 0x11ee, 0x32af,
    0x94d4, 0x11ac, 0x11ac, 0x94f4, 0x5b90, 0x11cd, 0x11cd, 0xf75a, 0x098c, 0x5b70, 0x9cf4, 0x94f4, 0x8473, 0xa553, 0xff79, 0xff79,
    0xf759, 0x1210, 0x1210, 0x1210, 0x1210, 0x1210, 0x1210, 0x1210, 0x1210, 0x1230, 0x1230, 0x1230, 0x1230, 0x1230, 0x1230, 0x1210,
    0x1210, 0x120f, 0x1210, 0x1210, 0x0907, 0x0928, 0xf739, 0xf758, 0xf737, 0xe6b7, 0x00a5, 0x08e7, 0x11ef, 0x120f, 0x1210, 0x1210,
    0x1210, 0x1210, 0x1210, 0x1210, 0x1210, 0x1210, 0x1230, 0x1210, 0x1230, 0x1210, 0x120f, 0x09cf, 0xd656, 0xde77, 0xde97, 0xde97,
    0xde97, 0xde77, 0xde77, 0xde77, 0xde77, 0xd677, 0xd677, 0xd677, 0xd677, 0xd677, 0xd1e4, 0xd1e4, 0xd204, 0xd205, 0xd225, 0xd225,
    0xca04, 0xd204, 0xd204, 0xd205, 0xd204, 0xd205, 0xde97, 0xde77, 0xd677, 0xde77, 0xde77, 0xde77, 0xde77, 0xde77, 0xde77, 0xde77,
    0xde77, 0xde97, 0xde77, 0xd656, 0x09ef, 0x1210, 0x1210, 0x1230, 0x1210, 0x1210, 0x1230, 0x1230, 0x1210, 0x1210, 0x1210, 0x1210,
    0x1210, 0x1230, 0x1230, 0x094a, 0x0928, 0x4310, 0xf717, 0xf716, 0xf738, 0xf759, 0x63b0, 0x00e7, 0x00e7, 0x1210, 0x1210, 0x1210,
    0x1230, 0x1230, 0x1230, 0x1230, 0x1230, 0x1230, 0x1210, 0x1210, 0x1210, 0x1210, 0x1210, 0x1230, 0x1230, 0x1230, 0x1230, 0xf75a,
    0xff79, 0xff78, 0xb553, 0x5b91, 0xad55, 0x122e, 0x32ef, 0x11ed, 0xf75a, 0x018c, 0x11cc, 0x4b0f, 0x7c52, 0x11ed, 0x1a2d, 0x9d35,
    0x4310, 0x1a0d, 0x11cb, 0x9d14, 0x11cc, 0x222e, 0x11ec, 0x9d14, 0x09ac, 0x11cc, 0x11ab, 0xad75, 0x1a2e, 0x18c3, 0x10c3, 0x9d14,
    0x18c3, 0x18e3, 0x1904, 0xa535, 0x10c3, 0x10c3, 0x6bf1, 0x8cb3, 0x18e3, 0x18e3, 0x8cb3, 0x10c3, 0x19aa, 0x10e4, 0xec27, 0x2965,
    0x2965, 0x2965, 0x0083, 0x0883, 0x2945, 0x2965, 0x2965, 0x2965, 0x2965, 0x2965, 0x2945, 0x2945, 0x00e7, 0x00a5, 0x2945, 0x2965,
    0x2144, 0xeceb, 0x28e3, 0x1946, 0x10a2, 0xa555, 0x18e3, 0x18e3, 0x18e3, 0x9d15, 0x18c3, 0x10c3, 0x6bf1, 0x63d1, 0x18e3, 0x10c2,
    0x94b3, 0x18c3, 0x18e3, 0x1a2d, 0x9d14, 0x11ec, 0x1a2e, 0x1a2e, 0x9d35, 0x11ed, 0x11ac, 0x096a, 0x9cf4, 0x1a0c, 0x1a2e, 0x3aef,
    0x9cf4, 0x11ab, 0x19ec, 0x94f4, 0x63d1, 0x19ed, 0x1a0d, 0xf77a, 0x096b, 0x5350, 0x11ee, 0x9d15, 0x42ef, 0xd635, 0xff79, 0xff99,
    0xf759, 0x1210, 0x1210, 0x1210, 0x1210, 0x1210, 0x1210, 0x1230, 0x1210, 0x1210, 0x1230, 0x1230, 0x1230, 0x1230, 0x1230, 0x1230,
    0x1210, 0x1210, 0x1210, 0x0908, 0x0949, 0x6c33, 0xf759, 0xf759, 0xf737, 0xf6f7, 0x63d0, 0x00c6, 0x0949, 0x1210, 0x1230, 0x1210,
    0x1230, 0x1210, 0x1230, 0x1230, 0x1230, 0x1230, 0x1210, 0x1230, 0x1230, 0x1210, 0x1210, 0x09ce, 0xd656, 0xde97, 0xde97, 0xde97,
    0xde97, 0xde97, 0xde77, 0xde77, 0xde77, 0xde77, 0xde77, 0xde77, 0xde77, 0xd697, 0xd1e4, 0xd1e4, 0xd204, 0xd205, 0xd225, 0xd225,
    0xca04, 0xd204, 0xd204, 0xd205, 0xd205, 0xd225, 0xde97, 0xde77, 0xde77, 0xde77, 0xde77, 0xde77, 0xde77, 0xde77, 0xde77, 0xde77,
    0xde97, 0xde97, 0xde77, 0xd656, 0x09ef, 0x1210, 0x1210, 0x1210, 0x1210, 0x1230, 0x1230, 0x1230, 0x1230, 0x1210, 0x1230, 0x1230,
    0x1210, 0x1230, 0x1230, 0x9d34, 0x7c94, 0xd697, 0x94d3, 0x94f3, 0x9d14, 0xb595, 0xf718, 0x5b70, 0xa512, 0x1210, 0x1210, 0x1230,
    0x1230, 0x1230, 0x1230, 0x1230, 0x1230, 0x1210, 0x1210, 0x1210, 0x1210, 0x1210, 0x1210, 0x1210, 0x1210, 0x1230, 0x1230, 0xf75a,
    0xff79, 0xff79, 0x73f1, 0x018c, 0xa515, 0x120e, 0x8cb4, 0x7c32, 0xff58, 0x7c72, 0x8c93, 0x9cf4, 0xb5b6, 0x9d35, 0x9d36, 0xc5f7,
    0x9cf4, 0x94d4, 0x94d4, 0xce37, 0x94f5, 0x9d36, 0xa556, 0xd678, 0x8cf5, 0x94f5, 0x94d4, 0xc617, 0x8493, 0x8473, 0x7c52, 0xce58,
    0x94f5, 0x94f5, 0x9d56, 0xd678, 0x8cd4, 0x8493, 0xa555, 0xbdf6, 0x9515, 0x9d15, 0xc5d5, 0x5b0b, 0x2986, 0x4228, 0xeca9, 0xf4c9,
    0x6a25, 0x1082, 0x7390, 0x31a7, 0x1904, 0x2945, 0x2945, 0x2965, 0x2965, 0x2965, 0x2145, 0x1904, 0x0062, 0x11aa, 0x10a3, 0x49c5,
    0xecea, 0xec88, 0xcba6, 0x10c3, 0x9cb0, 0xce57, 0x9d35, 0x9535, 0x94f5, 0xc636, 0x8cb3, 0x8cb4, 0xad75, 0xb596, 0x8cf5, 0x94f5,
    0xce17, 0x94f4, 0x9d56, 0xa535, 0xce58, 0x8cb4, 0x8cb4, 0x8cb4, 0xce38, 0x94f5, 0x8494, 0x7c73, 0xb5b6, 0x8cb4, 0x8cb4, 0x9d15,
    0xbdb6, 0x8493, 0x8cd4, 0xb5b6, 0xa555, 0x8493, 0x8c94, 0xff7a, 0x6bd0, 0x8473, 0x11cd, 0x9d35, 0x09ad, 0xa535, 0xff9a, 0xff79,
    0xf759, 0x1210, 0x11f0, 0x1210, 0x1210, 0x1210, 0x1210, 0x1210, 0x1210, 0x1230, 0x1230, 0x1210, 0x1210, 0x1230, 0x1230, 0x1210,
    0x1210, 0x120f, 0x09cf, 0xb574, 0x9d56, 0xce57, 0x8493, 0x8472, 0x7c31, 0x8cb3, 0xf739, 0x9d12, 0x84b3, 0x1210, 0x1210, 0x1210,
    0x1230, 0x1230, 0x1230, 0x1230, 0x1230, 0x1230, 0x1230, 0x1230, 0x1210, 0x1210, 0x1210, 0x09ce, 0xd656, 0xde97, 0xde97, 0xde77,
    0xde77, 0xde77, 0xde97, 0xde77, 0xde77, 0xde97, 0xde77, 0xde97, 0xde97, 0xde97, 0xc9e4, 0xc9e4, 0xc9e4, 0xd204, 0xd204, 0xd204,
    0xca04, 0xd204, 0xd204, 0xd205, 0xd225, 0xd225, 0xde97, 0xde77, 0xde76, 0xde77, 0xde77, 0xde77, 0xde77, 0xde77, 0xde77, 0xde97,
    0xde97, 0xde97, 0xde97, 0xd656, 0x09ef, 0x1210, 0x1210, 0x1210, 0x1210, 0x1230, 0x1230, 0x1230, 0x1230, 0x1210, 0x1210, 0x1230,
    0x1210, 0x1210, 0x1230, 0xef19, 0xf759, 0xf759, 0x012a, 0x098c, 0x09ad, 0x098d, 0xf718, 0xf759, 0xff58, 0x1a30, 0x1210, 0x1210,
    0x1210, 0x1230, 0x1230, 0x1230, 0x1230, 0x1230, 0x1230, 0x1210, 0x1210, 0x1210, 0x1210, 0x1210, 0x1210, 0x1210, 0x1210, 0xf759,
    0xff79, 0xff79, 0x7c32, 0x09ad, 0x9cf4, 0x8473, 0x94b4, 0x7411, 0xf739, 0x018c, 0x11cd, 0x5350, 0x8cb4, 0x120f, 0x120f, 0x94f5,
    0x222d, 0x11cd, 0x11ee, 0xad96, 0x09ce, 0x120f, 0x120e, 0xad75, 0x120e, 0x1a2f, 0x09ad, 0x9cf4, 0x09cd, 0x18c3, 0x18c3, 0xad55,
    0x18e3, 0x18e3, 0x18e3, 0xad55, 0x18e3, 0x18c3, 0x6bd2, 0x8473, 0x18e3, 0x18e3, 0x1967, 0xa532, 0xf75a, 0xde76, 0x736c, 0x61e3,
    0x10c3, 0x2124, 0x1904, 0x0882, 0x1904, 0x1904, 0x2104, 0x2124, 0x2124, 0x2104, 0x1904, 0x1904, 0x0083, 0x118a, 0x18e3, 0x10c4,
    0x0882, 0xdc27, 0xaccf, 0xef3a, 0x52aa, 0x2167, 0x1903, 0x1903, 0x18e3, 0x94d3, 0x18c3, 0x18e3, 0x7412, 0x1904, 0x18c3, 0x18e3,
    0xad76, 0x18c3, 0x18e3, 0x1a2f, 0xa576, 0x09ac, 0x11cc, 0x11cd, 0xa514, 0x0a0e, 0x11cd, 0x018b, 0x9d14, 0x09ee, 0x120f, 0x32af,
    0x94b3, 0x11ee, 0x11ed, 0x8493, 0x532f, 0x11ac, 0x098c, 0xf77a, 0x6bb1, 0x8c73, 0x6bd1, 0x9cd4, 0x11ce, 0xa534, 0xff9a, 0xff99,
    0xf759, 0x11f0, 0x11f0, 0x1210, 0x1210, 0x1210, 0x1210, 0x1210, 0x1210, 0x1210, 0x1230, 0x1230, 0x1210, 0x1210, 0x1210, 0x1210,
    0x1210, 0x1210, 0x018e, 0xf739, 0xf759, 0xf717, 0x11ee, 0x11cd, 0x098b, 0x2a8e, 0xff5a, 0xf738, 0xb595, 0x1210, 0x1210, 0x1230,
    0x1230, 0x1230, 0x1230, 0x1230, 0x1230, 0x1210, 0x1210, 0x1210, 0x1210, 0x1210, 0x1210, 0x09cf, 0xd656, 0xde97, 0xde97, 0xde97,
    0xde97, 0xde77, 0xde77, 0xde97, 0xde77, 0xde97, 0xde77, 0xde97, 0xde97, 0xde97, 0xd1e5, 0xc9e4, 0xd204, 0xd204, 0xd204, 0xd204,
    0xd204, 0xd204, 0xd205, 0xd225, 0xd225, 0xd225, 0xd677, 0xde76, 0xde77, 0xde77, 0xde77, 0xde77, 0xde77, 0xde77, 0xde97, 0xde97,
    0xde97, 0xde97, 0xde97, 0xd656, 0x09ef, 0x1210, 0x1210, 0x1210, 0x1230, 0x1230, 0x1210, 0x1230, 0x1210, 0x1210, 0x1210, 0x1210,
    0x1210, 0x1210, 0x1210, 0xef18, 0xf759, 0xff59, 0x00ea, 0x096c, 0x09ae, 0x09ad, 0xf718, 0xf759, 0xff57, 0x1230, 0x1210, 0x1210,
    0x1210, 0x1230, 0x1230, 0x1210, 0x1210, 0x1210, 0x1210, 0x1210, 0x1210, 0x1210, 0x1210, 0x1210, 0x1210, 0x1210, 0x120f, 0xf739,
    0xff79, 0xff79, 0x8cb4, 0x9cf4, 0xa515, 0x224d, 0x2a6e, 0x098b, 0xf75a, 0x01ad, 0x120f, 0x5bb1, 0x9515, 0x120f, 0x120f, 0x94f5,
    0x2a4e, 0x09ad, 0x11ee, 0xb5b7, 0x09ef, 0x11ee, 0x11cd, 0xa555, 0x120f, 0x1a0f, 0x09ac, 0x94f4, 0x11cd, 0x18c3, 0x18c3, 0xad96,
    0x18e3, 0x18e3, 0x18e3, 0xa535, 0x18e3, 0x18e3, 0x6c12, 0x8c94, 0x18e3, 0x2145, 0xef38, 0xff9a, 0xff79, 0xff59, 0xeed7, 0x2126,
    0x2987, 0x21a9, 0x08c5, 0x2965, 0x2965, 0x2965, 0x2945, 0x2145, 0x2144, 0x2945, 0x2945, 0x2965, 0x2965, 0x00e6, 0x19a9, 0x2987,
    0x10c4, 0x6baf, 0xf759, 0xff7a, 0xf779, 0xf718, 0x1926, 0x18e3, 0x18e3, 0x94d4, 0x18c3, 0x18e3, 0x7c33, 0x1904, 0x18c3, 0x18e3,
    0xad96, 0x18e3, 0x18e3, 0x1a2f, 0xa576, 0x09ac, 0x11cc, 0x09ac, 0x94d4, 0x09ee, 0x11ee, 0x09ad, 0xa535, 0x09ee, 0x11ce, 0x328e,
    0xad75, 0x120f, 0x11cd, 0x8473, 0x5350, 0x11cd, 0x098b, 0xf759, 0x094a, 0x4b0f, 0x2a2d, 0x9d14, 0x9cf4, 0xc616, 0xff79, 0xff79,
    0xf758, 0x120f, 0x11f0, 0x1210, 0x1210, 0x1210, 0x1210, 0x1210, 0x1210, 0x1210, 0x1210, 0x1210, 0x1210, 0x1210, 0x1210, 0x1210,
    0x1210, 0x1210, 0x018e, 0xf717, 0xf759, 0xf738, 0x09ac, 0x09ac, 0x098c, 0x220e, 0xf739, 0xf759, 0xad95, 0x11ef, 0x1210, 0x1210,
    0x1210, 0x1210, 0x1230, 0x1230, 0x1230, 0x1210, 0x1210, 0x1210, 0x1210, 0x1210, 0x1210, 0x11ef, 0xd656, 0xde97, 0xde97, 0xde97,
    0xde77, 0xde77, 0xde77, 0xde97, 0xde97, 0xde97, 0xde97, 0xde97, 0xde97, 0xde97, 0xd1e4, 0xd1e4, 0xd204, 0xd204, 0xd204, 0xd205,
    0xd205, 0xd204, 0xd205, 0xd225, 0xd225, 0xd225, 0xde97, 0xde77, 0xde77, 0xde77, 0xde77, 0xde77, 0xde77, 0xde77, 0xde77, 0xde97,
    0xde97, 0xde97, 0xde97, 0xd656, 0x09cf, 0x1210, 0x1210, 0x1210, 0x1210, 0x1210, 0x1230, 0x1210, 0x1210, 0x1210, 0x1210, 0x1210,
    0x1210, 0x1210, 0x1210, 0xe6d8, 0xf75a, 0xff59, 0x01ad, 0x018c, 0x098d, 0x016c, 0xf738, 0xf739, 0xff37, 0x1230, 0x1210, 0x1210,
    0x1210, 0x1230, 0x1230, 0x1210, 0x1210, 0x1210, 0x1210, 0x1210, 0x1210, 0x1210, 0x1210, 0x1210, 0x1210, 0x1210, 0x120f, 0xf739,
    0xff79, 0xff78, 0xbdd6, 0x4b71, 0xad55, 0x09ac, 0x2a6e, 0x016b, 0xf759, 0x63f2, 0x7453, 0x9d15, 0xb5d7, 0x7432, 0x7432, 0xb596,
    0x7c53, 0x6bf1, 0x7432, 0xc5d6, 0x7c94, 0x7c53, 0x7c52, 0xbdf7, 0x7c53, 0x7c53, 0x6bf2, 0xad76, 0x6bd1, 0x6bd1, 0x63d1, 0xad76,
    0x6bd2, 0x63d2, 0x7c53, 0xc5f7, 0x7c73, 0x7c53, 0xa556, 0x9d15, 0x1904, 0x1924, 0xf759, 0xf758, 0xf758, 0xf759, 0xff7a, 0x2167,
    0x18e4, 0x1062, 0x2945, 0x2965, 0x2965, 0x2965, 0x2945, 0x2144, 0x2144, 0x2945, 0x2965, 0x2965, 0x2965, 0x2945, 0x0883, 0x18e4,
    0x1925, 0x7411, 0xff7b, 0xf77a, 0xf758, 0xef18, 0x1904, 0x6c12, 0x7433, 0xbdb6, 0x7432, 0x7c32, 0xa535, 0x94f5, 0x7433, 0x8473,
    0xce38, 0x7c94, 0x7c53, 0x7c32, 0xbdd7, 0x7c52, 0x7412, 0x6bb1, 0xad55, 0x6bf2, 0x7c53, 0x7c53, 0xc5f7, 0x7412, 0x6bf2, 0x7c52,
    0xbdd7, 0x7c73, 0x7433, 0xa514, 0x8cb3, 0x6bf2, 0x6bb1, 0xff58, 0x012a, 0x42ef, 0x09ac, 0x9d14, 0x3acf, 0xd677, 0xff79, 0xff79,
    0xf738, 0x1210, 0x1210, 0x1210, 0x1210, 0x1210, 0x1210, 0x1210, 0x1210, 0x1210, 0x1210, 0x1210, 0x1210, 0x1210, 0x1210, 0x1210,
    0x1210, 0x1210, 0x01ae, 0xeed6, 0xff59, 0xf75a, 0x11ee, 0x098c, 0x09ad, 0x7c73, 0xff59, 0xf73a, 0xb575, 0x11ef, 0x1210, 0x1210,
    0x1210, 0x1210, 0x1210, 0x1210, 0x1210, 0x1210, 0x1210, 0x1210, 0x1210, 0x1210, 0x1210, 0x09ef, 0xd656, 0xde97, 0xde97, 0xde97,
    0xde97, 0xde77, 0xde77, 0xde97, 0xde97, 0xde97, 0xde97, 0xde97, 0xde97, 0xde97, 0xd205, 0xd1e4, 0xd204, 0xd204, 0xd204, 0xd204,
    0xd205, 0xd204, 0xd204, 0xd205, 0xd205, 0xd205, 0xde97, 0xde77, 0xde77, 0xde77, 0xde77, 0xde77, 0xde77, 0xde77, 0xde77, 0xde97,
    0xde97, 0xde97, 0xde97, 0xd656, 0x09ef, 0x120f, 0x1210, 0x1210, 0x1210, 0x1210, 0x1210, 0x1210, 0x1210, 0x1210, 0x1210, 0x1210,
    0x1210, 0x1210, 0x1210, 0x0929, 0x0908, 0xeed7, 0xf738, 0xf739, 0xf718, 0xf717, 0xe696, 0x00c7, 0x00e5, 0x1210, 0x1230, 0x1230,
    0x1210, 0x1210, 0x1210, 0x1210, 0x1210, 0x1210, 0x1210, 0x1210, 0x120f, 0x1210, 0x1210, 0x1210, 0x1210, 0x120f, 0x120f, 0xf739,
    0xff79, 0xff78, 0x6bf1, 0x01ac, 0xad56, 0x09ed, 0x9cf4, 0x9492, 0xf738, 0x2a6e, 0x4310, 0x6bf1, 0x9d14, 0x328e, 0x3aae, 0xa535,
    0x42ef, 0x328d, 0x328d, 0xbdb6, 0x4310, 0x4b30, 0x3acf, 0xb596, 0x4310, 0x42cf, 0x220c, 0xad55, 0x3acf, 0x18e3, 0x18c3, 0xa535,
    0x18e3, 0x18e3, 0x1903, 0xad76, 0x18e3, 0x1903, 0x8cb4, 0x94d4, 0x18e3, 0x2145, 0xf77a, 0xf758, 0xf758, 0xd655, 0x7c0f, 0x2987,
    0x2903, 0x2924, 0x2124, 0x2945, 0x2965, 0x2965, 0x2965, 0x2104, 0x2104, 0x2124, 0x2965, 0x2965, 0x2945, 0x1903, 0x20e4, 0x4184,
    0x1926, 0x18e3, 0x4aaa, 0xf758, 0xf737, 0xeef7, 0x2124, 0x18e3, 0x1903, 0xa555, 0x18e3, 0x1903, 0x8473, 0x7412, 0x18e3, 0x18e3,
    0xbdd7, 0x1904, 0x1903, 0x3a8d, 0x9cf3, 0x430f, 0x42ef, 0x328e, 0xad55, 0x3acf, 0x3acf, 0x42cf, 0xb5b6, 0x32ae, 0x326d, 0x4aee,
    0x9d15, 0x3aef, 0x42cf, 0x8c93, 0x6bd0, 0x3aae, 0x324d, 0xf737, 0x8c72, 0x9cd3, 0x11ad, 0x9cf4, 0x11ce, 0x9514, 0xff79, 0xff79,
    0xf717, 0x1210, 0x1210, 0x1210, 0x1210, 0x1210, 0x1210, 0x1210, 0x1210, 0x1210, 0x1210, 0x1210, 0x1210, 0x1210, 0x1210, 0x1210,
    0x1210, 0x1210, 0x120f, 0x00e7, 0x326c, 0xe6d8, 0xff37, 0xf738, 0xff59, 0xf717, 0xdeb8, 0x0948, 0x118c, 0x120f, 0x120f, 0x1210,
    0x1210, 0x1210, 0x1210, 0x1210, 0x1210, 0x120f, 0x120f, 0x1210, 0x1210, 0x1210, 0x1210, 0x09ce, 0xd656, 0xde97, 0xde97, 0xde97,
    0xde97, 0xde97, 0xde77, 0xde97, 0xde97, 0xde97, 0xde97, 0xde97, 0xde97, 0xdeb8, 0xd1e5, 0xd1e5, 0xd205, 0xd205, 0xd205, 0xd225,
    0xd204, 0xca04, 0xd204, 0xd1e4, 0xd1e4, 0xc9e5, 0xde98, 0xde97, 0xde97, 0xde77, 0xde97, 0xde97, 0xde77, 0xde97, 0xde97, 0xde77,
    0xde97, 0xde77, 0xde77, 0xd656, 0x09cf, 0x120f, 0x120f, 0x1210, 0x1210, 0x1210, 0x120f, 0x1210, 0x120f, 0x120f, 0x1210, 0x120f,
    0x120f, 0x1210, 0x1210, 0x094a, 0x00e7, 0x00e7, 0xf759, 0xf739, 0xf718, 0xeef6, 0x0929, 0x0929, 0x08e6, 0x1230, 0x1210, 0x1210,
    0x1210, 0x1210, 0x1210, 0x1210, 0x1210, 0x1210, 0x1210, 0x11ef, 0x11ef, 0x1210, 0x120f, 0x1210, 0x120f, 0x120f, 0x120f, 0xf759,
    0xff79, 0xff79, 0x63b1, 0x018c, 0xa515, 0xa535, 0x226d, 0x016a, 0xf739, 0x09ce, 0x1a2f, 0x4b30, 0x8c92, 0x11ac, 0x11ab, 0x9cf4,
    0x3aae, 0x11cc, 0x11ab, 0xb575, 0x11cc, 0x1a0d, 0x1a0d, 0xad75, 0x09ac, 0x11ac, 0x098c, 0xa555, 0x120d, 0x10c3, 0x096a, 0x9d14,
    0x18c3, 0x18c3, 0x18e3, 0x9cf4, 0x18c3, 0x18c3, 0x6bf1, 0x8493, 0x18e3, 0x1903, 0x1945, 0x634b, 0x738d, 0x4249, 0x18e3, 0x10e5,
    0xd469, 0xf4e9, 0xf4a8, 0x2124, 0x2124, 0x2965, 0x00a4, 0x21c9, 0x2a09, 0x08e5, 0x2945, 0x2945, 0x18e3, 0xf4a8, 0xf488, 0xf4a9,
    0x10e5, 0x2104, 0x2146, 0x6b4b, 0x73ac, 0x2965, 0x18c3, 0x18e3, 0x18e3, 0x9cf4, 0x118a, 0x18c3, 0x7c32, 0x5b70, 0x18c3, 0x10a2,
    0xb5b7, 0x18e3, 0x18c3, 0x19cb, 0x9cd3, 0x11cc, 0x19ec, 0x11ab, 0xa555, 0x11ed, 0x19ee, 0x11cd, 0xad76, 0x11ed, 0x11ac, 0x326d,
    0x94f4, 0x19ed, 0x19ed, 0x94d3, 0x6390, 0x19cc, 0x118a, 0xf738, 0x096a, 0x5b70, 0x94d4, 0x94b4, 0x11ac, 0x9d13, 0xff79, 0xff78,
    0xf738, 0x1210, 0x1210, 0x1210, 0x1210, 0x1210, 0x1210, 0x1210, 0x1210, 0x1210, 0x1210, 0x1210, 0x1210, 0x1210, 0x1210, 0x1210,
    0x1210, 0x1210, 0x120f, 0x0929, 0x0907, 0x0907, 0xf737, 0xf758, 0xff7a, 0xe6f8, 0x0129, 0x0907, 0x11ad, 0x1210, 0x1210, 0x1210,
    0x1210, 0x120f, 0x1210, 0x1210, 0x1210, 0x1210, 0x1210, 0x1210, 0x120f, 0x1210, 0x120f, 0x09cf, 0xd656, 0xde97, 0xde97, 0xde97,
    0xde97, 0xde97, 0xde97, 0xde97, 0xde97, 0xde97, 0xde97, 0xde97, 0xde98, 0xdeb8, 0xd1e4, 0xd1e4, 0xd205, 0xd205, 0xd205, 0xd205,
    0xd1e5, 0xc9e4, 0xc9e4, 0xc9e4, 0xc9e4, 0xc9e5, 0xde98, 0xde97, 0xde97, 0xde97, 0xde97, 0xde97, 0xde77, 0xde97, 0xde97, 0xde97,
    0xde97, 0xde97, 0xde97, 0xd656, 0x09ef, 0x120f, 0x120f, 0x120f, 0x120f, 0x120f, 0x120f, 0x120f, 0x120f, 0x120f, 0x120f, 0x120f,
    0x120f, 0x120f, 0x120f, 0x120f, 0x0949, 0x0949, 0xef17, 0xeef7, 0xeef7, 0xe6b6, 0x098b, 0x0907, 0x11aa, 0x122f, 0x120f, 0x120f,
    0x120f, 0x120f, 0x120f, 0x120f, 0x120f, 0x120f, 0x120f, 0x120f, 0x120f, 0x120f, 0x120f, 0x120f, 0x120f, 0x120f, 0x120f, 0xf759,
    0xff79, 0xff79, 0x94d3, 0x94b4, 0xa515, 0x1a2b, 0x3acd, 0x4aed, 0xff5a, 0x6bd1, 0x7432, 0x94d4, 0xad34, 0x6370, 0x636f, 0xad54,
    0x8472, 0x7411, 0x73d0, 0xc5b5, 0x63af, 0x6bb0, 0x63b0, 0xb574, 0x5b2e, 0x638f, 0x63d0, 0xce38, 0x73f1, 0x638f, 0x5b6f, 0xad75,
    0x6bd1, 0x73f1, 0x7c53, 0xad74, 0x638f, 0x6b8f, 0x94b2, 0xad55, 0x7412, 0x8cb3, 0x73ee, 0x7bce, 0x7bae, 0x6b8d, 0x10c3, 0xf50a,
    0xfd09, 0xf4ea, 0xf4e9, 0xf4a8, 0xbba8, 0x18e3, 0x5aeb, 0x7bce, 0x840f, 0x4acb, 0x18e3, 0x1903, 0xf4a8, 0xf4a8, 0xeca9, 0xecc9,
    0xf4a8, 0x1924, 0x8c2f, 0x7bce, 0x8c2f, 0x73f0, 0x8493, 0x7c73, 0x7c52, 0xa513, 0x532e, 0x6bb0, 0x9cf4, 0x94b3, 0x73f1, 0x73f0,
    0xc5f6, 0x6bd0, 0x73f1, 0x6baf, 0xb574, 0x636f, 0x634f, 0x6370, 0xbdd7, 0x7412, 0x7412, 0x63b0, 0xb5b6, 0x63b0, 0x6bd1, 0x7c31,
    0xad54, 0x6390, 0x6bd0, 0xbdd6, 0x9cf3, 0x636e, 0x532e, 0xf739, 0x532e, 0x73f1, 0x2a6b, 0x8c93, 0x8c93, 0xc635, 0xff78, 0xff79,
    0xf759, 0x1230, 0x122f, 0x1230, 0x120f, 0x120f, 0x120f, 0x120f, 0x120f, 0x120f, 0x120f, 0x120f, 0x120f, 0x120f, 0x120f, 0x120f,
    0x120f, 0x120f, 0x120f, 0x120f, 0x094a, 0x1149, 0xe717, 0xef38, 0xf738, 0xd6b8, 0x096a, 0x0928, 0x120f, 0x120f, 0x120f, 0x120f,
    0x120f, 0x120f, 0x120f, 0x120f, 0x120f, 0x120f, 0x120f, 0x120f, 0x120f, 0x120f, 0x11ef, 0x09ef, 0xd676, 0xde97, 0xde97, 0xde97,
    0xde97, 0xde97, 0xde77, 0xde97, 0xde97, 0xde97, 0xde97, 0xde98, 0xdeb8, 0xdeb8, 0xd1c4, 0xd1e4, 0xd205, 0xd205, 0xd205, 0xd205,
    0x2c87, 0x2c87, 0x2c87, 0x2c87, 0x2c87, 0x2c87, 0x2c87, 0x2c87, 0x2c87, 0x2c87, 0x2c87, 0x2c87, 0x2c87, 0x2c87, 0x2c87, 0x2c87,
    0x2c87, 0x2c87, 0x2c87, 0x2c87, 0x2c87, 0x2c87, 0x2c87, 0x2c87, 0x2c87, 0x2c87, 0x2c87, 0x2c87, 0x2c87, 0x2c87, 0x2c87, 0x2c87,
    0x2c87, 0x2c87, 0x2c87, 0x2c87, 0x2c87, 0x2c87, 0x2c87, 0x2c87, 0x2c87, 0x2c87, 0x2c87, 0x2c87, 0x2c87, 0x2c87, 0x2c87, 0x2c87,
    0x2c87, 0x2c87, 0x2c87, 0x2c87, 0x2c87, 0x2c87, 0x2c87, 0x2c87, 0x2c87, 0x2c87, 0x2c87, 0x2c87, 0x2c87, 0x2c87, 0x2c87, 0xf759,
    0xff79, 0xff7a, 0xbdf5, 0x2c87, 0x9cf3, 0x1248, 0xa572, 0xa532, 0xd696, 0x7ccf, 0x8d50, 0x8d50, 0x9571, 0x8d30, 0x8d0f, 0x84ef,
    0x9550, 0x9591, 0x9571, 0x8d0f, 0x84ef, 0x8cef, 0x84ae, 0x7c6d, 0x84ce, 0x8d30, 0x8d30, 0x850f, 0x84ce, 0x7cae, 0x7cae, 0x84ef,
    0x84ef, 0x7cef, 0x74ae, 0x746d, 0x746d, 0x7c6d, 0x7cad, 0x7cef, 0x7d0f, 0x8510, 0x7d0e, 0x74cd, 0x2c87, 0x7c4d, 0x08a2, 0xecea,
    0xf4e9, 0xf509, 0xbba7, 0xdc28, 0x7a04, 0x08e2, 0x7c4d, 0x7cae, 0x7cae, 0x746d, 0x08a2, 0x08c2, 0xb387, 0xd408, 0xf4ea, 0xf50a,
    0xfd2a, 0x0882, 0x846d, 0x748d, 0x7cee, 0x8d4f, 0x8d30, 0x8510, 0x84cf, 0x748d, 0x7cad, 0x8d0f, 0x850f, 0x8d50, 0x8d50, 0x9550,
    0x9550, 0x8cef, 0x9530, 0x8cef, 0x8cef, 0x8cef, 0x84ce, 0x8d0f, 0x9591, 0x9592, 0x8d30, 0x7c8e, 0x742c, 0x7c8e, 0x8d30, 0x8cef,
    0x746d, 0x746d, 0x8d0f, 0x8d50, 0x8d10, 0x74ae, 0x748e, 0xd656, 0x742f, 0x7c70, 0x2c87, 0x8cb1, 0x2c87, 0xbe13, 0xff78, 0xff99,
    0xff9b, 0x2c87, 0x2c87, 0x2c87, 0x2c87, 0x2c87, 0x2c87, 0x2c87, 0x2c87, 0x2c87, 0x2c87, 0x2c87, 0x2c87, 0x2c87, 0x2c87, 0x2c87,
    0x2c87, 0x2c87, 0x2c87, 0x2c87, 0x2c87, 0x2c87, 0x2c87, 0x2c87, 0x2c87, 0x2c87, 0x2c87, 0x2c87, 0x2c87, 0x2c87, 0x2c87, 0x2c87,
    0x2c87, 0x2c87, 0x2c87, 0x2c87, 0x2c87, 0x2c87, 0x2c87, 0x2c87, 0x2c87, 0x2c87, 0x2c87, 0x2c87, 0x2c87, 0x2c87, 0x2c87, 0x2c87,
    0x2c87, 0x2c87, 0x2c87, 0x2c87, 0x2c87, 0x2c87, 0x2c87, 0x2c87, 0x2c87, 0x2c87, 0x2c87, 0x2c87, 0x2c87, 0x2c87, 0x2c87, 0x2c87,
    0x2c87, 0x2c87, 0x2c87, 0x2c87, 0x2c87, 0x2c87, 0x2c87, 0x2c87, 0x2c87, 0x2c87, 0x2c87, 0x2c87, 0x2c87, 0x2c87, 0x2c87, 0x2c87,
    0x2c87, 0x2c87, 0x2c87, 0x2c87, 0x2c87, 0x2c87, 0x2c87, 0x2c87, 0x2c87, 0x2c87, 0x2c87, 0x2c87, 0x2c87, 0x2c87, 0x2c87, 0x2c87,
    0x2c87, 0x2c87, 0x2c87, 0x2c87, 0x2c87, 0x2c87, 0x2c87, 0x2c87, 0x2c87, 0x2c87, 0x2c87, 0x2c87, 0x2c87, 0x2c87, 0x2c87, 0x2c87,
    0x2c87, 0x2c87, 0x2c87, 0x2c87, 0x2c87, 0x2c87, 0x2c87, 0x2c87, 0x2c87, 0x2c87, 0x2c87, 0x2c87, 0x2c87, 0x2c87, 0x2c87, 0xf759,
    0xff79, 0xff9a, 0x2c87, 0x2c87, 0x9d11, 0x2c87, 0xef39, 0xf739, 0x2c87, 0x2c87, 0x2c87, 0x2c87, 0x2c87, 0x2c87, 0x2c87, 0x2c87,
    0x2c87, 0x2c87, 0x2c87, 0x2c87, 0x2c87, 0x2c87, 0x2c87, 0x2c87, 0x2c87, 0x2c87, 0x2c87, 0x2c87, 0x2c87, 0x2c87, 0x2c87, 0x2c87,
    0x2c87, 0x2c87, 0x2c87, 0x2c87, 0x2c87, 0x2c87, 0x2c87, 0x2c87, 0x2c87, 0x2c87, 0x2c87, 0x2c87, 0x2c87, 0x2c87, 0x08c3, 0xecc9,
    0xeca8, 0xeca9, 0xbb06, 0xa264, 0x1102, 0x2c87, 0x2c87, 0x2c87, 0x2c87, 0x2c87, 0x2c87, 0x2c87, 0x10e3, 0x92c7, 0xf4ca, 0xf4ea,
    0xfd09, 0x0881, 0x2c87, 0x2c87, 0x2c87, 0x2c87, 0x2c87, 0x2c87, 0x2c87, 0x2c87, 0x2c87, 0x2c87, 0x2c87, 0x2c87, 0x2c87, 0x2c87,
    0x2c87, 0x2c87, 0x2c87, 0x2c87, 0x2c87, 0x2c87, 0x2c87, 0x2c87, 0x2c87, 0x2c87, 0x2c87, 0x2c87, 0x2c87, 0x2c87, 0x2c87, 0x2c87,
    0x2c87, 0x2c87, 0x2c87, 0x2c87, 0x2c87, 0x2c87, 0x2c87, 0x84cc, 0xeeb6, 0xd675, 0x2c87, 0x74ad, 0x2c87, 0x9d90, 0xff78, 0xff9a,
    0xff9b, 0x2c87, 0x2c87, 0x2c87, 0x2c87, 0x2c87, 0x2c87, 0x2c87, 0x2c87, 0x2c87, 0x2c87, 0x2c87, 0x2c87, 0x2c87, 0x2c87, 0x2c87,
    0x2c87, 0x2c87, 0x2c87, 0x2c87, 0x2c87, 0x2c87, 0x2c87, 0x2c87, 0x2c87, 0x2c87, 0x2c87, 0x2c87, 0x2c87, 0x2c87, 0x2c87, 0x2c87,
    0x2c87, 0x2c87, 0x2c87, 0x2c87, 0x2c87, 0x2c87, 0x2c87, 0x2c87, 0x2c87, 0x2c87, 0x2c87, 0x2c87, 0x2c87, 0x2c87, 0x2c87, 0x2c87,
    0x2c87, 0x2c87, 0x2c87, 0x2c87, 0x2c87, 0x2c87, 0x2c87, 0x2c87, 0x2c87, 0x2c87, 0x2c87, 0x2c87, 0x2c87, 0x2c87, 0x2c87, 0x2c87,
    0x2c87, 0x2c87, 0x2c87, 0x2c87, 0x2c87, 0x2c87, 0x2c87, 0x2c87, 0x2c87, 0x2c87, 0x2c87, 0x2c87, 0x2c87, 0x2c87, 0x2c87, 0x2c87,
    0x2c87, 0x2c87, 0x2c87, 0x2c87, 0x2c87, 0x2c87, 0x2c87, 0x2c87, 0x2c87, 0x2c87, 0x2c87, 0x2c87, 0x2c87, 0x2c87, 0x2c87, 0x2c87,
    0x2c87, 0x2c87, 0x2c87, 0x2c87, 0x2c87, 0x2c87, 0x2c87, 0x2c87, 0x2c87, 0x2c87, 0x2c87, 0x2c87, 0x2c87, 0x2c87, 0x2c87, 0x2c87,
    0x2c87, 0x2c87, 0x2c87, 0x2c87, 0x2c87, 0x2c87, 0x2c87, 0x2c87, 0x2c87, 0x2c87, 0x2c87, 0x2c87, 0x2c87, 0x2c87, 0x2c87, 0xf75a,
    0xff79, 0xff79, 0x6ccd, 0xbe75, 0xf75a, 0xf738, 0x2c87, 0x2c87, 0x2c87, 0x2c87, 0x2c87, 0x2c87, 0x2c87, 0x2c87, 0x2c87, 0x2c87,
    0x2c87, 0x2c87, 0x2c87, 0x2c87, 0x2c87, 0x2c87, 0x2c87, 0x2c87, 0x2c87, 0x2c87, 0x2c87, 0x2c87, 0x2c87, 0x2c87, 0x2c87, 0x2c87,
    0x2c87, 0x2c87, 0x2c87, 0x2c87, 0x2c87, 0x2c87, 0x2c87, 0x2c87, 0x2c87, 0x2c87, 0x2c87, 0x2c87, 0x2c87, 0x2c87, 0x0966, 0x2945,
    0x2945, 0x2945, 0x10c3, 0x1124, 0x2c87, 0x2c87, 0x2c87, 0x2c87, 0x2c87, 0x2c87, 0x2c87, 0x2c87, 0x0903, 0x18c3, 0x2965, 0x2945,
    0x2145, 0x0189, 0x2c87, 0x2c87, 0x2c87, 0x2c87, 0x2c87, 0x2c87, 0x2c87, 0x2c87, 0x2c87, 0x2c87, 0x2c87, 0x2c87, 0x2c87, 0x2c87,
    0x2c87, 0x2c87, 0x2c87, 0x2c87, 0x2c87, 0x2c87, 0x2c87, 0x2c87, 0x2c87, 0x2c87, 0x2c87, 0x2c87, 0x2c87, 0x2c87, 0x2c87, 0x2c87,
    0x2c87, 0x2c87, 0x2c87, 0x2c87, 0x2c87, 0x2c87, 0x2c87, 0x2c87, 0x2c87, 0x2c87, 0xeef8, 0xbe14, 0x2c87, 0xb612, 0xff99, 0xffba,
    0xff9a, 0x2c87, 0x2c87, 0x2c87, 0x2c87, 0x2c87, 0x2c87, 0x2c87, 0x2c87, 0x2c87, 0x2c87, 0x2c87, 0x2c87, 0x2c87, 0x2c87, 0x2c87,
    0x2c87, 0x2c87, 0x2c87, 0x2c87, 0x2c87, 0x2c87, 0x2c87, 0x2c87, 0x2c87, 0x2c87, 0x2c87, 0x2c87, 0x2c87, 0x2c87, 0x2c87, 0x2c87,
    0x2c87, 0x2c87, 0x2c87, 0x2c87, 0x2c87, 0x2c87, 0x2c87, 0x2c87, 0x2c87, 0x2c87, 0x2c87, 0x2c87, 0x2c87, 0x2c87, 0x2c87, 0x2c87,
    0x2c87, 0x2c87, 0x2c87, 0x2c87, 0x2c87, 0x2c87, 0x2c87, 0x2c87, 0x2c87, 0x2c87, 0x2c87, 0x2c87, 0x2c87, 0x2c87, 0x2c87, 0x2c87,
    0x2c87, 0x2c87, 0x2c87, 0x2c87, 0x2c87, 0x2c87, 0x2c87, 0x2c87, 0x2c87, 0x2c87, 0x2c87, 0x2c87, 0x2c87, 0x2c87, 0x2c87, 0x2c87,
    0x2c87, 0x2c87, 0x2c87, 0x2c87, 0x2c87, 0x2c87, 0x2c87, 0x2c87, 0x2c87, 0x2c87, 0x2c87, 0x2c87, 0x2c87, 0x2c87, 0x2c87, 0x2c87,
    0x2c87, 0x2c87, 0x2c87, 0x2c87, 0x2c87, 0x2c87, 0x2c87, 0x2c87, 0x2c87, 0x2c87, 0x2c87, 0x2c87, 0x2c87, 0x2c87, 0x2c87, 0x2c87,
    0x2c87, 0x2c87, 0x2c87, 0x2c87, 0x2c87, 0x2c87, 0x2c87, 0x2c87, 0x2c87, 0x2c87, 0x2c87, 0x2c87, 0x2c87, 0x2c87, 0x2c87, 0xf77b,
    0xff99, 0xff79, 0xb5f3, 0xce56, 0xef19, 0x2c87, 0x2c87, 0x2c87, 0x2c87, 0x2c87, 0x2c87, 0x2c87, 0x2c87, 0x2c87, 0x2c87, 0x2c87,
    0x2c87, 0x2c87, 0x2c87, 0x2c87, 0x2c87, 0x2c87, 0x2c87, 0x2c87, 0x2c87, 0x2c87, 0x2c87, 0x2c87, 0x2c87, 0x2c87, 0x2c87, 0x2c87,
    0x2c87, 0x2c87, 0x2c87, 0x2c87, 0x2c87, 0x2c87, 0x2c87, 0x2c87, 0x2c87, 0x2c87, 0x2c87, 0x2c87, 0x2c87, 0x2c87, 0x0925, 0x2144,
    0x2965, 0x2965, 0x0949, 0x1103, 0x2c87, 0x2c87, 0x2c87, 0x2c87, 0x2c87, 0x2c87, 0x2c87, 0x2c87, 0x08e2, 0x11aa, 0x2965, 0x2945,
    0x2945, 0x0189, 0x2c87, 0x2c87, 0x2c87, 0x2c87, 0x2c87, 0x2c87, 0x2c87, 0x2c87, 0x2c87, 0x2c87, 0x2c87, 0x2c87, 0x2c87, 0x2c87,
    0x2c87, 0x2c87, 0x2c87, 0x2c87, 0x2c87, 0x2c87, 0x2c87, 0x2c87, 0x2c87, 0x2c87, 0x2c87, 0x2c87, 0x2c87, 0x2c87, 0x2c87, 0x2c87,
    0x2c87, 0x2c87, 0x2c87, 0x2c87, 0x2c87, 0x2c87, 0x2c87, 0x2c87, 0x2c87, 0x2c87, 0x2c87, 0xeef9, 0xbe14, 0xef38, 0xff9a, 0xff9a,
    0xf779, 0x2c87, 0x2c87, 0x2c87, 0x2c87, 0x2c87, 0x2c87, 0x2c87, 0x2c87, 0x2c87, 0x2c87, 0x2c87, 0x2c87, 0x2c87, 0x2c87, 0x2c87,
    0x2c87, 0x2c87, 0x2c87, 0x2c87, 0x2c87, 0x2c87, 0x2c87, 0x2c87, 0x2c87, 0x2c87, 0x2c87, 0x2c87, 0x2c87, 0x2c87, 0x2c87, 0x2c87,
    0x2c87, 0x2c87, 0x2c87, 0x2c87, 0x2c87, 0x2c87, 0x2c87, 0x2c87, 0x2c87, 0x2c87, 0x2c87, 0x2c87, 0x2c87, 0x2c87, 0x2c87, 0x2c87,
    0x2c87, 0x2c87, 0x2c87, 0x2c87, 0x2c87, 0x2c87, 0x2c87, 0x2c87, 0x2c87, 0x2c87, 0x2c87, 0x2c87, 0x2c87, 0x2c87, 0x2c87, 0x2c87,
    0x2c87, 0x2c87, 0x2c87, 0x2c87, 0x2c87, 0x2c87, 0x2c87, 0x2c87, 0x2c87, 0x2c87, 0x2c87, 0x2c87, 0x2c87, 0x2c87, 0x2c87, 0x2c87,
    0x2c87, 0x2c87, 0x2c87, 0x2c87, 0x2c87, 0x2c87, 0x2c87, 0x2c87, 0x2c87, 0x2c87, 0x2c87, 0x2c87, 0x2c87, 0x2c87, 0x2c87, 0x2c87,
    0x2c87, 0x2c87, 0x2c87, 0x2c87, 0x2c87, 0x2c87, 0x2c87, 0x2c87, 0x2c87, 0x2c87, 0x2c87, 0x2c87, 0x2c87, 0x2c87, 0x2c87, 0x2c87,
    0x2c87, 0x2c87, 0x2c87, 0x2c87, 0x2c87, 0x2c87, 0x2c87, 0x2c87, 0x2c87, 0x2c87, 0x2c87, 0x2c87, 0x2c87, 0x2c87, 0x2c87, 0xf77a,
    0xff79, 0xff78, 0xd675, 0x950f, 0x2c87, 0x2c87, 0x2c87, 0x2c87, 0x2c87, 0x2c87, 0x2c87, 0x2c87, 0x2c87, 0x2c87, 0x2c87, 0x2c87,
    0x2c87, 0x2c87, 0x2c87, 0x2c87, 0x2c87, 0x2c87, 0x2c87, 0x2c87, 0x2c87, 0x2c87, 0x2c87, 0x2c87, 0x2c87, 0x2c87, 0x2c87, 0x2c87,
    0x2c87, 0x2c87, 0x2c87, 0x2c87, 0x2c87, 0x2c87, 0x2c87, 0x2c87, 0x2c87, 0x2c87, 0x2c87, 0x2c87, 0x2c87, 0x2c87, 0x0967, 0x2124,
    0x2965, 0x10c2, 0x2c87, 0x2c87, 0x2c87, 0x2c87, 0x2c87, 0x2c87, 0x2c87, 0x2c87, 0x2c87, 0x2c87, 0x2c87, 0x2c87, 0x11ca, 0x2965,
    0x2945, 0x0989, 0x2c87, 0x2c87, 0x2c87, 0x2c87, 0x2c87, 0x2c87, 0x2c87, 0x2c87, 0x2c87, 0x2c87, 0x2c87, 0x2c87, 0x2c87, 0x2c87,
    0x2c87, 0x2c87, 0x2c87, 0x2c87, 0x2c87, 0x2c87, 0x2c87, 0x2c87, 0x2c87, 0x2c87, 0x2c87, 0x2c87, 0x2c87, 0x2c87, 0x2c87, 0x2c87,
    0x2c87, 0x2c87, 0x2c87, 0x2c87, 0x2c87, 0x2c87, 0x2c87, 0x2c87, 0x2c87, 0x2c87, 0x2c87, 0x2c87, 0x84ee, 0xf77a, 0xff9a, 0xff99,
    0xf758, 0x2c87, 0x2c87, 0x2c87, 0x2c87, 0x2c87, 0x2c87, 0x2c87, 0x2c87, 0x2c87, 0x2c87, 0x2c87, 0x2c87, 0x2c87, 0x2c87, 0x2c87,
    0x2c87, 0x2c87, 0x2c87, 0x2c87, 0x2c87, 0x2c87, 0x2c87, 0x2c87, 0x2c87, 0x2c87, 0x2c87, 0x2c87, 0x2c87, 0x2c87, 0x2c87, 0x2c87,
    0x2c87, 0x2c87, 0x2c87, 0x2c87, 0x2c87, 0x2c87, 0x2c87, 0x2c87, 0x2c87, 0x2c87, 0x2c87, 0x2c87, 0x2c87, 0x2c87, 0x2c87, 0x2c87,
    0x2c87, 0x2c87, 0x2c87, 0x2c87, 0x2c87, 0x2c87, 0x2c87, 0x2c87, 0x2c87, 0x2c87, 0x2c87, 0x2c87, 0x2c87, 0x2c87, 0x2c87, 0x2c87,
    0x2c87, 0x2c87, 0x2c87, 0x2c87, 0x2c87, 0x2c87, 0x2c87, 0x2c87, 0x2c87, 0x2c87, 0x2c87, 0x2c87, 0x2c87, 0x2c87, 0x2c87, 0x2c87,
    0x2c87, 0x2c87, 0x2c87, 0x2c87, 0x2c87, 0x2c87, 0x2c87, 0x2c87, 0x2c87, 0x2c87, 0x2c87, 0x2c87, 0x2c87, 0x2c87, 0x2c87, 0x2c87,
    0x2c87, 0x2c87, 0x2c87, 0x2c87, 0x2c87, 0x2c87, 0x2c87, 0x2c87, 0x2c87, 0x2c87, 0x2c87, 0x2c87, 0x2c87, 0x2c87, 0x2c87, 0x2c87,
    0x2c87, 0x2c87, 0x2c87, 0x2c87, 0x2c87, 0x2c87, 0x2c87, 0x2c87, 0x2c87, 0x2c87, 0x2c87, 0x2c87, 0x2c87, 0x2c87, 0x2c87, 0xf759,
    0xff79, 0xff58, 0x740a, 0x2c87, 0x2c87, 0x2c87, 0x2c87, 0x2c87, 0x2c87, 0x2c87, 0x2c87, 0x2c87, 0x2c87, 0x2c87, 0x2c87, 0x2c87,
    0x2c87, 0x2c87, 0x2c87, 0x2c87, 0x2c87, 0x2c87, 0x2c87, 0x2c87, 0x2c87, 0x2c87, 0x2c87, 0x2c87, 0x2c87, 0x2c87, 0x2c87, 0x2c87,
    0x2c87, 0x2c87, 0x2c87, 0x2c87, 0x2c87, 0x2c87, 0x2c87, 0x2c87, 0x2c87, 0x2c87, 0x2c87, 0x2c87, 0x2c87, 0x08a1, 0x0862, 0x0841,
    0x0861, 0x10c3, 0x2c87, 0x2c87, 0x2c87, 0x2c87, 0x2c87, 0x2c87, 0x2c87, 0x2c87, 0x2c87, 0x2c87, 0x2c87, 0x2c87, 0x10c3, 0x0882,
    0x0861, 0x0021, 0x1082, 0x2c87, 0x2c87, 0x2c87, 0x2c87, 0x2c87, 0x2c87, 0x2c87, 0x2c87, 0x2c87, 0x2c87, 0x2c87, 0x2c87, 0x2c87,
    0x2c87, 0x2c87, 0x2c87, 0x2c87, 0x2c87, 0x2c87, 0x2c87, 0x2c87, 0x2c87, 0x2c87, 0x2c87, 0x2c87, 0x2c87, 0x2c87, 0x2c87, 0x2c87,
    0x2c87, 0x2c87, 0x2c87, 0x2c87, 0x2c87, 0x2c87, 0x2c87, 0x2c87, 0x2c87, 0x2c87, 0x2c87, 0x2c87, 0x2c87, 0xad91, 0xff9a, 0xff99,
    0xf758, 0x2c87, 0x2c87, 0x2c87, 0x2c87, 0x2c87, 0x2c87, 0x2c87, 0x2c87, 0x2c87, 0x2c87, 0x2c87, 0x2c87, 0x2c87, 0x2c87, 0x2c87,
    0x2c87, 0x2c87, 0x2c87, 0x2c87, 0x2c87, 0x2c87, 0x2c87, 0x2c87, 0x2c87, 0x2c87, 0x2c87, 0x2c87, 0x2c87, 0x2c87, 0x2c87, 0x2c87,
    0x2c87, 0x2c87, 0x2c87, 0x2c87, 0x2c87, 0x2c87, 0x2c87, 0x2c87, 0x2c87, 0x2c87, 0x2c87, 0x2c87, 0x2c87, 0x2c87, 0x2c87, 0x2c87,
    0x2c87, 0x2c87, 0x2c87, 0x2c87, 0x2c87, 0x2c87, 0x2c87, 0x2c87, 0x2c87, 0x2c87, 0x2c87, 0x2c87, 0x2c87, 0x2c87, 0x2c87, 0x2c87,
    0xef38, 0xef37, 0xef37, 0xef37, 0xef37, 0xef37, 0xe716, 0xe717, 0xe717, 0xef37, 0xef37, 0xef37, 0xef37, 0xef37, 0xef37, 0xef37,
    0xef37, 0xef37, 0xe737, 0xe716, 0xe716, 0xe716, 0xe716, 0xe716, 0xe716, 0xe716, 0xe716, 0xe716, 0xe716, 0xe6f6, 0xe6f6, 0xe6f7,
    0xe716, 0xe737, 0xef37, 0xef37, 0xef38, 0xef37, 0xef37, 0xef37, 0xef37, 0xef37, 0xe716, 0xe716, 0xe716, 0xe716, 0xef37, 0xef37,
    0xef37, 0xef37, 0xef37, 0xef57, 0xef57, 0xef57, 0xef37, 0xef37, 0xef37, 0xe716, 0xe6f6, 0xef37, 0xef58, 0xf758, 0xe6f6, 0xde94,
    0xe6d5, 0xe6f6, 0xef17, 0xef37, 0xef37, 0xe717, 0xe717, 0xe737, 0xef37, 0xef37, 0xef38, 0xef38, 0xe717, 0xe716, 0xef37, 0xef58,
    0xef58, 0xef58, 0xef37, 0xef57, 0xef57, 0xef37, 0xef37, 0xef57, 0xef58, 0xef57, 0xef37, 0xef57, 0xef57, 0xef57, 0xef57, 0xef57,
    0xef37, 0xef37, 0xf758, 0xef57, 0xef57, 0xef37, 0xef37, 0xef37, 0xef17, 0xef37, 0xef37, 0xe6f6, 0x0061, 0x18a3, 0x18e3, 0x18e4,
    0x18c3, 0x1082, 0xf7b9, 0xe717, 0xe717, 0xef17, 0xef37, 0xef37, 0xef17, 0xe6f6, 0xe6f6, 0xef18, 0xef38, 0xef98, 0x10a2, 0x18e3,
    0x10c3, 0x10a2, 0x1082, 0x0000, 0xe6d6, 0xef38, 0xef58, 0xef58, 0xe737, 0xef37, 0xef37, 0xef37, 0xef37, 0xef57, 0xef57, 0xef57,
    0xef57, 0xef57, 0xef57, 0xef57, 0xef37, 0xef37, 0xef37, 0xef38, 0xef57, 0xef37, 0xef37, 0xef17, 0xef37, 0xe737, 0xe717, 0xe737,
    0xe717, 0xe716, 0xe737, 0xe737, 0xef37, 0xef37, 0xef37, 0xef37, 0xe717, 0xe6f6, 0xdef6, 0xdf16, 0xe6f7, 0xe717, 0xe717, 0xe6f7,
    0xe6f6, 0xded6, 0xded6, 0xe717, 0xef37, 0xe737, 0xef37, 0xef37, 0xef37, 0xef37, 0xef37, 0xe736, 0xef36, 0xef37, 0xef37, 0xef57,
    0xef37, 0xef37, 0xef37, 0xef37, 0xef37, 0xef37, 0xef37, 0xef37, 0xef37, 0xef37, 0xef37, 0xef37, 0xef17, 0xe717, 0xe717, 0xe716,
    0xe6f6, 0xded5, 0xe6f5, 0xef17, 0xef17, 0xe716, 0xe716, 0xef37, 0xef37, 0xef37, 0xe717, 0xe717, 0xe717, 0xef17, 0xe717, 0xe716,
    0xe717, 0xef37, 0xef37, 0xef37, 0xef37, 0xe717, 0xe717, 0xe736, 0xef37, 0xef37, 0xef37, 0xef37, 0xef37, 0xe717, 0xe716, 0xef17,
    0x2c87, 0x2c87, 0x2c87, 0x2c87, 0x2c87, 0x2c87, 0x2c87, 0x2c87, 0x2c87, 0x2c87, 0x2c87, 0x2c87, 0x2c87, 0x2c87, 0x2c87, 0x2c87,
    0x2c87, 0x2c87, 0x2c87, 0x2c87, 0x2c87, 0x2c87, 0x2c87, 0x2c87, 0x2c87, 0x2c87, 0x2c87, 0x2c87, 0x2c87, 0xe6f6, 0x2c87, 0x2c87,
    0x2c87, 0x2c87, 0x2c87, 0x2c87, 0x2c87, 0x2c87, 0x2c87, 0x2c87, 0x2c87, 0x2c87, 0x2c87, 0x2c87, 0x2c87, 0x2c87, 0x2c87, 0x2c87,
    0x2c87, 0x2c87, 0x2c87, 0x2c87, 0x2c87, 0x2c87, 0x2c87, 0x2c87, 0x2c87, 0x2c87, 0x2c87, 0x2c87, 0x2c87, 0x2c87, 0x2c87, 0x2c87,
    0x2c87, 0x2c87, 0x2c87, 0x2c87, 0x2c87, 0x2c87, 0x2c87, 0x2c87, 0x2c87, 0x2c87, 0x2c87, 0x2c87, 0x2c87, 0x2c87, 0x2c87, 0x2c87,
    0x2c87, 0x2c87, 0x2c87, 0x2c87, 0x2c87, 0x2c87, 0x2c87, 0x2c87, 0x2c87, 0x2c87, 0x2c87, 0x2c87, 0x2c87, 0x2c87, 0x2c87, 0x2c87,
    0x2c87, 0x2c87, 0x2c87, 0x2c87, 0x2c87, 0x2c87, 0x2c87, 0x2c87, 0x2c87, 0x2c87, 0x2c87, 0x2c87, 0x0881, 0x0861, 0x0861, 0x0861,
    0x0861, 0x10a2, 0x2c87, 0x2c87, 0x2c87, 0x2c87, 0x2c87, 0x2c87, 0x2c87, 0x2c87, 0x2c87, 0x2c87, 0x2c87, 0x2c87, 0x10a2, 0x0841,
    0x0861, 0x0861, 0x1082, 0x0841, 0x2c87, 0x2c87, 0x2c87, 0x2c87, 0x2c87, 0x2c87, 0x2c87, 0x2c87, 0x2c87, 0x2c87, 0x2c87, 0x2c87,
    0x2c87, 0x2c87, 0x2c87, 0x2c87, 0x2c87, 0x2c87, 0x2c87, 0x2c87, 0x2c87, 0x2c87, 0x2c87, 0x2c87, 0x2c87, 0x2c87, 0x2c87, 0x2c87,
    0x2c87, 0x2c87, 0x2c87, 0x2c87, 0x2c87, 0x2c87, 0x2c87, 0x2c87, 0x2c87, 0x2c87, 0x2c87, 0x2c87, 0x2c87, 0x2c87, 0x2c87, 0x2c87,
    0x2c87, 0x2c87, 0x2c87, 0x2c87, 0x2c87, 0x2c87, 0x2c87, 0x2c87, 0x2c87, 0x2c87, 0x2c87, 0x2c87, 0x2c87, 0x2c87, 0x2c87, 0x2c87,
    0x2c87, 0x2c87, 0x2c87, 0x2c87, 0x2c87, 0x2c87, 0x2c87, 0x2c87, 0x2c87, 0x2c87, 0x2c87, 0x2c87, 0x2c87, 0x2c87, 0x2c87, 0x2c87,
    0x2c87, 0x850c, 0xe717, 0x7ced, 0x2c87, 0x2c87, 0x2c87, 0x2c87, 0x2c87, 0x2c87, 0x2c87, 0x2c87, 0x2c87, 0x2c87, 0x2c87, 0x2c87,
    0x2c87, 0x2c87, 0x2c87, 0x2c87, 0x2c87, 0x2c87, 0x2c87, 0x2c87, 0x2c87, 0x2c87, 0x2c87, 0x2c87, 0x2c87, 0x2c87, 0x2c87, 0x2c87,
    0x2c87, 0x2c87, 0x2c87, 0x2c87, 0x2c87, 0x2c87, 0x2c87, 0x2c87, 0x2c87, 0x2c87, 0x2c87, 0x2c87, 0x2c87, 0x2c87, 0x2c87, 0x2c87,
    0x2c87, 0x2c87, 0x2c87, 0x2c87, 0x2c87, 0x2c87, 0x2c87, 0x2c87, 0x2c87, 0x2c87, 0x2c87, 0xa5f0, 0xb631, 0x850d, 0x2c87, 0x2c87,
    0x2c87, 0x2c87, 0x2c87, 0x2c87, 0x2c87, 0x2c87, 0x2c87, 0x2c87, 0x2c87, 0x2c87, 0x2c87, 0x2c87, 0x2c87, 0x2c87, 0x2c87, 0x2c87,
    0x2c87, 0x2c87, 0x2c87, 0x2c87, 0x2c87, 0x2c87, 0x2c87, 0x2c87, 0x2c87, 0x2c87, 0x2c87, 0x2c87, 0x2c87, 0x2c87, 0x2c87, 0x2c87,
    0x2c87, 0x2c87, 0x2c87, 0x2c87, 0x2c87, 0x2c87, 0x2c87, 0x2c87, 0x2c87, 0x2c87, 0x2c87, 0x2c87, 0x2c87, 0x2c87, 0x2c87, 0x2c87,
    0x2c87, 0x2c87, 0x2c87, 0x2c87, 0x2c87, 0x2c87, 0x2c87, 0x2c87, 0x2c87, 0x2c87, 0x2c87, 0x2c87, 0x2c87, 0x2c87, 0x2c87, 0x2c87,
    0x2c87, 0x2c87, 0x2c87, 0x2c87, 0x2c87, 0x2c87, 0x2c87, 0x2c87, 0x2c87, 0x2c87, 0x2c87, 0x2c87, 0x2c87, 0x2c87, 0x2c87, 0x2c87,
    0x2c87, 0x2c87, 0x2c87, 0x2c87, 0x2c87, 0x2c87, 0x2c87, 0x2c87, 0x2c87, 0x2c87, 0x2c87, 0x2c87, 0x2c87, 0x2c87, 0x2c87, 0x2c87,
    0x2c87, 0x2c87, 0x2c87, 0x2c87, 0x2c87, 0x2c87, 0x2c87, 0x2c87, 0x2c87, 0x2c87, 0x2c87, 0x2c87, 0x2c87, 0x2c87, 0x2c87, 0x2c87,
    0x2c87, 0x2c87, 0x2c87, 0x2c87, 0x2c87, 0x2c87, 0x2c87, 0x2c87, 0x2c87, 0x2c87, 0x2c87, 0x2c87, 0x2c87, 0x2c87, 0x2c87, 0x2c87,
    0x2c87, 0x2c87, 0x2c87, 0x2c87, 0x2c87, 0x2c87, 0x2c87, 0x2c87, 0x2c87, 0x2c87, 0x2c87, 0x2c87, 0x2c87, 0x2c87, 0x2c87, 0x2c87,
    0x2c87, 0x2c87, 0x2c87, 0x2c87, 0x2c87, 0x2c87, 0x2c87, 0x2c87, 0x2c87, 0x2c87, 0x2c87, 0x2c87, 0x2c87, 0x2c87, 0x2c87, 0x2c87,
    0x2c87, 0x2c87, 0x2c87, 0x2c87, 0x2c87, 0x2c87, 0x2c87, 0x2c87, 0x2c87, 0x2c87, 0x2c87, 0x2c87, 0x2c87, 0x2c87, 0x2c87, 0x2c87,
    0x2c87, 0x2c87, 0x8d0d, 0xceb4, 0xb5f1, 0x2c87, 0x2c87, 0x2c87, 0x2c87, 0x2c87, 0x2c87, 0x2c87, 0x2c87, 0x2c87, 0x2c87, 0x2c87,
    0x2c87, 0x2c87, 0x2c87, 0x2c87, 0x2c87, 0x2c87, 0x2c87, 0x2c87, 0x2c87, 0x2c87, 0x2c87, 0x2c87, 0x2c87, 0x2c87, 0x2c87, 0x2c87,
    0x2c87, 0x2c87, 0x2c87, 0x2c87, 0x2c87, 0x2c87, 0x2c87, 0x2c87, 0x2c87, 0x2c87, 0x2c87, 0x2c87, 0x2c87, 0x2c87, 0x2c87, 0x2c87,
    0x2c87, 0x2c87, 0x2c87, 0x2c87, 0x2c87, 0x2c87, 0x2c87, 0x2c87, 0x2c87, 0x2c87, 0x2c87, 0xdef5, 0xf737, 0x2c87, 0x2c87, 0x2c87,
    0x2c87, 0x2c87, 0x2c87, 0x2c87, 0x2c87, 0x2c87, 0x2c87, 0x2c87, 0x2c87, 0x2c87, 0x2c87, 0x2c87, 0x2c87, 0x2c87, 0x2c87, 0x2c87,
    0x2c87, 0x2c87, 0x2c87, 0x2c87, 0x2c87, 0x2c87, 0x2c87, 0x2c87, 0x2c87, 0x2c87, 0x2c87, 0x2c87, 0x2c87, 0x2c87, 0x2c87, 0x2c87,
    0x2c87, 0x2c87, 0x2c87, 0x2c87, 0x2c87, 0x2c87, 0x2c87, 0x2c87, 0x2c87, 0x2c87, 0x2c87, 0x2c87, 0x2c87, 0x2c87, 0x2c87, 0x2c87,
    0x2c87, 0x2c87, 0x2c87, 0x2c87, 0x2c87, 0x2c87, 0x2c87, 0x2c87, 0x2c87, 0x2c87, 0x2c87, 0x2c87, 0x2c87, 0x2c87, 0x2c87, 0x2c87,
    0x2c87, 0x2c87, 0x2c87, 0x2c87, 0x2c87, 0x2c87, 0x2c87, 0x2c87, 0x2c87, 0x2c87, 0x2c87, 0x2c87, 0x2c87, 0x2c87, 0x2c87, 0x2c87,
    0x2c87, 0x2c87, 0x2c87, 0x2c87, 0x2c87, 0x2c87, 0x2c87, 0x2c87, 0x2c87, 0x2c87, 0x2c87, 0x2c87, 0x2c87, 0x2c87, 0x2c87, 0x2c87,
    0x2c87, 0x2c87, 0x2c87, 0x2c87, 0x2c87, 0x2c87, 0x2c87, 0x2c87, 0x2c87, 0x2c87, 0x2c87, 0x2c87, 0x2c87, 0x2c87, 0x2c87, 0x2c87,
    0x2c87, 0x2c87, 0x2c87, 0x2c87, 0x2c87, 0x2c87, 0x2c87, 0x2c87, 0x2c87, 0x2c87, 0x2c87, 0x2c87, 0x2c87, 0x2c87, 0x2c87, 0x2c87,
    0x2c87, 0x2c87, 0x2c87, 0x2c87, 0x2c87, 0x2c87, 0x2c87, 0x2c87, 0x2c87, 0x2c87, 0x2c87, 0x2c87, 0x2c87, 0x2c87, 0x2c87, 0x2c87,
    0x2c87, 0x2c87, 0x2c87, 0x2c87, 0x2c87, 0x2c87, 0x2c87, 0x2c87, 0x2c87, 0x2c87, 0x2c87, 0x2c87, 0x2c87, 0x2c87, 0x2c87, 0x2c87,
    0x2c87, 0x2c87, 0x2c87, 0x2c87, 0x2c87, 0x2c87, 0x2c87, 0x2c87, 0x2c87, 0x2c87, 0x2c87, 0x2c87, 0x2c87, 0x2c87, 0x2c87, 0x2c87,
    0x2c87, 0x2c87, 0x2c87, 0xf737, 0xf757, 0x2c87, 0x2c87, 0x2c87, 0x2c87, 0x2c87, 0x2c87, 0x2c87, 0x2c87, 0x2c87, 0x2c87, 0x2c87,
    0x2c87, 0x2c87, 0x2c87, 0x2c87, 0x2c87, 0x2c87, 0x2c87, 0x2c87, 0x2c87, 0x2c87, 0x2c87, 0x2c87, 0x2c87, 0x2c87, 0x2c87, 0x2c87,
    0x2c87, 0x2c87, 0x2c87, 0x2c87, 0x2c87, 0x2c87, 0x2c87, 0x2c87, 0x2c87, 0x2c87, 0x2c87, 0x2c87, 0x2c87, 0x2c87, 0x2c87, 0x2c87,
    0x2c87, 0x2c87, 0x2c87, 0x2c87, 0x2c87, 0x2c87, 0x2c87, 0x2c87, 0x2c87, 0x2c87, 0xff77, 0xff78, 0xa5af, 0x2c87, 0x2c87, 0x2c87,
    0x2c87, 0x2c87, 0x2c87, 0x2c87, 0x2c87, 0x2c87, 0x2c87, 0x2c87, 0x2c87, 0x2c87, 0x2c87, 0x2c87, 0x2c87, 0x2c87, 0x2c87, 0x2c87,
    0x2c87, 0x2c87, 0x2c87, 0x2c87, 0x2c87, 0x2c87, 0x2c87, 0x2c87, 0x2c87, 0x2c87, 0x2c87, 0x2c87, 0x2c87, 0x2c87, 0x2c87, 0x2c87,
    0x2c87, 0x2c87, 0x2c87, 0x2c87, 0x2c87, 0x2c87, 0x2c87, 0x2c87, 0x2c87, 0x2c87, 0x2c87, 0x2c87, 0x2c87, 0x2c87, 0x2c87, 0x2c87,
    0x2c87, 0x2c87, 0x2c87, 0x2c87, 0x2c87, 0x2c87, 0x2c87, 0x2c87, 0x2c87, 0x2c87, 0x2c87, 0x2c87, 0x2c87, 0x2c87, 0x2c87, 0x2c87,
    0x2c87, 0x2c87, 0x2c87, 0x2c87, 0x2c87, 0x2c87, 0x2c87, 0x2c87, 0x2c87, 0x2c87, 0x2c87, 0x2c87, 0x2c87, 0x2c87, 0x2c87, 0x2c87,
    0x2c87, 0x2c87, 0x2c87, 0x2c87, 0x2c87, 0x2c87, 0x2c87, 0x2c87, 0x2c87, 0x2c87, 0x2c87, 0x2c87, 0x2c87, 0x2c87, 0x2c87, 0x2c87,
    0x2c87, 0x2c87, 0x2c87, 0x2c87, 0x2c87, 0x2c87, 0x2c87, 0x2c87, 0x2c87, 0x2c87, 0x2c87, 0x2c87, 0x2c87, 0x2c87, 0x2c87, 0x2c87,
    0x2c87, 0x2c87, 0x2c87, 0x2c87, 0x2c87, 0x2c87, 0x2c87, 0x2c87, 0x2c87, 0x2c87, 0x2c87, 0x2c87, 0x2c87, 0x2c87, 0x2c87, 0x2c87,
    0x2c87, 0x2c87, 0x2c87, 0x2c87, 0x2c87, 0x2c87, 0x2c87, 0x2c87, 0x2c87, 0x2c87, 0x2c87, 0x2c87, 0x2c87, 0x2c87, 0x2c87, 0x2c87,
    0x2c87, 0x2c87, 0x2c87, 0x2c87, 0x2c87, 0x2c87, 0x2c87, 0x2c87, 0x2c87, 0x2c87, 0x2c87, 0x2c87, 0x2c87, 0x2c87, 0x2c87, 0x2c87,
    0x2c87, 0x2c87, 0x2c87, 0x2c87, 0x2c87, 0x2c87, 0x2c87, 0x2c87, 0x2c87, 0x2c87, 0x2c87, 0x2c87, 0x2c87, 0x2c87, 0x2c87, 0x2c87,
    0x2c87, 0x2c87, 0x2c87, 0x8d2d, 0xff77, 0xf758, 0x2c87, 0x2c87, 0x2c87, 0x2c87, 0x2c87, 0x2c87, 0x2c87, 0x2c87, 0x2c87, 0x2c87,
    0x2c87, 0x2c87, 0x2c87, 0x2c87, 0x2c87, 0x2c87, 0x2c87, 0x2c87, 0x2c87, 0x2c87, 0x2c87, 0x2c87, 0x2c87, 0x2c87, 0x2c87, 0x2c87,
    0x2c87, 0x2c87, 0x2c87, 0x2c87, 0x2c87, 0x2c87, 0x2c87, 0x2c87, 0x2c87, 0x2c87, 0x2c87, 0x2c87, 0x2c87, 0x2c87, 0x2c87, 0x2c87,
    0x2c87, 0x2c87, 0x2c87, 0x2c87, 0x2c87, 0x2c87, 0x2c87, 0x2c87, 0x2c87, 0xef16, 0xef57, 0x2c87, 0x2c87, 0x2c87, 0x2c87, 0x2c87,
    0x2c87, 0x2c87, 0x2c87, 0x2c87, 0x2c87, 0x2c87, 0x2c87, 0x2c87, 0x2c87, 0x2c87, 0x2c87, 0x2c87, 0x2c87, 0x2c87, 0x2c87, 0x2c87,
    0x2c87, 0x2c87, 0x2c87, 0x2c87, 0x2c87, 0x2c87, 0x2c87, 0x2c87, 0x2c87, 0x2c87, 0x2c87, 0x2c87, 0x2c87, 0x2c87, 0x2c87, 0x2c87,
    0x2c87, 0x2c87, 0x2c87, 0x2c87, 0x2c87, 0x2c87, 0x2c87, 0x2c87, 0x2c87, 0x2c87, 0x2c87, 0x2c87, 0x2c87, 0x2c87, 0x2c87, 0x2c87,
    0x2c87, 0x2c87, 0x2c87, 0x2c87, 0x2c87, 0x2c87, 0x2c87, 0x2c87, 0x2c87, 0x2c87, 0x2c87, 0x2c87, 0x2c87, 0x2c87, 0x2c87, 0x2c87,
    0x2c87, 0x2c87, 0x2c87, 0x2c87, 0x2c87, 0x2c87, 0x2c87, 0x2c87, 0x2c87, 0x2c87, 0x2c87, 0x2c87, 0x2c87, 0x2c87, 0x2c87, 0x2c87,
    0x2c87, 0x2c87, 0x2c87, 0x2c87, 0x2c87, 0x2c87, 0x2c87, 0x2c87, 0x2c87, 0x2c87, 0x2c87, 0x2c87, 0x2c87, 0x2c87, 0x2c87, 0x2c87,
    0x2c87, 0x2c87, 0x2c87, 0x2c87, 0x2c87, 0x2c87, 0x2c87, 0x2c87, 0x2c87, 0x2c87, 0x2c87, 0x2c87, 0x2c87, 0x2c87, 0x2c87, 0x2c87,
    0x2c87, 0x2c87, 0x2c87, 0x2c87, 0x2c87, 0x2c87, 0x2c87, 0x2c87, 0x2c87, 0x2c87, 0x2c87, 0x2c87, 0x2c87, 0x2c87, 0x2c87, 0x2c87,
    0x2c87, 0x2c87, 0x2c87, 0x2c87, 0x2c87, 0x2c87, 0x2c87, 0x2c87, 0x2c87, 0x2c87, 0x2c87, 0x2c87, 0x2c87, 0x2c87, 0x2c87, 0x2c87,
    0x2c87, 0x2c87, 0x2c87, 0x2c87, 0x2c87, 0x2c87, 0x2c87, 0x2c87, 0x2c87, 0x2c87, 0x2c87, 0x2c87, 0x2c87, 0x2c87, 0x2c87, 0x2c87,
    0x2c87, 0x2c87, 0x2c87, 0x2c87, 0x2c87, 0x2c87, 0x2c87, 0x2c87, 0x2c87, 0x2c87, 0x2c87, 0x2c87, 0x2c87, 0x2c87, 0x2c87, 0x2c87,
    0x2c87, 0x2c87, 0x2c87, 0x2c87, 0x2c87, 0xff58, 0xef37, 0x2c87, 0x2c87, 0x2c87, 0x2c87, 0x2c87, 0x2c87, 0x2c87, 0x2c87, 0x2c87,
    0x2c87, 0x2c87, 0x2c87, 0x2c87, 0x2c87, 0x2c87, 0x2c87, 0x2c87, 0x2c87, 0x2c87, 0x2c87, 0x2c87, 0x2c87, 0x2c87, 0x2c87, 0x2c87,
    0x2c87, 0x2c87, 0x2c87, 0x2c87, 0x2c87, 0x2c87, 0x2c87, 0x2c87, 0x2c87, 0x2c87, 0x2c87, 0x2c87, 0x2c87, 0x2c87, 0x2c87, 0x2c87,
    0x2c87, 0x2c87, 0x2c87, 0x2c87, 0x2c87, 0x2c87, 0x2c87, 0x2c87, 0xf757, 0xef17, 0x2c87, 0x2c87, 0x2c87, 0x2c87, 0x2c87, 0x2c87,
    0x2c87, 0x2c87, 0x2c87, 0x2c87, 0x2c87, 0x2c87, 0x2c87, 0x2c87, 0x2c87, 0x2c87, 0x2c87, 0x2c87, 0x2c87, 0x2c87, 0x2c87, 0x2c87,
    0x2c87, 0x2c87, 0x2c87, 0x2c87, 0x2c87, 0x2c87, 0x2c87, 0x2c87, 0x2c87, 0x2c87, 0x2c87, 0x2c87, 0x2c87, 0x2c87, 0x2c87, 0x2c87,
    0x2c87, 0x2c87, 0x2c87, 0x2c87, 0x2c87, 0x2c87, 0x2c87, 0x2c87, 0x2c87, 0x2c87, 0x2c87, 0x2c87, 0x2c87, 0x2c87, 0x2c87, 0x2c87,
    0x2c87, 0x2c87, 0x2c87, 0x2c87, 0x2c87, 0x2c87, 0x2c87, 0x2c87, 0x2c87, 0x2c87, 0x2c87, 0x2c87, 0x2c87, 0x2c87, 0x2c87, 0x2c87,
    0x2c87, 0x2c87, 0x2c87, 0x2c87, 0x2c87, 0x2c87, 0x2c87, 0x2c87, 0x2c87, 0x2c87, 0x2c87, 0x2c87, 0x2c87, 0x2c87, 0x2c87, 0x2c87,
    0x2c87, 0x2c87, 0x2c87, 0x2c87, 0x2c87, 0x2c87, 0x2c87, 0x2c87, 0x2c87, 0x2c87, 0x2c87, 0x2c87, 0x2c87, 0x2c87, 0x2c87, 0x2c87,
    0x2c87, 0x2c87, 0x2c87, 0x2c87, 0x2c87, 0x2c87, 0x2c87, 0x2c87, 0x2c87, 0x2c87, 0x2c87, 0x2c87, 0x2c87, 0x2c87, 0x2c87, 0x2c87,
    0x2c87, 0x2c87, 0x2c87, 0x2c87, 0x2c87, 0x2c87, 0x2c87, 0x2c87, 0x2c87, 0x2c87, 0x2c87, 0x2c87, 0x2c87, 0x2c87, 0x2c87, 0x2c87,
    0x2c87, 0x2c87, 0x2c87, 0x2c87, 0x2c87, 0x2c87, 0x2c87, 0x2c87, 0x2c87, 0x2c87, 0x2c87, 0x2c87, 0x2c87, 0x2c87, 0x2c87, 0x2c87,
    0x2c87, 0x2c87, 0x2c87, 0x2c87, 0x2c87, 0x2c87, 0x2c87, 0x2c87, 0x2c87, 0x2c87, 0x2c87, 0x2c87, 0x2c87, 0x2c87, 0x2c87, 0x2c87,
    0x2c87, 0x2c87, 0x2c87, 0x2c87, 0x2c87, 0x2c87, 0x2c87, 0x2c87, 0x2c87, 0x2c87, 0x2c87, 0x2c87, 0x2c87, 0x2c87, 0x2c87, 0x2c87,
    0x2c87, 0x2c87, 0x2c87, 0x2c87, 0x2c87, 0x2c87, 0xe6f6, 0xef36, 0x9d6e, 0x2c87, 0x2c87, 0x2c87, 0x2c87, 0x2c87, 0x2c87, 0x2c87,
    0x2c87, 0x2c87, 0x2c87, 0x2c87, 0x2c87, 0x2c87, 0x2c87, 0x2c87, 0x2c87, 0x2c87, 0x2c87, 0x2c87, 0x2c87, 0x2c87, 0x2c87, 0x2c87,
    0x2c87, 0x2c87, 0x2c87, 0x2c87, 0x2c87, 0x2c87, 0x2c87, 0x2c87, 0x2c87, 0x2c87, 0x2c87, 0x2c87, 0x2c87, 0x2c87, 0x2c87, 0x2c87,
    0x2c87, 0x2c87, 0x2c87, 0x2c87, 0x2c87, 0x2c87, 0x74cb, 0xf757, 0xf758, 0x2c87, 0x2c87, 0x2c87, 0x2c87, 0x2c87, 0x2c87, 0x2c87,
    0x2c87, 0x2c87, 0x2c87, 0x2c87, 0x2c87, 0x2c87, 0x2c87, 0x2c87, 0x2c87, 0x2c87, 0x2c87, 0x2c87, 0x2c87, 0x2c87, 0x2c87, 0x2c87,
    0x2c87, 0x2c87, 0x2c87, 0x2c87, 0x2c87, 0x2c87, 0x2c87, 0x2c87, 0x2c87, 0x2c87, 0x2c87, 0x2c87, 0x2c87, 0x2c87, 0x2c87, 0x2c87,
    0x2c87, 0x2c87, 0x2c87, 0x2c87, 0x2c87, 0x2c87, 0x2c87, 0x2c87, 0x2c87, 0x2c87, 0x2c87, 0x2c87, 0x2c87, 0x2c87, 0x2c87, 0x2c87,
    0x2c87, 0x2c87, 0x2c87, 0x2c87, 0x2c87, 0x2c87, 0x2c87, 0x2c87, 0x2c87, 0x2c87, 0x2c87, 0x2c87, 0x2c87, 0x2c87, 0x2c87, 0x2c87,
    0x2c87, 0x2c87, 0x2c87, 0x2c87, 0x2c87, 0x2c87, 0x2c87, 0x2c87, 0x2c87, 0x2c87, 0x2c87, 0x2c87, 0x2c87, 0x2c87, 0x2c87, 0x2c87,
    0x2c87, 0x2c87, 0x2c87, 0x2c87, 0x2c87, 0x2c87, 0x2c87, 0x2c87, 0x2c87, 0x2c87, 0x2c87, 0x2c87, 0x2c87, 0x2c87, 0x2c87, 0x2c87,
    0x2c87, 0x2c87, 0x2c87, 0x2c87, 0x2c87, 0x2c87, 0x2c87, 0x2c87, 0x2c87, 0x2c87, 0x2c87, 0x2c87, 0x2c87, 0x2c87, 0x2c87, 0x2c87,
    0x2c87, 0x2c87, 0x2c87, 0x2c87, 0x2c87, 0x2c87, 0x2c87, 0x2c87, 0x2c87, 0x2c87, 0x2c87, 0x2c87, 0x2c87, 0x2c87, 0x2c87, 0x2c87,
    0x2c87, 0x2c87, 0x2c87, 0x2c87, 0x2c87, 0x2c87, 0x2c87, 0x2c87, 0x2c87, 0x2c87, 0x2c87, 0x2c87, 0x2c87, 0x2c87, 0x2c87, 0x2c87,
    0x2c87, 0x2c87, 0x2c87, 0x2c87, 0x2c87, 0x2c87, 0x2c87, 0x2c87, 0x2c87, 0x2c87, 0x2c87, 0x2c87, 0x2c87, 0x2c87, 0x2c87, 0x2c87,
    0x2c87, 0x2c87, 0x2c87, 0x2c87, 0x2c87, 0x2c87, 0x2c87, 0x2c87, 0x2c87, 0x2c87, 0x2c87, 0x2c87, 0x2c87, 0x2c87, 0x2c87, 0x2c87,
    0x2c87, 0x2c87, 0x2c87, 0x2c87, 0x2c87, 0x2c87, 0x2c87, 0xf757, 0xef36, 0x9d8e, 0x2c87, 0x2c87, 0x2c87, 0x2c87, 0x2c87, 0x2c87,
    0x2c87, 0x2c87, 0x2c87, 0x2c87, 0x2c87, 0x2c87, 0x2c87, 0x2c87, 0x2c87, 0x2c87, 0x2c87, 0x2c87, 0x2c87, 0x2c87, 0x2c87, 0x2c87,
    0x2c87, 0x2c87, 0x2c87, 0x2c87, 0x2c87, 0x2c87, 0x2c87, 0x2c87, 0x2c87, 0x2c87, 0x2c87, 0x2c87, 0x2c87, 0x2c87, 0x2c87, 0x2c87,
    0x2c87, 0x2c87, 0x2c87, 0x2c87, 0x2c87, 0xb631, 0xf757, 0xd6b4, 0x2c87, 0x2c87, 0x2c87, 0x2c87, 0x2c87, 0x2c87, 0x2c87, 0x2c87,
    0x2c87, 0x2c87, 0x2c87, 0x2c87, 0x2c87, 0x2c87, 0x2c87, 0x2c87, 0x2c87, 0x2c87, 0x2c87, 0x2c87, 0x2c87, 0x2c87, 0x2c87, 0x2c87,
    0x2c87, 0x2c87, 0x2c87, 0x2c87, 0x2c87, 0x2c87, 0x2c87, 0x2c87, 0x2c87, 0x2c87, 0x2c87, 0x2c87, 0x2c87, 0x2c87, 0x2c87, 0x2c87,
    0x2c87, 0x2c87, 0x2c87, 0x2c87, 0x2c87, 0x2c87, 0x2c87, 0x2c87, 0x2c87, 0x2c87, 0x2c87, 0x2c87, 0x2c87, 0x2c87, 0x2c87, 0x2c87,
    0x2c87, 0x2c87, 0x2c87, 0x2c87, 0x2c87, 0x2c87, 0x2c87, 0x2c87, 0x2c87, 0x2c87, 0x2c87, 0x2c87, 0x2c87, 0x2c87, 0x2c87, 0x2c87,
    0x2c87, 0x2c87, 0x2c87, 0x2c87, 0x2c87, 0x2c87, 0x2c87, 0x2c87, 0x2c87, 0x2c87, 0x2c87, 0x2c87, 0x2c87, 0x2c87, 0x2c87, 0x2c87,
    0x2c87, 0x2c87, 0x2c87, 0x2c87, 0x2c87, 0x2c87, 0x2c87, 0x2c87, 0x2c87, 0x2c87, 0x2c87, 0x2c87, 0x2c87, 0x2c87, 0x2c87, 0x2c87,
    0x2c87, 0x2c87, 0x2c87, 0x2c87, 0x2c87, 0x2c87, 0x2c87, 0x2c87, 0x2c87, 0x2c87, 0x2c87, 0x2c87, 0x2c87, 0x2c87, 0x2c87, 0x2c87,
    0x2c87, 0x2c87, 0x2c87, 0x2c87, 0x2c87, 0x2c87, 0x2c87, 0x2c87, 0x2c87, 0x2c87, 0x2c87, 0x2c87, 0x2c87, 0x2c87, 0x2c87, 0x2c87,
    0x2c87, 0x2c87, 0x2c87, 0x2c87, 0x2c87, 0x2c87, 0x2c87, 0x2c87, 0x2c87, 0x2c87, 0x2c87, 0x2c87, 0x2c87, 0x2c87, 0x2c87, 0x2c87,
    0x2c87, 0x2c87, 0x2c87, 0x2c87, 0x2c87, 0x2c87, 0x2c87, 0x2c87, 0x2c87, 0x2c87, 0x2c87, 0x2c87, 0x2c87, 0x2c87, 0x2c87, 0x2c87,
    0x2c87, 0x2c87, 0x2c87, 0x2c87, 0x2c87, 0x2c87, 0x2c87, 0x2c87, 0x2c87, 0x2c87, 0x2c87, 0x2c87, 0x2c87, 0x2c87, 0x2c87, 0x2c87,
    0x2c87, 0x2c87, 0x2c87, 0x2c87, 0x2c87, 0x2c87, 0x2c87, 0x2c87, 0x9daf, 0xf758, 0xf777, 0x2c87, 0x2c87, 0x2c87, 0x2c87, 0x2c87,
    0x2c87, 0x2c87, 0x2c87, 0x2c87, 0x2c87, 0x2c87, 0x2c87, 0x2c87, 0x2c87, 0x2c87, 0x2c87, 0x2c87, 0x2c87, 0x2c87, 0x2c87, 0x2c87,
    0x2c87, 0x2c87, 0x2c87, 0x2c87, 0x2c87, 0x2c87, 0x2c87, 0x2c87, 0x2c87, 0x2c87, 0x2c87, 0x2c87, 0x2c87, 0x2c87, 0x2c87, 0x2c87,
    0x2c87, 0x2c87, 0x2c87, 0x2c87, 0xbe92, 0xdef5, 0xbe12, 0x2c87, 0x2c87, 0x2c87, 0x2c87, 0x2c87, 0x2c87, 0x2c87, 0x2c87, 0x2c87,
    0x2c87, 0x2c87, 0x2c87, 0x2c87, 0x2c87, 0x2c87, 0x2c87, 0x2c87, 0x2c87, 0x2c87, 0x2c87, 0x2c87, 0x2c87, 0x2c87, 0x2c87, 0x2c87,
    0x2c87, 0x2c87, 0x2c87, 0x2c87, 0x2c87, 0x2c87, 0x2c87, 0x2c87, 0x2c87, 0x2c87, 0x2c87, 0x2c87, 0x2c87, 0x2c87, 0x2c87, 0x2c87,
    0x2c87, 0x2c87, 0x2c87, 0x2c87, 0x2c87, 0x2c87, 0x2c87, 0x2c87, 0x2c87, 0x2c87, 0x2c87, 0x2c87, 0x2c87, 0x2c87, 0x2c87, 0x2c87,
    0x2c87, 0x2c87, 0x2c87, 0x2c87, 0x2c87, 0x2c87, 0x2c87, 0x2c87, 0x2c87, 0x2c87, 0x2c87, 0x2c87, 0x2c87, 0x2c87, 0x10a2, 0x10a2,
    0x10a2, 0x1082, 0x1082, 0x1082, 0x1082, 0x1081, 0x2c87, 0x2c87, 0x2c87, 0x2c87, 0x2c87, 0x2c87, 0x2c87, 0x2c87, 0x2c87, 0x2c87,
    0x2c87, 0x2c87, 0x2c87, 0x2c87, 0x2c87, 0x2c87, 0x2c87, 0x2c87, 0x2c87, 0x2c87, 0x2c87, 0x2c87, 0x2c87, 0x2c87, 0x2c87, 0x2c87,
    0x2c87, 0x2c87, 0x2c87, 0x2c87, 0x2c87, 0x2c87, 0x2c87, 0x2c87, 0x2c87, 0x2c87, 0x2c87, 0x2c87, 0x2c87, 0x2c87, 0x2c87, 0x2c87,
    0x2c87, 0x2c87, 0x2c87, 0x2c87, 0x2c87, 0x2c87, 0x2c87, 0x2c87, 0x2c87, 0x2c87, 0x2c87, 0x2c87, 0x2c87, 0x2c87, 0x2c87, 0x2c87,
    0x2c87, 0x2c87, 0x2c87, 0x2c87, 0x2c87, 0x2c87, 0x2c87, 0x2c87, 0x2c87, 0x2c87, 0x2c87, 0x2c87, 0x2c87, 0x2c87, 0x2c87, 0x2c87,
    0x2c87, 0x2c87, 0x2c87, 0x2c87, 0x2c87, 0x2c87, 0x2c87, 0x2c87, 0x2c87, 0x2c87, 0x2c87, 0x2c87, 0x2c87, 0x2c87, 0x2c87, 0x2c87,
    0x2c87, 0x2c87, 0x2c87, 0x2c87, 0x2c87, 0x2c87, 0x2c87, 0x2c87, 0x2c87, 0x2c87, 0x2c87, 0x2c87, 0x2c87, 0x2c87, 0x2c87, 0x2c87,
    0x2c87, 0x2c87, 0x2c87, 0x2c87, 0x2c87, 0x2c87, 0x2c87, 0x2c87, 0x2c87, 0xbe52, 0xf757, 0xa590, 0x2c87, 0x2c87, 0x2c87, 0x2c87,
    0x2c87, 0x2c87, 0x2c87, 0x2c87, 0x2c87, 0x2c87, 0x2c87, 0x2c87, 0x2c87, 0x2c87, 0x2c87, 0x2c87, 0x2c87, 0x2c87, 0x2c87, 0x2c87,
    0x2c87, 0x2c87, 0x2c87, 0x2c87, 0x2c87, 0x2c87, 0x2c87, 0x2c87, 0x2c87, 0x2c87, 0x2c87, 0x2c87, 0x2c87, 0x2c87, 0x2c87, 0x2c87,
    0x2c87, 0x2c87, 0x2c87, 0x7d0b, 0xf777, 0xb612, 0x74ec, 0x2c87, 0x2c87, 0x2c87, 0x2c87, 0x2c87, 0x2c87, 0x2c87, 0x2c87, 0x2c87,
    0x2c87, 0x2c87, 0x2c87, 0x2c87, 0x2c87, 0x2c87, 0x2c87, 0x2c87, 0x2c87, 0x2c87, 0x2c87, 0x2c87, 0x2c87, 0x2c87, 0x2c87, 0x2c87,
    0x2c87, 0x2c87, 0x2c87, 0x2c87, 0x2c87, 0x2c87, 0x2c87, 0x2c87, 0x2c87, 0x2c87, 0x2c87, 0x2c87, 0x2c87, 0x2c87, 0x2c87, 0x2c87,
    0x2c87, 0x2c87, 0x2c87, 0x2c87, 0x2c87, 0x2c87, 0x2c87, 0x2c87, 0x2c87, 0x2c87, 0x2c87, 0x2c87, 0x2c87, 0x2c87, 0x2c87, 0x2c87,
    0x2c87, 0x2c87, 0x2c87, 0x2c87, 0x2c87, 0x2c87, 0x2c87, 0x2c87, 0x2c87, 0x2c87, 0x2c87, 0x2c87, 0x2c87, 0x1122, 0x10a2, 0x20e2,
    0x28e3, 0x20c2, 0x20c2, 0x20e2, 0x18c2, 0x1082, 0x2c87, 0x2c87, 0x2c87, 0x2c87, 0x2c87, 0x2c87, 0x2c87, 0x2c87, 0x2c87, 0x2c87,
    0x2c87, 0x2c87, 0x2c87, 0x2c87, 0x2c87, 0x2c87, 0x2c87, 0x2c87, 0x2c87, 0x2c87, 0x2c87, 0x2c87, 0x2c87, 0x2c87, 0x2c87, 0x2c87,
    0x2c87, 0x2c87, 0x2c87, 0x2c87, 0x2c87, 0x2c87, 0x2c87, 0x2c87, 0x2c87, 0x2c87, 0x2c87, 0x2c87, 0x2c87, 0x2c87, 0x2c87, 0x2c87,
    0x2c87, 0x2c87, 0x2c87, 0x2c87, 0x2c87, 0x2c87, 0x2c87, 0x2c87, 0x2c87, 0x2c87, 0x2c87, 0x2c87, 0x2c87, 0x2c87, 0x2c87, 0x2c87,
    0x2c87, 0x2c87, 0x2c87, 0x2c87, 0x2c87, 0x2c87, 0x2c87, 0x2c87, 0x2c87, 0x2c87, 0x2c87, 0x2c87, 0x2c87, 0x2c87, 0x2c87, 0x2c87,
    0x2c87, 0x2c87, 0x2c87, 0x2c87, 0x2c87, 0x2c87, 0x2c87, 0x2c87, 0x2c87, 0x2c87, 0x2c87, 0x2c87, 0x2c87, 0x2c87, 0x2c87, 0x2c87,
    0x2c87, 0x2c87, 0x2c87, 0x2c87, 0x2c87, 0x2c87, 0x2c87, 0x2c87, 0x2c87, 0x2c87, 0x2c87, 0x2c87, 0x2c87, 0x2c87, 0x2c87, 0x2c87,
    0x2c87, 0x2c87, 0x2c87, 0x2c87, 0x2c87, 0x2c87, 0x2c87, 0x2c87, 0x2c87, 0x2c87, 0xa5cf, 0xf757, 0x850b, 0x2c87, 0x2c87, 0x2c87,
    0x2c87, 0x2c87, 0x2c87, 0x2c87, 0x2c87, 0x2c87, 0x2c87, 0x2c87, 0x2c87, 0x2c87, 0x2c87, 0x2c87, 0x2c87, 0x2c87, 0x2c87, 0x2c87,
    0x1ba6, 0x1ba6, 0x1ba6, 0x1ba6, 0x1ba6, 0x1ba6, 0x1ba6, 0x1ba6, 0x1ba6, 0x1ba6, 0x1ba6, 0x1ba6, 0x1ba6, 0x1ba6, 0x1ba6, 0x1ba6,
    0x1ba6, 0x1ba6, 0x1ba6, 0xf758, 0xff78, 0x1ba6, 0x1ba6, 0x1ba6, 0x1ba6, 0x1ba6, 0x1ba6, 0x1ba6, 0x1ba6, 0x1ba6, 0x1ba6, 0x1ba6,
    0x1ba6, 0x1ba6, 0x1ba6, 0x1ba6, 0x1ba6, 0x1ba6, 0x1ba6, 0x1ba6, 0x1ba6, 0x1ba6, 0x1ba6, 0x1ba6, 0x1ba6, 0x1ba6, 0x1ba6, 0x1ba6,
    0x1ba6, 0x1ba6, 0x1ba6, 0x1ba6, 0x1ba6, 0x1ba6, 0x1ba6, 0x1ba6, 0x1ba6, 0x1ba6, 0x1ba6, 0x1ba6, 0x1ba6, 0x1ba6, 0x1ba6, 0x1ba6,
    0x1ba6, 0x1ba6, 0x1ba6, 0x1ba6, 0x1ba6, 0x1ba6, 0x1ba6, 0x1ba6, 0x1ba6, 0x1ba6, 0x1ba6, 0x1ba6, 0x1ba6, 0x1ba6, 0x1ba6, 0x1ba6,
    0x1ba6, 0x1ba6, 0x1ba6, 0x1ba6, 0x1ba6, 0x1ba6, 0x1ba6, 0x1ba6, 0x1ba6, 0x1ba6, 0x1ba6, 0x10c2, 0x10a2, 0x18a2, 0x28e2, 0x30e3,
    0x28e3, 0x28e3, 0x28e3, 0x28e2, 0x20c2, 0x1082, 0x10c2, 0x10a2, 0x1ba6, 0x1ba6, 0x1ba6, 0x1ba6, 0x1ba6, 0x1ba6, 0x1ba6, 0x1ba6,
    0x1ba6, 0x1ba6, 0x1ba6, 0x1ba6, 0x1ba6, 0x1ba6, 0x1ba6, 0x1ba6, 0x1ba6, 0x1ba6, 0x1ba6, 0x1ba6, 0x1ba6, 0x1ba6, 0x1ba6, 0x1ba6,
    0x1ba6, 0x1ba6, 0x1ba6, 0x1ba6, 0x1ba6, 0x1ba6, 0x1ba6, 0x1ba6, 0x1ba6, 0x1ba6, 0x1ba6, 0x1ba6, 0x1ba6, 0x1ba6, 0x1ba6, 0x1ba6,
    0x1ba6, 0x1ba6, 0x1ba6, 0x1ba6, 0x1ba6, 0x1ba6, 0x1ba6, 0x1ba6, 0x1ba6, 0x1ba6, 0x1ba6, 0x1ba6, 0x1ba6, 0x1ba6, 0x1ba6, 0x1ba6,
    0x1ba6, 0x1ba6, 0x1ba6, 0x1ba6, 0x1ba6, 0x1ba6, 0x1ba6, 0x1ba6, 0x1ba6, 0x1ba6, 0x1ba6, 0x1ba6, 0x1ba6, 0x1ba6, 0x1ba6, 0x1ba6,
    0x1ba6, 0x1ba6, 0x1ba6, 0x1ba6, 0x1ba6, 0x1ba6, 0x1ba6, 0x1ba6, 0x1ba6, 0x1ba6, 0x1ba6, 0x1ba6, 0x1ba6, 0x1ba6, 0x1ba6, 0x1ba6,
    0x1ba6, 0x1ba6, 0x1ba6, 0x1ba6, 0x1ba6, 0x1ba6, 0x1ba6, 0x1ba6, 0x1ba6, 0x1ba6, 0x1ba6, 0x1ba6, 0x1ba6, 0x1ba6, 0x1ba6, 0x1ba6,
    0x1ba6, 0x1ba6, 0x1ba6, 0x1ba6, 0x1ba6, 0x1ba6, 0x1ba6, 0x1ba6, 0x1ba6, 0x1ba6, 0x1ba6, 0xf757, 0xef16, 0x1ba6, 0x1ba6, 0x1ba6,
    0x1ba6, 0x1ba6, 0x1ba6, 0x1ba6, 0x1ba6, 0x1ba6, 0x1ba6, 0x1ba6, 0x1ba6, 0x1ba6, 0x1ba6, 0x1ba6, 0x1ba6, 0x1ba6, 0x1ba6, 0x1ba6,
    0x1ba6, 0x1ba6, 0x1ba6, 0x1ba6, 0x1ba6, 0x1ba6, 0x1ba6, 0x1ba6, 0x1ba6, 0x1ba6, 0x1ba6, 0x1ba6, 0x1ba6, 0x1ba6, 0x1ba6, 0x1ba6,
    0x1ba6, 0x1ba6, 0xf737, 0xff58, 0x1ba6, 0x1ba6, 0x1ba6, 0x1ba6, 0x1ba6, 0x1ba6, 0x1ba6, 0x1ba6, 0x1ba6, 0x1ba6, 0x1ba6, 0x1ba6,
    0x1ba6, 0x1ba6, 0x1ba6, 0x1ba6, 0x1ba6, 0x1ba6, 0x1ba6, 0x1ba6, 0x1ba6, 0x1ba6, 0x1ba6, 0x1ba6, 0x1ba6, 0x1ba6, 0x1ba6, 0x1ba6,
    0x1ba6, 0x1ba6, 0x1ba6, 0x1ba6, 0x1ba6, 0x1ba6, 0x1ba6, 0x1ba6, 0x1ba6, 0x1ba6, 0x1ba6, 0x1ba6, 0x1ba6, 0x1ba6, 0x1ba6, 0x1ba6,
    0x1ba6, 0x1ba6, 0x1ba6, 0x1ba6, 0x1ba6, 0x1ba6, 0x1ba6, 0x1ba6, 0x1ba6, 0x1ba6, 0x1ba6, 0x1ba6, 0x1ba6, 0x1ba6, 0x1ba6, 0x1ba6,
    0x1ba6, 0x1ba6, 0x1ba6, 0x1ba6, 0x1ba6, 0x1ba6, 0x1ba6, 0x1ba6, 0x1ba6, 0x1ba6, 0x1ba6, 0x10a2, 0x20e3, 0x28e2, 0x28e3, 0x28e3,
    0x28e3, 0x28e3, 0x28e3, 0x28e3, 0x28e2, 0x28e2, 0x18c2, 0x10a2, 0x1922, 0x1ba6, 0x1ba6, 0x1ba6, 0x1ba6, 0x1ba6, 0x1ba6, 0x1ba6,
    0x1ba6, 0x1ba6, 0x1ba6, 0x1ba6, 0x1ba6, 0x1ba6, 0x1ba6, 0x1ba6, 0x1ba6, 0x1ba6, 0x1ba6, 0x1ba6, 0x1ba6, 0x1ba6, 0x1ba6, 0x1ba6,
    0x1ba6, 0x1ba6, 0x1ba6, 0x1ba6, 0x1ba6, 0x1ba6, 0x1ba6, 0x1ba6, 0x1ba6, 0x1ba6, 0x1ba6, 0x1ba6, 0x1ba6, 0x1ba6, 0x1ba6, 0x1ba6,
    0x1ba6, 0x1ba6, 0x1ba6, 0x1ba6, 0x1ba6, 0x1ba6, 0x1ba6, 0x1ba6, 0x1ba6, 0x1ba6, 0x1ba6, 0x1ba6, 0x1ba6, 0x1ba6, 0x1ba6, 0x1ba6,
    0x1ba6, 0x1ba6, 0x1ba6, 0x1ba6, 0x1ba6, 0x1ba6, 0x1ba6, 0x1ba6, 0x1ba6, 0x1ba6, 0x1ba6, 0x1ba6, 0x1ba6, 0x1ba6, 0x1ba6, 0x1ba6,
    0x1ba6, 0x1ba6, 0x1ba6, 0x1ba6, 0x1ba6, 0x1ba6, 0x1ba6, 0x1ba6, 0x1ba6, 0x1ba6, 0x1ba6, 0x1ba6, 0x1ba6, 0x1ba6, 0x1ba6, 0x1ba6,
    0x1ba6, 0x1ba6, 0x1ba6, 0x1ba6, 0x1ba6, 0x1ba6, 0x1ba6, 0x1ba6, 0x1ba6, 0x1ba6, 0x1ba6, 0x1ba6, 0x1ba6, 0x1ba6, 0x1ba6, 0x1ba6,
    0x1ba6, 0x1ba6, 0x1ba6, 0x1ba6, 0x1ba6, 0x1ba6, 0x1ba6, 0x1ba6, 0x1ba6, 0x1ba6, 0x1ba6, 0x1ba6, 0xff58, 0xf758, 0x1ba6, 0x1ba6,
    0x1ba6, 0x1ba6, 0x1ba6, 0x1ba6, 0x1ba6, 0x1ba6, 0x1ba6, 0x1ba6, 0x1ba6, 0x1ba6, 0x1ba6, 0x1ba6, 0x1ba6, 0x1ba6, 0x1ba6, 0x1ba6,
    0x1ba6, 0x1ba6, 0x1ba6, 0x1ba6, 0x1ba6, 0x1ba6, 0x1ba6, 0x1ba6, 0x1ba6, 0x1ba6, 0x1ba6, 0x1ba6, 0x1ba6, 0x1ba6, 0x1ba6, 0x1ba6,
    0x1ba6, 0xf778, 0xef17, 0x1ba6, 0x1ba6, 0x1ba6, 0x1ba6, 0x1ba6, 0x1ba6, 0x1ba6, 0x1ba6, 0x1ba6, 0x1ba6, 0x1ba6, 0x1ba6, 0x1ba6,
    0x1ba6, 0x1ba6, 0x1ba6, 0x1ba6, 0x1ba6, 0x1ba6, 0x1ba6, 0x1ba6, 0x1ba6, 0x1ba6, 0x1ba6, 0x1ba6, 0x1ba6, 0x1ba6, 0x1ba6, 0x1ba6,
    0x1ba6, 0x1ba6, 0x1ba6, 0x1ba6, 0x1ba6, 0x1ba6, 0x1ba6, 0x1ba6, 0x1ba6, 0x1ba6, 0x1ba6, 0x1ba6, 0x1ba6, 0x1ba6, 0x1ba6, 0x1ba6,
    0x1ba6, 0x1ba6, 0x1ba6, 0x1ba6, 0x1ba6, 0x1ba6, 0x1ba6, 0x1ba6, 0x1ba6, 0x1ba6, 0x1ba6, 0x1ba6, 0x1ba6, 0x1ba6, 0x1ba6, 0x1ba6,
    0x1ba6, 0x1ba6, 0x1ba6, 0x1ba6, 0x1ba6, 0x1ba6, 0x1ba6, 0x1ba6, 0x1ba6, 0x1ba6, 0x10c2, 0x18a2, 0x20e3, 0x3103, 0x3103, 0x28e3,
    0x28e3, 0x28e3, 0x2903, 0x2903, 0x28e3, 0x28e3, 0x28e2, 0x18a2, 0x10a2, 0x1ba6, 0x1ba6, 0x1ba6, 0x1ba6, 0x1ba6, 0x1ba6, 0x1ba6,
    0x1ba6, 0x1ba6, 0x1ba6, 0x1ba6, 0x1ba6, 0x1ba6, 0x1ba6, 0x1ba6, 0x1ba6, 0x1ba6, 0x1ba6, 0x1ba6, 0x1ba6, 0x1ba6, 0x1ba6, 0x1ba6,
    0x1ba6, 0x1ba6, 0x1ba6, 0x1ba6, 0x1ba6, 0x1ba6, 0x1ba6, 0x1ba6, 0x1ba6, 0x1ba6, 0x1ba6, 0x1ba6, 0x1ba6, 0x1ba6, 0x1ba6, 0x1ba6,
    0x1ba6, 0x1ba6, 0x1ba6, 0x1ba6, 0x1ba6, 0x1ba6, 0x1ba6, 0x1ba6, 0x1ba6, 0x1ba6, 0x1ba6, 0x1ba6, 0x1ba6, 0x1ba6, 0x1ba6, 0x1ba6,
    0x1ba6, 0x1ba6, 0x1ba6, 0x1ba6, 0x1ba6, 0x1ba6, 0x1ba6, 0x1ba6, 0x1ba6, 0x1ba6, 0x1ba6, 0x1ba6, 0x1ba6, 0x1ba6, 0x1ba6, 0x1ba6,
    0x1ba6, 0x1ba6, 0x1ba6, 0x1ba6, 0x1ba6, 0x1ba6, 0x1ba6, 0x1ba6, 0x1ba6, 0x1ba6, 0x1ba6, 0x1ba6, 0x1ba6, 0x1ba6, 0x1ba6, 0x1ba6,
    0x1ba6, 0x1ba6, 0x1ba6, 0x1ba6, 0x1ba6, 0x1ba6, 0x1ba6, 0x1ba6, 0x1ba6, 0x1ba6, 0x1ba6, 0x1ba6, 0x1ba6, 0x1ba6, 0x1ba6, 0x1ba6,
    0x1ba6, 0x1ba6, 0x1ba6, 0x1ba6, 0x1ba6, 0x1ba6, 0x1ba6, 0x1ba6, 0x1ba6, 0x1ba6, 0x1ba6, 0x1ba6, 0x1ba6, 0xef18, 0xf758, 0x1ba6,
    0x1ba6, 0x1ba6, 0x1ba6, 0x1ba6, 0x1ba6, 0x1ba6, 0x1ba6, 0x1ba6, 0x1ba6, 0x1ba6, 0x1ba6, 0x1ba6, 0x1ba6, 0x1ba6, 0x1ba6, 0x1ba6,
    0x1ba6, 0x1ba6, 0x1ba6, 0x1ba6, 0x1ba6, 0x1ba6, 0x1ba6, 0x1ba6, 0x1ba6, 0x1ba6, 0x1ba6, 0x1ba6, 0x1ba6, 0x1ba6, 0x1ba6, 0xc692,
    0xff79, 0xff78, 0x1ba6, 0x1ba6, 0x1ba6, 0x1ba6, 0x1ba6, 0x1ba6, 0x1ba6, 0x1ba6, 0x1ba6, 0x1ba6, 0x1ba6, 0x1ba6, 0x1ba6, 0x1ba6,
    0x1ba6, 0x1ba6, 0x1ba6, 0x1ba6, 0x1ba6, 0x1ba6, 0x1ba6, 0x1ba6, 0x1ba6, 0x1ba6, 0x1ba6, 0x1ba6, 0x1ba6, 0x1ba6, 0x1ba6, 0x1ba6,
    0x1ba6, 0x1ba6, 0x1ba6, 0x1ba6, 0x1ba6, 0x1ba6, 0x1ba6, 0x1ba6, 0x1ba6, 0x1ba6, 0x1ba6, 0x1ba6, 0x1ba6, 0x1ba6, 0x1ba6, 0x1ba6,
    0x1ba6, 0x1ba6, 0x1ba6, 0x1ba6, 0x1ba6, 0x1ba6, 0x1ba6, 0x1ba6, 0x1ba6, 0x1ba6, 0x1ba6, 0x1ba6, 0x1ba6, 0x1ba6, 0x1ba6, 0x1ba6,
    0x1ba6, 0x1ba6, 0x1ba6, 0x1ba6, 0x1ba6, 0x1ba6, 0x1ba6, 0x1ba6, 0x1ba6, 0x1ba6, 0x10c3, 0x28e3, 0x28e3, 0x3103, 0x28e3, 0x28e2,
    0x28e2, 0x28e3, 0x28e3, 0x28e3, 0x28e3, 0x28e3, 0x28e3, 0x28c2, 0x10a2, 0x1ba6, 0x1ba6, 0x1ba6, 0x1ba6, 0x1ba6, 0x1ba6, 0x1ba6,
    0x1ba6, 0x1ba6, 0x1ba6, 0x1ba6, 0x1ba6, 0x1ba6, 0x1ba6, 0x1ba6, 0x1ba6, 0x1ba6, 0x1ba6, 0x1ba6, 0x1ba6, 0x1ba6, 0x1ba6, 0x1ba6,
    0x1ba6, 0x1ba6, 0x1ba6, 0x1ba6, 0x1ba6, 0x1ba6, 0x1ba6, 0x1ba6, 0x1ba6, 0x1ba6, 0x1ba6, 0x1ba6, 0x1ba6, 0x1ba6, 0x1ba6, 0x1ba6,
    0x1ba6, 0x1ba6, 0x1ba6, 0x1ba6, 0x1ba6, 0x1ba6, 0x1ba6, 0x1ba6, 0x1ba6, 0x1ba6, 0x1ba6, 0x1ba6, 0x1ba6, 0x1ba6, 0x1ba6, 0x1ba6,
    0x1ba6, 0x1ba6, 0x1ba6, 0x1ba6, 0x1ba6, 0x1ba6, 0x1ba6, 0x1ba6, 0x1ba6, 0x1ba6, 0x1ba6, 0x1ba6, 0x1ba6, 0x1ba6, 0x1ba6, 0x1ba6,
    0x1ba6, 0x1ba6, 0x1ba6, 0x1ba6, 0x1ba6, 0x1ba6, 0x1ba6, 0x1ba6, 0x1ba6, 0x1ba6, 0x1ba6, 0x1ba6, 0x1ba6, 0x1ba6, 0x1ba6, 0x1ba6,
    0x1ba6, 0x1ba6, 0x1ba6, 0x1ba6, 0x1ba6, 0x1ba6, 0x1ba6, 0x1ba6, 0x1ba6, 0x1ba6, 0x1ba6, 0x1ba6, 0x1ba6, 0x1ba6, 0x1ba6, 0x1ba6,
    0x1ba6, 0x1ba6, 0x1ba6, 0x1ba6, 0x1ba6, 0x1ba6, 0x1ba6, 0x1ba6, 0x1ba6, 0x1ba6, 0x1ba6, 0x1ba6, 0x1ba6, 0x1ba6, 0xf757, 0xf757,
    0xbe31, 0x1ba6, 0x1ba6, 0x1ba6, 0x1ba6, 0x1ba6, 0x1ba6, 0x1ba6, 0x1ba6, 0x1ba6, 0x1ba6, 0x1ba6, 0x1ba6, 0x1ba6, 0x1ba6, 0x1ba6,
    0x1ba6, 0x1ba6, 0x1ba6, 0x1ba6, 0x1ba6, 0x1ba6, 0x1ba6, 0x1ba6, 0x1ba6, 0x1ba6, 0x1ba6, 0x1ba6, 0x1ba6, 0x1ba6, 0xe735, 0xf757,
    0xf757, 0x1ba6, 0x1ba6, 0x1ba6, 0x1ba6, 0x1ba6, 0x1ba6, 0x1ba6, 0x1ba6, 0x1ba6, 0x1ba6, 0x1ba6, 0x1ba6, 0x1ba6, 0x1ba6, 0x1ba6,
    0x1ba6, 0x1ba6, 0x1ba6, 0x1ba6, 0x1ba6, 0x1ba6, 0x1ba6, 0x1ba6, 0x1ba6, 0x1ba6, 0x1ba6, 0x1ba6, 0x1ba6, 0x1ba6, 0x1ba6, 0x1ba6,
    0x1ba6, 0x1ba6, 0x1ba6, 0x1ba6, 0x1ba6, 0x1ba6, 0x1ba6, 0x1ba6, 0x1ba6, 0x1ba6, 0x1ba6, 0x1ba6, 0x1ba6, 0x1ba6, 0x1ba6, 0x1ba6,
    0x1ba6, 0x1ba6, 0x1ba6, 0x1ba6, 0x1ba6, 0x1ba6, 0x1ba6, 0x1ba6, 0x1ba6, 0x1ba6, 0x1ba6, 0x1ba6, 0x1ba6, 0x1ba6, 0x1ba6, 0x1ba6,
    0x1ba6, 0x1ba6, 0x1ba6, 0x1ba6, 0x1ba6, 0x1ba6, 0x1ba6, 0x1ba6, 0x1ba6, 0x1ba6, 0x10c2, 0x28e3, 0x28e2, 0x2903, 0x28e2, 0x28c2,
    0x28e2, 0x28e3, 0x28e3, 0x28e3, 0x28e2, 0x28e2, 0x20c2, 0x20c2, 0x10a2, 0x1ba6, 0x1ba6, 0x1ba6, 0x1ba6, 0x1ba6, 0x1ba6, 0x1ba6,
    0x1ba6, 0x1ba6, 0x1ba6, 0x1ba6, 0x1ba6, 0x1ba6, 0x1ba6, 0x1ba6, 0x1ba6, 0x1ba6, 0x1ba6, 0x1ba6, 0x1ba6, 0x1ba6, 0x1ba6, 0x1ba6,
    0x1ba6, 0x1ba6, 0x1ba6, 0x1ba6, 0x1ba6, 0x1ba6, 0x1ba6, 0x1ba6, 0x1ba6, 0x1ba6, 0x1ba6, 0x1ba6, 0x1ba6, 0x1ba6, 0x1ba6, 0x1ba6,
    0x1ba6, 0x1ba6, 0x1ba6, 0x1ba6, 0x1ba6, 0x1ba6, 0x1ba6, 0x1ba6, 0x1ba6, 0x1ba6, 0x1ba6, 0x1ba6, 0x1ba6, 0x1ba6, 0x1ba6, 0x1ba6,
    0x1ba6, 0x1ba6, 0x1ba6, 0x1ba6, 0x1ba6, 0x1ba6, 0x1ba6, 0x1ba6, 0x1ba6, 0x1ba6, 0x1ba6, 0x1ba6, 0x1ba6, 0x1ba6, 0x1ba6, 0x1ba6,
    0x1ba6, 0x1ba6, 0x1ba6, 0x1ba6, 0x1ba6, 0x1ba6, 0x1ba6, 0x1ba6, 0x1ba6, 0x1ba6, 0x1ba6, 0x1ba6, 0x1ba6, 0x1ba6, 0x1ba6, 0x1ba6,
    0x1ba6, 0x1ba6, 0x1ba6, 0x1ba6, 0x1ba6, 0x1ba6, 0x1ba6, 0x1ba6, 0x1ba6, 0x1ba6, 0x1ba6, 0x1ba6, 0x1ba6, 0x1ba6, 0x1ba6, 0x1ba6,
    0x1ba6, 0x1ba6, 0x1ba6, 0x1ba6, 0x1ba6, 0x1ba6, 0x1ba6, 0x1ba6, 0x1ba6, 0x1ba6, 0x1ba6, 0x1ba6, 0x1ba6, 0x1ba6, 0x1ba6, 0xf778,
    0xf757, 0xf777, 0x1ba6, 0x1ba6, 0x1ba6, 0x1ba6, 0x1ba6, 0x1ba6, 0x1ba6, 0x1ba6, 0x1ba6, 0x1ba6, 0x1ba6, 0x1ba6, 0x1ba6, 0x1ba6,
    0x1ba6, 0x1ba6, 0x1ba6, 0x1ba6, 0x1ba6, 0x1ba6, 0x1ba6, 0x1ba6, 0x1ba6, 0x1ba6, 0x1ba6, 0x1ba6, 0x1ba6, 0x7d4b, 0xef36, 0x954e,
    0x74cc, 0x1ba6, 0x1ba6, 0x1ba6, 0x1ba6, 0x1ba6, 0x1ba6, 0x1ba6, 0x1ba6, 0x1ba6, 0x1ba6, 0x1ba6, 0x1ba6, 0x1ba6, 0x1ba6, 0x1ba6,
    0x1ba6, 0x1ba6, 0x1ba6, 0x1ba6, 0x1ba6, 0x1ba6, 0x1ba6, 0x1ba6, 0x1ba6, 0x1ba6, 0x1ba6, 0x1ba6, 0x1ba6, 0x1ba6, 0x1ba6, 0x1ba6,
    0x1ba6, 0x1ba6, 0x1ba6, 0x1ba6, 0x1ba6, 0x1ba6, 0x1ba6, 0x1ba6, 0x1ba6, 0x1ba6, 0x1ba6, 0x1ba6, 0x1ba6, 0x1ba6, 0x1ba6, 0x1ba6,
    0x1ba6, 0x1ba6, 0x1ba6, 0x1ba6, 0x1ba6, 0x1ba6, 0x1ba6, 0x1ba6, 0x1ba6, 0x1ba6, 0x1ba6, 0x1ba6, 0x1ba6, 0x1ba6, 0x1ba6, 0x1ba6,
    0x1ba6, 0x1ba6, 0x1ba6, 0x1ba6, 0x1ba6, 0x1ba6, 0x1ba6, 0x1ba6, 0x1ba6, 0x1ba6, 0x10a2, 0x28c2, 0x28c2, 0x28c2, 0x20c2, 0x28e2,
    0x20e2, 0x28e2, 0x28e2, 0x28e2, 0x28e2, 0x20c2, 0x20c2, 0x18c2, 0x10a2, 0x1ba6, 0x1ba6, 0x1ba6, 0x1ba6, 0x1ba6, 0x1ba6, 0x1ba6,
    0x1ba6, 0x1ba6, 0x1ba6, 0x1ba6, 0x1ba6, 0x1ba6, 0x1ba6, 0x1ba6, 0x1ba6, 0x1ba6, 0x1ba6, 0x1ba6, 0x1ba6, 0x1ba6, 0x1ba6, 0x1ba6,
    0x1ba6, 0x1ba6, 0x1ba6, 0x1ba6, 0x1ba6, 0x1ba6, 0x1ba6, 0x1ba6, 0x1ba6, 0x1ba6, 0x1ba6, 0x1ba6, 0x1ba6, 0x1ba6, 0x1ba6, 0x1ba6,
    0x1ba6, 0x1ba6, 0x1ba6, 0x1ba6, 0x1ba6, 0x1ba6, 0x1ba6, 0x1ba6, 0x1ba6, 0x1ba6, 0x1ba6, 0x1ba6, 0x1ba6, 0x1ba6, 0x1ba6, 0x1ba6,
    0x1ba6, 0x1ba6, 0x1ba6, 0x1ba6, 0x1ba6, 0x1ba6, 0x1ba6, 0x1ba6, 0x1ba6, 0x1ba6, 0x1ba6, 0x1ba6, 0x1ba6, 0x1ba6, 0x1ba6, 0x1ba6,
    0x1ba6, 0x1ba6, 0x1ba6, 0x1ba6, 0x1ba6, 0x1ba6, 0x1ba6, 0x1ba6, 0x1ba6, 0x1ba6, 0x1ba6, 0x1ba6, 0x1ba6, 0x1ba6, 0x1ba6, 0x1ba6,
    0x1ba6, 0x1ba6, 0x1ba6, 0x1ba6, 0x1ba6, 0x1ba6, 0x1ba6, 0x1ba6, 0x1ba6, 0x1ba6, 0x1ba6, 0x1ba6, 0x1ba6, 0x1ba6, 0x1ba6, 0x1ba6,
    0x1ba6, 0x1ba6, 0x1ba6, 0x1ba6, 0x1ba6, 0x1ba6, 0x1ba6, 0x1ba6, 0x1ba6, 0x1ba6, 0x1ba6, 0x1ba6, 0x1ba6, 0x1ba6, 0x1ba6, 0x850d,
    0xae11, 0xf778, 0x1ba6, 0x1ba6, 0x1ba6, 0x1ba6, 0x1ba6, 0x1ba6, 0x1ba6, 0x1ba6, 0x1ba6, 0x1ba6, 0x1ba6, 0x1ba6, 0x1ba6, 0x1ba6,
    0x1ba6, 0x1ba6, 0x1ba6, 0x1ba6, 0x1ba6, 0x1ba6, 0x1ba6, 0x1ba6, 0x1ba6, 0x1ba6, 0x1ba6, 0x1ba6, 0x1ba6, 0xf758, 0xdef6, 0x1ba6,
    0x1ba6, 0x1ba6, 0x1ba6, 0x1ba6, 0x1ba6, 0x1ba6, 0x1ba6, 0x1ba6, 0x1ba6, 0x1ba6, 0x1ba6, 0x1ba6, 0x1ba6, 0x1ba6, 0x1ba6, 0x1ba6,
    0x1ba6, 0x1ba6, 0x1ba6, 0x1ba6, 0x1ba6, 0x1ba6, 0x1ba6, 0x1ba6, 0x1ba6, 0x1ba6, 0x1ba6, 0x1ba6, 0x1ba6, 0x1ba6, 0x1ba6, 0x1ba6,
    0x1ba6, 0x1ba6, 0x1ba6, 0x1ba6, 0x1ba6, 0x1ba6, 0x1ba6, 0x1ba6, 0x1ba6, 0x1ba6, 0x1ba6, 0x1ba6, 0x1ba6, 0x1ba6, 0x1ba6, 0x1ba6,
    0x1ba6, 0x1ba6, 0x1ba6, 0x1ba6, 0x1ba6, 0x1ba6, 0x1ba6, 0x1ba6, 0x1ba6, 0x1ba6, 0x1ba6, 0x1ba6, 0x1ba6, 0x1ba6, 0x1ba6, 0x1ba6,
    0x1ba6, 0x1ba6, 0x1ba6, 0x1ba6, 0x1ba6, 0x1ba6, 0x1ba6, 0x1ba6, 0x1ba6, 0x1ba6, 0x1082, 0x20a2, 0x20c2, 0x20c2, 0x20c2, 0x28e2,
    0x28e2, 0x28e2, 0x28e3, 0x28e2, 0x28e2, 0x20c2, 0x20c2, 0x20c2, 0x18a2, 0x1ba6, 0x1ba6, 0x1ba6, 0x1ba6, 0x1ba6, 0x1ba6, 0x1ba6,
    0x1ba6, 0x1ba6, 0x1ba6, 0x1ba6, 0x1ba6, 0x1ba6, 0x1ba6, 0x1ba6, 0x1ba6, 0x1ba6, 0x1ba6, 0x1ba6, 0x1ba6, 0x1ba6, 0x1ba6, 0x1ba6,
    0x1ba6, 0x1ba6, 0x1ba6, 0x1ba6, 0x1ba6, 0x1ba6, 0x1ba6, 0x1ba6, 0x1ba6, 0x1ba6, 0x1ba6, 0x1ba6, 0x1ba6, 0x1ba6, 0x1ba6, 0x1ba6,
    0x1ba6, 0x1ba6, 0x1ba6, 0x1ba6, 0x1ba6, 0x1ba6, 0x1ba6, 0x1ba6, 0x1ba6, 0x1ba6, 0x1ba6, 0x1ba6, 0x1ba6, 0x1ba6, 0x1ba6, 0x1ba6,
    0x1ba6, 0x1ba6, 0x1ba6, 0x1ba6, 0x1ba6, 0x1ba6, 0x1ba6, 0x1ba6, 0x1ba6, 0x1ba6, 0x1ba6, 0x1ba6, 0x1ba6, 0x1ba6, 0x1ba6, 0x1ba6,
    0x1ba6, 0x1ba6, 0x1ba6, 0x1ba6, 0x1ba6, 0x1ba6, 0x1ba6, 0x1ba6, 0x1ba6, 0x1ba6, 0x1ba6, 0x1ba6, 0x1ba6, 0x1ba6, 0x1ba6, 0x1ba6,
    0x1ba6, 0x1ba6, 0x1ba6, 0x1ba6, 0x1ba6, 0x1ba6, 0x1ba6, 0x1ba6, 0x1ba6, 0x1ba6, 0x1ba6, 0x1ba6, 0x1ba6, 0x1ba6, 0x1ba6, 0x1ba6,
    0x1ba6, 0x1ba6, 0x1ba6, 0x1ba6, 0x1ba6, 0x1ba6, 0x1ba6, 0x1ba6, 0x1ba6, 0x1ba6, 0x1ba6, 0x1ba6, 0x1ba6, 0x1ba6, 0x1ba6, 0x1ba6,
    0x1ba6, 0xdef5, 0xf737, 0xf736, 0x1ba6, 0x1ba6, 0x1ba6, 0x1ba6, 0x1ba6, 0x1ba6, 0x1ba6, 0x1ba6, 0x1ba6, 0x1ba6, 0x1ba6, 0x1ba6,
    0x1ba6, 0x1ba6, 0x1ba6, 0x1ba6, 0x1ba6, 0x1ba6, 0x1ba6, 0x1ba6, 0x1ba6, 0x1ba6, 0x1ba6, 0x1ba6, 0xef17, 0xf758, 0x1ba6, 0x1ba6,
    0x1ba6, 0x1ba6, 0x1ba6, 0x1ba6, 0x1ba6, 0x1ba6, 0x1ba6, 0x1ba6, 0x1ba6, 0x1ba6, 0x1ba6, 0x1ba6, 0x1ba6, 0x1ba6, 0x1ba6, 0x1ba6,
    0x1ba6, 0x1ba6, 0x1ba6, 0x1ba6, 0x1ba6, 0x1ba6, 0x1ba6, 0x1ba6, 0x1ba6, 0x1ba6, 0x1ba6, 0x1ba6, 0x1ba6, 0x1ba6, 0x1ba6, 0x1ba6,
    0x1ba6, 0x1ba6, 0x1ba6, 0x1ba6, 0x1ba6, 0x1ba6, 0x1ba6, 0x1ba6, 0x1ba6, 0x1ba6, 0x1ba6, 0x1ba6, 0x1ba6, 0x1ba6, 0x1ba6, 0x1ba6,
    0x1ba6, 0x1ba6, 0x1ba6, 0x1ba6, 0x1ba6, 0x1ba6, 0x1ba6, 0x1ba6, 0x1ba6, 0x1ba6, 0x1ba6, 0x1ba6, 0x1ba6, 0x1ba6, 0x1ba6, 0x1ba6,
    0x1ba6, 0x1ba6, 0x1ba6, 0x1ba6, 0x1ba6, 0x1ba6, 0x1ba6, 0x1ba6, 0x1ba6, 0x1ba6, 0x1082, 0x0841, 0x1881, 0x20c2, 0x20c2, 0x20c2,
    0x28e3, 0x28e2, 0x28e2, 0x20c2, 0x20c2, 0x20c2, 0x1061, 0x1081, 0x18e2, 0x1ba6, 0x1ba6, 0x1ba6, 0x1ba6, 0x1ba6, 0x1ba6, 0x1ba6,
    0x1ba6, 0x1ba6, 0x1ba6, 0x1ba6, 0x1ba6, 0x1ba6, 0x1ba6, 0x1ba6, 0x1ba6, 0x1ba6, 0x1ba6, 0x1ba6, 0x1ba6, 0x1ba6, 0x1ba6, 0x1ba6,
    0x1ba6, 0x1ba6, 0x1ba6, 0x1ba6, 0x1ba6, 0x1ba6, 0x1ba6, 0x1ba6, 0x1ba6, 0x1ba6, 0x1ba6, 0x1ba6, 0x1ba6, 0x1ba6, 0x1ba6, 0x1ba6,
    0x1ba6, 0x1ba6, 0x1ba6, 0x1ba6, 0x1ba6, 0x1ba6, 0x1ba6, 0x1ba6, 0x1ba6, 0x1ba6, 0x1ba6, 0x1ba6, 0x1ba6, 0x1ba6, 0x1ba6, 0x1ba6,
    0x1ba6, 0x1ba6, 0x1ba6, 0x1ba6, 0x1ba6, 0x1ba6, 0x1ba6, 0x1ba6, 0x1ba6, 0x1ba6, 0x1ba6, 0x1ba6, 0x1ba6, 0x1ba6, 0x1ba6, 0x1ba6,
    0x1ba6, 0x1ba6, 0x1ba6, 0x1ba6, 0x1ba6, 0x1ba6, 0x1ba6, 0x1ba6, 0x1ba6, 0x1ba6, 0x1ba6, 0x1ba6, 0x1ba6, 0x1ba6, 0x1ba6, 0x1ba6,
    0x1ba6, 0x1ba6, 0x1ba6, 0x1ba6, 0x1ba6, 0x1ba6, 0x1ba6, 0x1ba6, 0x1ba6, 0x1ba6, 0x1ba6, 0x1ba6, 0x1ba6, 0x1ba6, 0x1ba6, 0x1ba6,
    0x1ba6, 0x1ba6, 0x1ba6, 0x1ba6, 0x1ba6, 0x1ba6, 0x1ba6, 0x1ba6, 0x1ba6, 0x1ba6, 0x1ba6, 0x1ba6, 0x1ba6, 0x1ba6, 0x1ba6, 0x1ba6,
    0x1ba6, 0x1ba6, 0xf736, 0xff57, 0x1ba6, 0x1ba6, 0x1ba6, 0x1ba6, 0x1ba6, 0x1ba6, 0x1ba6, 0x1ba6, 0x1ba6, 0x1ba6, 0x1ba6, 0x1ba6,
    0x1ba6, 0x1ba6, 0x1ba6, 0x1ba6, 0x1ba6, 0x1ba6, 0x1ba6, 0x1ba6, 0x1ba6, 0x1ba6, 0x1ba6, 0xef16, 0xf716, 0x1ba6, 0x1ba6, 0x1ba6,
    0x1ba6, 0x1ba6, 0x1ba6, 0x1ba6, 0x1ba6, 0x1ba6, 0x1ba6, 0x1ba6, 0x1ba6, 0x1ba6, 0x1ba6, 0x1ba6, 0x1ba6, 0x1ba6, 0x1ba6, 0x1ba6,
    0x1ba6, 0x1ba6, 0x1ba6, 0x1ba6, 0x1ba6, 0x1ba6, 0x1ba6, 0x1ba6, 0x1ba6, 0x1ba6, 0x1ba6, 0x1ba6, 0x1ba6, 0x1ba6, 0x1ba6, 0x1ba6,
    0x1ba6, 0x1ba6, 0x1ba6, 0x1ba6, 0x1ba6, 0x1ba6, 0x1ba6, 0x1ba6, 0x1ba6, 0x1ba6, 0x1ba6, 0x1ba6, 0x1ba6, 0x1ba6, 0x1ba6, 0x1ba6,
    0x1ba6, 0x1ba6, 0x1ba6, 0x1ba6, 0x1ba6, 0x1ba6, 0x1ba6, 0x1ba6, 0x1ba6, 0x1ba6, 0x1ba6, 0x1ba6, 0x1ba6, 0x1ba6, 0x1ba6, 0x1ba6,
    0x1ba6, 0x1ba6, 0x1ba6, 0x1ba6, 0x1ba6, 0x1ba6, 0x1ba6, 0x1ba6, 0x1ba6, 0x1ba6, 0x1081, 0xfcea, 0x8a85, 0x20c2, 0x20c2, 0x20c2,
    0x20c2, 0x20e2, 0x20c2, 0x20c2, 0x20c2, 0x20e2, 0xfd0b, 0xf4c9, 0x18c2, 0x1ba6, 0x1ba6, 0x1ba6, 0x1ba6, 0x1ba6, 0x1ba6, 0x1ba6,
    0x1ba6, 0x1ba6, 0x1ba6, 0x1ba6, 0x1ba6, 0x1ba6, 0x1ba6, 0x1ba6, 0x1ba6, 0x1ba6, 0x1ba6, 0x1ba6, 0x1ba6, 0x1ba6, 0x1ba6, 0x1ba6,
    0x1ba6, 0x1ba6, 0x1ba6, 0x1ba6, 0x1ba6, 0x1ba6, 0x1ba6, 0x1ba6, 0x1ba6, 0x1ba6, 0x1ba6, 0x1ba6, 0x1ba6, 0x1ba6, 0x1ba6, 0x1ba6,
    0x1ba6, 0x1ba6, 0x1ba6, 0x1ba6, 0x1ba6, 0x1ba6, 0x1ba6, 0x1ba6, 0x1ba6, 0x1ba6, 0x1ba6, 0x1ba6, 0x1ba6, 0x1ba6, 0x1ba6, 0x1ba6,
    0x1ba6, 0x1ba6, 0x1ba6, 0x1ba6, 0x1ba6, 0x1ba6, 0x1ba6, 0x1ba6, 0x1ba6, 0x1ba6, 0x1ba6, 0x1ba6, 0x1ba6, 0x1ba6, 0x1ba6, 0x1ba6,
    0x1ba6, 0x1ba6, 0x1ba6, 0x1ba6, 0x1ba6, 0x1ba6, 0x1ba6, 0x1ba6, 0x1ba6, 0x1ba6, 0x1ba6, 0x1ba6, 0x1ba6, 0x1ba6, 0x1ba6, 0x1ba6,
    0x1ba6, 0x1ba6, 0x1ba6, 0x1ba6, 0x1ba6, 0x1ba6, 0x1ba6, 0x1ba6, 0x1ba6, 0x1ba6, 0x1ba6, 0x1ba6, 0x1ba6, 0x1ba6, 0x1ba6, 0x1ba6,
    0x1ba6, 0x1ba6, 0x1ba6, 0x1ba6, 0x1ba6, 0x1ba6, 0x1ba6, 0x1ba6, 0x1ba6, 0x1ba6, 0x1ba6, 0x1ba6, 0x1ba6, 0x1ba6, 0x1ba6, 0x1ba6,
    0x1ba6, 0x1ba6, 0x1ba6, 0xf737, 0xf737, 0x1ba6, 0x1ba6, 0x1ba6, 0x1ba6, 0x1ba6, 0x1ba6, 0x1ba6, 0x1ba6, 0x1ba6, 0x1ba6, 0x1ba6,
    0x1ba6, 0x1ba6, 0x1ba6, 0x1ba6, 0x1ba6, 0x1ba6, 0x1ba6, 0x1ba6, 0x1ba6, 0x9dce, 0xf758, 0xf758, 0x1ba6, 0x1ba6, 0x1ba6, 0x1ba6,
    0x1ba6, 0x1ba6, 0x1ba6, 0x1ba6, 0x1ba6, 0x1ba6, 0x1ba6, 0x1ba6, 0x1ba6, 0x1ba6, 0x1ba6, 0x1ba6, 0x1ba6, 0x1ba6, 0x1ba6, 0x1ba6,
    0x1ba6, 0x1ba6, 0x1ba6, 0x1ba6, 0x1ba6, 0x1ba6, 0x1ba6, 0x1ba6, 0x1ba6, 0x1ba6, 0x1ba6, 0x1ba6, 0x1ba6, 0x1ba6, 0x1ba6, 0x1ba6,
    0x1ba6, 0x1ba6, 0x1ba6, 0x1ba6, 0x1ba6, 0x1ba6, 0x1ba6, 0x1ba6, 0x1ba6, 0x1ba6, 0x1ba6, 0x1ba6, 0x1ba6, 0x1ba6, 0x1ba6, 0x1ba6,
    0x1ba6, 0x1ba6, 0x1ba6, 0x1ba6, 0x1ba6, 0x1ba6, 0x1ba6, 0x1ba6, 0x1ba6, 0x1ba6, 0x1ba6, 0x1ba6, 0x1ba6, 0x1ba6, 0x1ba6, 0x1ba6,
    0x1ba6, 0x1ba6, 0x1ba6, 0x1ba6, 0x1ba6, 0x1ba6, 0x1ba6, 0x1ba6, 0x1ba6, 0x1ba6, 0x1082, 0xfd0a, 0x8245, 0x20a2, 0x20c2, 0x20c2,
    0x20c2, 0x20c2, 0x20c2, 0x20c2, 0x20c2, 0x20e2, 0xfcca, 0xe428, 0x10a2, 0x1ba6, 0x1ba6, 0x1ba6, 0x1ba6, 0x1ba6, 0x1ba6, 0x1ba6,
    0x1ba6, 0x1ba6, 0x1ba6, 0x1ba6, 0x1ba6, 0x1ba6, 0x1ba6, 0x1ba6, 0x1ba6, 0x1ba6, 0x1ba6, 0x1ba6, 0x1ba6, 0x1ba6, 0x1ba6, 0x1ba6,
    0x1ba6, 0x1ba6, 0x1ba6, 0x1ba6, 0x1ba6, 0x1ba6, 0x1ba6, 0x1ba6, 0x1ba6, 0x1ba6, 0x1ba6, 0x1ba6, 0x1ba6, 0x1ba6, 0x1ba6, 0x1ba6,
    0x1ba6, 0x1ba6, 0x1ba6, 0x1ba6, 0x1ba6, 0x1ba6, 0x1ba6, 0x1ba6, 0x1ba6, 0x1ba6, 0x1ba6, 0x1ba6, 0x1ba6, 0x1ba6, 0x1ba6, 0x1ba6,
    0x1ba6, 0x1ba6, 0x1ba6, 0x1ba6, 0x1ba6, 0x1ba6, 0x1ba6, 0x1ba6, 0x1ba6, 0x1ba6, 0x1ba6, 0x1ba6, 0x1ba6, 0x1ba6, 0x1ba6, 0x1ba6,
    0x1ba6, 0x1ba6, 0x1ba6, 0x1ba6, 0x1ba6, 0x1ba6, 0x1ba6, 0x1ba6, 0x1ba6, 0x1ba6, 0x1ba6, 0x1ba6, 0x1ba6, 0x1ba6, 0x1ba6, 0x1ba6,
    0x1ba6, 0x1ba6, 0x1ba6, 0x1ba6, 0x1ba6, 0x1ba6, 0x1ba6, 0x1ba6, 0x1ba6, 0x1ba6, 0x1ba6, 0x1ba6, 0x1ba6, 0x1ba6, 0x1ba6, 0x1ba6,
    0x1ba6, 0x1ba6, 0x1ba6, 0x1ba6, 0x1ba6, 0x1ba6, 0x1ba6, 0x1ba6, 0x1ba6, 0x1ba6, 0x1ba6, 0x1ba6, 0x1ba6, 0x1ba6, 0x1ba6, 0x1ba6,
    0x1ba6, 0x1ba6, 0x1ba6, 0x1ba6, 0xf737, 0xf757, 0xa5ae, 0x1ba6, 0x1ba6, 0x1ba6, 0x1ba6, 0x1ba6, 0x1ba6, 0x1ba6, 0x1ba6, 0x1ba6,
    0x1ba6, 0x1ba6, 0x1ba6, 0x1ba6, 0x1ba6, 0x1ba6, 0x1ba6, 0x1ba6, 0xb610, 0xe715, 0xf757, 0xadf1, 0xae10, 0xadf0, 0xadcf, 0xb5f0,
    0xbe31, 0xbe52, 0xbe31, 0xb631, 0xb610, 0xb611, 0xb631, 0xbe51, 0xbe51, 0xbe51, 0xbe31, 0xbe52, 0xbe72, 0xbe52, 0xb631, 0xbe31,
    0xbe31, 0xc652, 0xc672, 0xbe51, 0xbe31, 0xbe31, 0xbe52, 0xc672, 0xbe52, 0xbe51, 0xbe71, 0xbe71, 0xc651, 0xbe71, 0xc692, 0xc6b3,
    0xc6b3, 0xc6b2, 0xc671, 0xc651, 0xc651, 0xc671, 0xc672, 0xc692, 0xc672, 0xc692, 0xceb2, 0xc6b2, 0xc692, 0xc692, 0xc692, 0xc692,
    0xbe71, 0xb631, 0xb630, 0xbe71, 0xbe72, 0xbe52, 0xbe52, 0xbe31, 0xbe31, 0xbe51, 0xbe52, 0xbe51, 0xbe51, 0xbe51, 0xc672, 0xc672,
    0xc672, 0xc672, 0xbe51, 0xbe51, 0xbe72, 0xbe72, 0xbe52, 0xbe52, 0xc672, 0xc693, 0x18c2, 0x20a2, 0x1881, 0x20c2, 0x20c2, 0x20c2,
    0x20c2, 0x20c2, 0x20c2, 0x20c2, 0x18a2, 0x18a2, 0x20a2, 0x20a2, 0x1082, 0x7c4c, 0xc672, 0xc692, 0xce92, 0xc692, 0xc672, 0xc692,
    0xc692, 0xc692, 0xc692, 0xc6b2, 0xc692, 0xc692, 0xc672, 0xc671, 0xc672, 0xc692, 0xc692, 0xc692, 0xc692, 0xbe71, 0xc672, 0xc672,
    0xc692, 0xc692, 0xce92, 0xc692, 0xce92, 0xc692, 0xc692, 0xc692, 0xc6b2, 0xc6b2, 0xc6b2, 0xc692, 0xc672, 0xb610, 0xb611, 0xb631,
    0xb611, 0xb611, 0xbe31, 0xc652, 0xc672, 0xbe72, 0xc672, 0xc673, 0xbe31, 0xbe51, 0xc672, 0xc652, 0xbe51, 0xbe51, 0xb631, 0xbe31,
    0xbe31, 0xbe51, 0xc672, 0xbe52, 0xbe52, 0xb631, 0xb610, 0xbe31, 0xbe11, 0xb611, 0xbe72, 0xc6b3, 0xc692, 0xc672, 0xbe51, 0xc671,
    0xbe71, 0xbe71, 0xc672, 0xc672, 0xc672, 0xbe71, 0xc671, 0xc692, 0xc692, 0xc692, 0xc692, 0xc692, 0xbe71, 0xc692, 0xc692, 0xc692,
    0xbe71, 0xbe51, 0xbe51, 0xbe71, 0xc672, 0xc692, 0xb631, 0xb611, 0xbe31, 0xbe52, 0xbe52, 0xb651, 0xbe52, 0xc672, 0xbe31, 0xbe31,
    0xb631, 0xbe31, 0xb631, 0xbe51, 0xbe31, 0xbe31, 0xbe51, 0xbe72, 0xc672, 0xbe52, 0xbe52, 0xbe52, 0xbe72, 0xc652, 0xb611, 0xb5f0,
    0xadd0, 0xb610, 0xbe51, 0xbe72, 0xae10, 0xf737, 0xe716, 0xc652, 0x1ba6, 0x1ba6, 0x1ba6, 0x1ba6, 0x1ba6, 0x1ba6, 0x1ba6, 0x1ba6,
    0x1ba6, 0x1ba6, 0x1ba6, 0x1ba6, 0x1ba6, 0x1ba6, 0x1ba6, 0x1ba6, 0xff78, 0xff98, 0xf778, 0xff99, 0xffb9, 0xff98, 0xf777, 0xff98,
    0xff98, 0xff98, 0xff99, 0xff98, 0xff78, 0xff78, 0xff98, 0xff98, 0xff99, 0xff99, 0xffb9, 0xff99, 0xffb9, 0xff99, 0xff99, 0xff99,
    0xff78, 0xff98, 0xffb9, 0xffb8, 0xff98, 0xff98, 0xff99, 0xffb9, 0xff99, 0xff98, 0xff78, 0xff78, 0xff78, 0xff98, 0xff99, 0xffb9,
    0xffb9, 0xffb9, 0xff98, 0xff98, 0xff78, 0xff98, 0xff98, 0xff98, 0xff99, 0xff99, 0xffb9, 0xff99, 0xff98, 0xff98, 0xff98, 0xf798,
    0xf778, 0xf777, 0xff77, 0xff98, 0xff98, 0xff99, 0xffb9, 0xff98, 0xff78, 0xff98, 0xff99, 0xff99, 0xff98, 0xff99, 0xffb9, 0xff99,
    0xff98, 0xff78, 0xff78, 0xf778, 0xff98, 0xff99, 0xff99, 0xff99, 0xff98, 0xff99, 0xfffc, 0x18c2, 0x18a2, 0x20c2, 0x20c2, 0x20c2,
    0x20c2, 0x20c2, 0x20a2, 0x18a2, 0x1081, 0x0841, 0x10a2, 0x18c2, 0x1ba6, 0xff9a, 0xffba, 0xffba, 0xff99, 0xff78, 0xff98, 0xff99,
    0xff99, 0xff99, 0xff99, 0xff99, 0xff98, 0xff98, 0xff98, 0xff99, 0xff99, 0xff99, 0xff99, 0xff99, 0xff99, 0xff99, 0xff99, 0xff99,
    0xffb9, 0xff99, 0xff99, 0xff99, 0xff99, 0xff98, 0xff98, 0xff99, 0xff99, 0xff99, 0xffb9, 0xff98, 0xf778, 0xf778, 0xff99, 0xff99,
    0xff98, 0xff78, 0xff98, 0xffb9, 0xffb9, 0xffb9, 0xff99, 0xff99, 0xff99, 0xff98, 0xff98, 0xff98, 0xff99, 0xff99, 0xff99, 0xff78,
    0xff98, 0xffb9, 0xff99, 0xff99, 0xff99, 0xff98, 0xff98, 0xff98, 0xff78, 0xff98, 0xffb9, 0xffb9, 0xffb9, 0xff78, 0xf778, 0xff98,
    0xff98, 0xff98, 0xff98, 0xff99, 0xff98, 0xff78, 0xff99, 0xff99, 0xff98, 0xff98, 0xff99, 0xff99, 0xff99, 0xff99, 0xff99, 0xff99,
    0xff98, 0xff78, 0xff79, 0xff79, 0xff99, 0xff78, 0xff78, 0xff78, 0xff98, 0xffb9, 0xffb9, 0xff99, 0xff99, 0xff99, 0xff99, 0xff98,
    0xff98, 0xff98, 0xff78, 0xff99, 0xff98, 0xff98, 0xff99, 0xff99, 0xff99, 0xff99, 0xff99, 0xff99, 0xff98, 0xff98, 0xff78, 0xf778,
    0xf758, 0xf778, 0xff98, 0xff99, 0xf778, 0xf777, 0xf778, 0xf778, 0x1ba6, 0x1ba6, 0x1ba6, 0x1ba6, 0x1ba6, 0x1ba6, 0x1ba6, 0x1ba6,
    0x1ba6, 0x1ba6, 0x1ba6, 0x1ba6, 0x1ba6, 0x1ba6, 0x1ba6, 0x1ba6, 0x1ba6, 0x1ba6, 0x1ba6, 0x1ba6, 0x1ba6, 0x1ba6, 0x1ba6, 0x1ba6,
    0x1ba6, 0x1ba6, 0x1ba6, 0x1ba6, 0x1ba6, 0x1ba6, 0x1ba6, 0x1ba6, 0x1ba6, 0x1ba6, 0x1ba6, 0x1ba6, 0x1ba6, 0x1ba6, 0x1ba6, 0x1ba6,
    0x1ba6, 0x1ba6, 0x1ba6, 0x1ba6, 0x1ba6, 0x1ba6, 0x1ba6, 0x1ba6, 0x1ba6, 0x1ba6, 0x1ba6, 0x1ba6, 0x1ba6, 0x1ba6, 0x1ba6, 0x1ba6,
    0x1ba6, 0x1ba6, 0x1ba6, 0x1ba6, 0x1ba6, 0x1ba6, 0x1ba6, 0x1ba6, 0x1ba6, 0x1ba6, 0x1ba6, 0x1ba6, 0x1ba6, 0x1ba6, 0x1ba6, 0x1ba6,
    0x1ba6, 0x1ba6, 0x1ba6, 0x1ba6, 0x1ba6, 0x1ba6, 0x1ba6, 0x1ba6, 0x1ba6, 0x1ba6, 0x1ba6, 0x1ba6, 0x1ba6, 0x1ba6, 0x1ba6, 0x1ba6,
    0x1ba6, 0x1ba6, 0x1ba6, 0x1ba6, 0x1ba6, 0x1ba6, 0x1ba6, 0x1ba6, 0x1ba6, 0x1ba6, 0x1ba6, 0x10e2, 0x18c2, 0x20c2, 0x20c2, 0x28e2,
    0x20c2, 0x20c2, 0x18a2, 0x20c2, 0x3943, 0xebe5, 0x1081, 0x10c2, 0x1ba6, 0x1ba6, 0x1ba6, 0x1ba6, 0x1ba6, 0x1ba6, 0x1ba6, 0x1ba6,
    0x1ba6, 0x1ba6, 0x1ba6, 0x1ba6, 0x1ba6, 0x1ba6, 0x1ba6, 0x1ba6, 0x1ba6, 0x1ba6, 0x1ba6, 0x1ba6, 0x1ba6, 0x1ba6, 0x1ba6, 0x1ba6,
    0x1ba6, 0x1ba6, 0x1ba6, 0x1ba6, 0x1ba6, 0x1ba6, 0x1ba6, 0x1ba6, 0x1ba6, 0x1ba6, 0x1ba6, 0x1ba6, 0x1ba6, 0x1ba6, 0x1ba6, 0x1ba6,
    0x1ba6, 0x1ba6, 0x1ba6, 0x1ba6, 0x1ba6, 0x1ba6, 0x1ba6, 0x1ba6, 0x1ba6, 0x1ba6, 0x1ba6, 0x1ba6, 0x1ba6, 0x1ba6, 0x1ba6, 0x1ba6,
    0x1ba6, 0x1ba6, 0x1ba6, 0x1ba6, 0x1ba6, 0x1ba6, 0x1ba6, 0x1ba6, 0x1ba6, 0x1ba6, 0x1ba6, 0x1ba6, 0x1ba6, 0x1ba6, 0x1ba6, 0x1ba6,
    0x1ba6, 0x1ba6, 0x1ba6, 0x1ba6, 0x1ba6, 0x1ba6, 0x1ba6, 0x1ba6, 0x1ba6, 0x1ba6, 0x1ba6, 0x1ba6, 0x1ba6, 0x1ba6, 0x1ba6, 0x1ba6,
    0x1ba6, 0x1ba6, 0x1ba6, 0x1ba6, 0x1ba6, 0x1ba6, 0x1ba6, 0x1ba6, 0x1ba6, 0x1ba6, 0x1ba6, 0x1ba6, 0x1ba6, 0x1ba6, 0x1ba6, 0x1ba6,
    0x1ba6, 0x1ba6, 0x1ba6, 0x1ba6, 0x1ba6, 0x1ba6, 0x1ba6, 0x1ba6, 0x1ba6, 0x1ba6, 0x1ba6, 0x1ba6, 0x1ba6, 0x1ba6, 0x1ba6, 0x1ba6,
    0x1ba6, 0x1ba6, 0x1ba6, 0x1ba6, 0x1ba6, 0x1ba6, 0x1ba6, 0x1ba6, 0x1ba6, 0x1ba6, 0x1ba6, 0x1ba6, 0x1ba6, 0x1ba6, 0x1ba6, 0x1ba6,
    0x1ba6, 0x1ba6, 0x1ba6, 0x1ba6, 0x1ba6, 0x1ba6, 0x1ba6, 0x1ba6, 0x1ba6, 0x1ba6, 0x1ba6, 0x1ba6, 0x1ba6, 0x1ba6, 0x1ba6, 0x1ba6,
    0x1ba6, 0x1ba6, 0x1ba6, 0x1ba6, 0x1ba6, 0x1ba6, 0x1ba6, 0x1ba6, 0x1ba6, 0x1ba6, 0x1ba6, 0x1ba6, 0x1ba6, 0x1ba6, 0x1ba6, 0x1ba6,
    0x1ba6, 0x1ba6, 0x1ba6, 0x1ba6, 0x1ba6, 0x1ba6, 0x1ba6, 0x1ba6, 0x1ba6, 0x1ba6, 0x1ba6, 0x1ba6, 0x1ba6, 0x1ba6, 0x1ba6, 0x1ba6,
    0x1ba6, 0x1ba6, 0x1ba6, 0x1ba6, 0x1ba6, 0x1ba6, 0x1ba6, 0x1ba6, 0x1ba6, 0x1ba6, 0x1ba6, 0x1ba6, 0x1ba6, 0x1ba6, 0x1ba6, 0x1ba6,
    0x1ba6, 0x1ba6, 0x1ba6, 0x1ba6, 0x1ba6, 0x1ba6, 0x1ba6, 0x1ba6, 0x1ba6, 0x1ba6, 0x1ba6, 0x1ba6, 0x1ba6, 0x1ba6, 0x1ba6, 0x1ba6,
    0x1ba6, 0x1ba6, 0x1ba6, 0x1ba6, 0x1ba6, 0x1ba6, 0x1ba6, 0x1ba6, 0x1ba6, 0x1ba6, 0x1ba6, 0x10c2, 0x18c2, 0xfd6b, 0xfd2b, 0xfd6b,
    0xfd4b, 0xfd0a, 0xfd2b, 0xfd6c, 0x82c6, 0x0861, 0x10c2, 0x1ba6, 0x1ba6, 0x1ba6, 0x1ba6, 0x1ba6, 0x1ba6, 0x1ba6, 0x1ba6, 0x1ba6,
    0x1ba6, 0x1ba6, 0x1ba6, 0x1ba6, 0x1ba6, 0x1ba6, 0x1ba6, 0x1ba6, 0x1ba6, 0x1ba6, 0x1ba6, 0x1ba6, 0x1ba6, 0x1ba6, 0x1ba6, 0x1ba6,
    0x1ba6, 0x1ba6, 0x1ba6, 0x1ba6, 0x1ba6, 0x1ba6, 0x1ba6, 0x1ba6, 0x1ba6, 0x1ba6, 0x1ba6, 0x1ba6, 0x1ba6, 0x1ba6, 0x1ba6, 0x1ba6,
    0x1ba6, 0x1ba6, 0x1ba6, 0x1ba6, 0x1ba6, 0x1ba6, 0x1ba6, 0x1ba6, 0x1ba6, 0x1ba6, 0x1ba6, 0x1ba6, 0x1ba6, 0x1ba6, 0x1ba6, 0x1ba6,
    0x1ba6, 0x1ba6, 0x1ba6, 0x1ba6, 0x1ba6, 0x1ba6, 0x1ba6, 0x1ba6, 0x1ba6, 0x1ba6, 0x1ba6, 0x1ba6, 0x1ba6, 0x1ba6, 0x1ba6, 0x1ba6,
    0x1ba6, 0x1ba6, 0x1ba6, 0x1ba6, 0x1ba6, 0x1ba6, 0x1ba6, 0x1ba6, 0x1ba6, 0x1ba6, 0x1ba6, 0x1ba6, 0x1ba6, 0x1ba6, 0x1ba6, 0x1ba6,
    0x1ba6, 0x1ba6, 0x1ba6, 0x1ba6, 0x1ba6, 0x1ba6, 0x1ba6, 0x1ba6, 0x1ba6, 0x1ba6, 0x1ba6, 0x1ba6, 0x1ba6, 0x1ba6, 0x1ba6, 0x1ba6,
    0x1ba6, 0x1ba6, 0x1ba6, 0x1ba6, 0x1ba6, 0x1ba6, 0x1ba6, 0x1ba6, 0x1ba6, 0x1ba6, 0x1ba6, 0x1ba6, 0x1ba6, 0x1ba6, 0x1ba6, 0x1ba6,
    0x1ba6, 0x1ba6, 0x1ba6, 0x1ba6, 0x1ba6, 0x1ba6, 0x1ba6, 0x1ba6, 0x1ba6, 0x1ba6, 0x1ba6, 0x1ba6, 0x1ba6, 0x1ba6, 0x1ba6, 0x1ba6,
    0x1ba6, 0x1ba6, 0x1ba6, 0x1ba6, 0x1ba6, 0x1ba6, 0x1ba6, 0x1ba6, 0x1ba6, 0x1ba6, 0x1ba6, 0x1ba6, 0x1ba6, 0x1ba6, 0x1ba6, 0x1ba6,
    0x1ba6, 0x1ba6, 0x1ba6, 0x1ba6, 0x1ba6, 0x1ba6, 0x1ba6, 0x1ba6, 0x1ba6, 0x1ba6, 0x1ba6, 0x1ba6, 0x1ba6, 0x1ba6, 0x1ba6, 0x1ba6,
    0x1ba6, 0x1ba6, 0x1ba6, 0x1ba6, 0x1ba6, 0x1ba6, 0x1ba6, 0x1ba6, 0x1ba6, 0x1ba6, 0x1ba6, 0x1ba6, 0x1ba6, 0x1ba6, 0x1ba6, 0x1ba6,
    0x1ba6, 0x1ba6, 0x1ba6, 0x1ba6, 0x1ba6, 0x1ba6, 0x1ba6, 0x1ba6, 0x1ba6, 0x1ba6, 0x1ba6, 0x1ba6, 0x1ba6, 0x1ba6, 0x1ba6, 0x1ba6,
    0x1ba6, 0x1ba6, 0x1ba6, 0x1ba6, 0x1ba6, 0x1ba6, 0x1ba6, 0x1ba6, 0x1ba6, 0x1ba6, 0x1ba6, 0x1ba6, 0x1ba6, 0x1ba6, 0x1ba6, 0x1ba6,
    0x1ba6, 0x1ba6, 0x1ba6, 0x1ba6, 0x1ba6, 0x1ba6, 0x1ba6, 0x1ba6, 0x1ba6, 0x1ba6, 0x1ba6, 0x10a2, 0x18e2, 0xfd6b, 0xfd0a, 0xfd2a,
    0xfd0a, 0xf4ea, 0xf50a, 0xf54b, 0x8ac6, 0x18a2, 0x1983, 0x1ba6, 0x1ba6, 0x1ba6, 0x1ba6, 0x1ba6, 0x1ba6, 0x1ba6, 0x1ba6, 0x1ba6,
    0x1ba6, 0x1ba6, 0x1ba6, 0x1ba6, 0x1ba6, 0x1ba6, 0x1ba6, 0x1ba6, 0x1ba6, 0x1ba6, 0x1ba6, 0x1ba6, 0x1ba6, 0x1ba6, 0x1ba6, 0x1ba6,
    0x1ba6, 0x1ba6, 0x1ba6, 0x1ba6, 0x1ba6, 0x1ba6, 0x1ba6, 0x1ba6, 0x1ba6, 0x1ba6, 0x1ba6, 0x1ba6, 0x1ba6, 0x1ba6, 0x1ba6, 0x1ba6,
    0x1ba6, 0x1ba6, 0x1ba6, 0x1ba6, 0x1ba6, 0x1ba6, 0x1ba6, 0x1ba6, 0x1ba6, 0x1ba6, 0x1ba6, 0x1ba6, 0x1ba6, 0x1ba6, 0x1ba6, 0x1ba6,
    0x1ba6, 0x1ba6, 0x1ba6, 0x1ba6, 0x1ba6, 0x1ba6, 0x1ba6, 0x1ba6, 0x1ba6, 0x1ba6, 0x1ba6, 0x1ba6, 0x1ba6, 0x1ba6, 0x1ba6, 0x1ba6,
    0x1ba6, 0x1ba6, 0x1ba6, 0x1ba6, 0x1ba6, 0x1ba6, 0x1ba6, 0x1ba6, 0x1ba6, 0x1ba6, 0x1ba6, 0x1ba6, 0x1ba6, 0x1ba6, 0x1ba6, 0x1ba6,
    0x1ba6, 0x1ba6, 0x1ba6, 0x1ba6, 0x1ba6, 0x1ba6, 0x1ba6, 0x1ba6, 0x1ba6, 0x1ba6, 0x1ba6, 0x1ba6, 0x1ba6, 0x1ba6, 0x1ba6, 0x1ba6,
    0x1ba6, 0x1ba6, 0x1ba6, 0x1ba6, 0x1ba6, 0x1ba6, 0x1ba6, 0x1ba6, 0x1ba6, 0x1ba6, 0x1ba6, 0x1ba6, 0x1ba6, 0x1ba6, 0x1ba6, 0x1ba6,
    0x1ba6, 0x1ba6, 0x1ba6, 0x1ba6, 0x1ba6, 0x1ba6, 0x1ba6, 0x1ba6, 0x1ba6, 0x1ba6, 0x1ba6, 0x1ba6, 0x1ba6, 0x1ba6, 0x1ba6, 0x1ba6,
    0x1ba6, 0x1ba6, 0x1ba6, 0x1ba6, 0x1ba6, 0x1ba6, 0x1ba6, 0x1ba6, 0x1ba6, 0x1ba6, 0x1ba6, 0x1ba6, 0x1ba6, 0x1ba6, 0x1ba6, 0x1ba6,
    0x1ba6, 0x1ba6, 0x1ba6, 0x1ba6, 0x1ba6, 0x1ba6, 0x1ba6, 0x1ba6, 0x1ba6, 0x1ba6, 0x1ba6, 0x1ba6, 0x1ba6, 0x1ba6, 0x1ba6, 0x1ba6,
    0x1ba6, 0x1ba6, 0x1ba6, 0x1ba6, 0x1ba6, 0x1ba6, 0x1ba6, 0x1ba6, 0x1ba6, 0x1ba6, 0x1ba6, 0x1ba6, 0x1ba6, 0x1ba6, 0x1ba6, 0x1ba6,
    0x1ba6, 0x1ba6, 0x1ba6, 0x1ba6, 0x1ba6, 0x1ba6, 0x1ba6, 0x1ba6, 0x1ba6, 0x1ba6, 0x1ba6, 0x1ba6, 0x1ba6, 0x1ba6, 0x1ba6, 0x1ba6,
    0x1ba6, 0x1ba6, 0x1ba6, 0x1ba6, 0x1ba6, 0x1ba6, 0x1ba6, 0x1ba6, 0x1ba6, 0x1ba6, 0x1ba6, 0x1ba6, 0x1ba6, 0x1ba6, 0x1ba6, 0x1ba6,
    0x1ba6, 0x1ba6, 0x1ba6, 0x1ba6, 0x1ba6, 0x1ba6, 0x0861, 0x10a2, 0x18c2, 0x18c2, 0x1081, 0xe9c4, 0xe9e4, 0xd1a4, 0xc983, 0xc963,
    0xc163, 0xc983, 0xc9a3, 0xc9a3, 0xb983, 0x18c2, 0x18c2, 0x10a2, 0x10a1, 0x0881, 0x1ba6, 0x1ba6, 0x1ba6, 0x1ba6, 0x1ba6, 0x1ba6,
    0x1ba6, 0x1ba6, 0x1ba6, 0x1ba6, 0x1ba6, 0x1ba6, 0x1ba6, 0x1ba6, 0x1ba6, 0x1ba6, 0x1ba6, 0x1ba6, 0x1ba6, 0x1ba6, 0x1ba6, 0x1ba6,
    0x1ba6, 0x1ba6, 0x1ba6, 0x1ba6, 0x1ba6, 0x1ba6, 0x1ba6, 0x1ba6, 0x1ba6, 0x1ba6, 0x1ba6, 0x1ba6, 0x1ba6, 0x1ba6, 0x1ba6, 0x1ba6,
    0x1ba6, 0x1ba6, 0x1ba6, 0x1ba6, 0x1ba6, 0x1ba6, 0x1ba6, 0x1ba6, 0x1ba6, 0x1ba6, 0x1ba6, 0x1ba6, 0x1ba6, 0x1ba6, 0x1ba6, 0x1ba6,
    0x1ba6, 0x1ba6, 0x1ba6, 0x1ba6, 0x1ba6, 0x1ba6, 0x1ba6, 0x1ba6, 0x1ba6, 0x1ba6, 0x1ba6, 0x1ba6, 0x1ba6, 0x1ba6, 0x1ba6, 0x1ba6,
    0x1ba6, 0x1ba6, 0x1ba6, 0x1ba6, 0x1ba6, 0x1ba6, 0x1ba6, 0x1ba6, 0x1ba6, 0x1ba6, 0x1ba6, 0x1ba6, 0x1ba6, 0x1ba6, 0x1ba6, 0x1ba6,
    0x1ba6, 0x1ba6, 0x1ba6, 0x1ba6, 0x1ba6, 0x1ba6, 0x1ba6, 0x1ba6, 0x1ba6, 0x1ba6, 0x1ba6, 0x1ba6, 0x1ba6, 0x1ba6, 0x1ba6, 0x1ba6,
    0x1ba6, 0x1ba6, 0x1ba6, 0x1ba6, 0x1ba6, 0x1ba6, 0x1ba6, 0x1ba6, 0x1ba6, 0x1ba6, 0x1ba6, 0x1ba6, 0x1ba6, 0x1ba6, 0x1ba6, 0x1ba6,
    0x1ba6, 0x1ba6, 0x1ba6, 0x1ba6, 0x1ba6, 0x1ba6, 0x1ba6, 0x1ba6, 0x1ba6, 0x1ba6, 0x1ba6, 0x1ba6, 0x1ba6, 0x1ba6, 0x1ba6, 0x1ba6,
    0x1ba6, 0x1ba6, 0x1ba6, 0x1ba6, 0x1ba6, 0x1ba6, 0x1ba6, 0x1ba6, 0x1ba6, 0x1ba6, 0x1ba6, 0x1ba6, 0x1ba6, 0x1ba6, 0x1ba6, 0x1ba6,
    0x1ba6, 0x1ba6, 0x1ba6, 0x1ba6, 0x1ba6, 0x1ba6, 0x1ba6, 0x1ba6, 0x1ba6, 0x1ba6, 0x1ba6, 0x1ba6, 0x1ba6, 0x1ba6, 0x1ba6, 0x1ba6,
    0x1ba6, 0x1ba6, 0x1ba6, 0x1ba6, 0x1ba6, 0x1ba6, 0x1ba6, 0x1ba6, 0x1ba6, 0x1ba6, 0x1ba6, 0x1ba6, 0x1ba6, 0x1ba6, 0x1ba6, 0x1ba6,
    0x1ba6, 0x1ba6, 0x1ba6, 0x1ba6, 0x1ba6, 0x1ba6, 0x1ba6, 0x1ba6, 0x1ba6, 0x1ba6, 0x1ba6, 0x1ba6, 0x1ba6, 0x1ba6, 0x1ba6, 0x1ba6,
    0x1ba6, 0x1ba6, 0x1ba6, 0x1ba6, 0x1ba6, 0x1ba6, 0x1ba6, 0x1ba6, 0x1ba6, 0x1ba6, 0x1ba6, 0x1ba6, 0x1ba6, 0x1ba6, 0x1ba6, 0x1ba6,
    0x1ba6, 0x1ba6, 0x1ba6, 0x1ba6, 0x1ba6, 0x1ba6, 0x0882, 0x0882, 0x28c2, 0x28c2, 0x28c2, 0xe1e3, 0xd9e3, 0xd1c3, 0xd1a3, 0xc9a3,
    0xc9a3, 0xd1a3, 0xd1c3, 0xc9a3, 0xa964, 0x18a2, 0x20c2, 0x20c2, 0x1082, 0x1061, 0x1ba6, 0x1ba6, 0x1ba6, 0x1ba6, 0x1ba6, 0x1ba6,
    0x1ba6, 0x1ba6, 0x1ba6, 0x1ba6, 0x1ba6, 0x1ba6, 0x1ba6, 0x1ba6, 0x1ba6, 0x1ba6, 0x1ba6, 0x1ba6, 0x1ba6, 0x1ba6, 0x1ba6, 0x1ba6,
    0x1ba6, 0x1ba6, 0x1ba6, 0x1ba6, 0x1ba6, 0x1ba6, 0x1ba6, 0x1ba6, 0x1ba6, 0x1ba6, 0x1ba6, 0x1ba6, 0x1ba6, 0x1ba6, 0x1ba6, 0x1ba6,
    0x1ba6, 0x1ba6, 0x1ba6, 0x1ba6, 0x1ba6, 0x1ba6, 0x1ba6, 0x1ba6, 0x1ba6, 0x1ba6, 0x1ba6, 0x1ba6, 0x1ba6, 0x1ba6, 0x1ba6, 0x1ba6,
    0x1ba6, 0x1ba6, 0x1ba6, 0x1ba6, 0x1ba6, 0x1ba6, 0x1ba6, 0x1ba6, 0x1ba6, 0x1ba6, 0x1ba6, 0x1ba6, 0x1ba6, 0x1ba6, 0x1ba6, 0x1ba6,
    0x1ba6, 0x1ba6, 0x1ba6, 0x1ba6, 0x1ba6, 0x1ba6, 0x1ba6, 0x1ba6, 0x1ba6, 0x1ba6, 0x1ba6, 0x1ba6, 0x1ba6, 0x1ba6, 0x1ba6, 0x1ba6,
    0x1ba6, 0x1ba6, 0x1ba6, 0x1ba6, 0x1ba6, 0x1ba6, 0x1ba6, 0x1ba6, 0x1ba6, 0x1ba6, 0x1ba6, 0x1ba6, 0x1ba6, 0x1ba6, 0x1ba6, 0x1ba6,
    0x1ba6, 0x1ba6, 0x1ba6, 0x1ba6, 0x1ba6, 0x1ba6, 0x1ba6, 0x1ba6, 0x1ba6, 0x1ba6, 0x1ba6, 0x1ba6, 0x1ba6, 0x1ba6, 0x1ba6, 0x1ba6,
    0x1ba6, 0x1ba6, 0x1ba6, 0x1ba6, 0x1ba6, 0x1ba6, 0x1ba6, 0x1ba6, 0x1ba6, 0x1ba6, 0x1ba6, 0x1ba6, 0x1ba6, 0x1ba6, 0x1ba6, 0x1ba6,
    0x1ba6, 0x1ba6, 0x1ba6, 0x1ba6, 0x1ba6, 0x1ba6, 0x1ba6, 0x1ba6, 0x1ba6, 0x1ba6, 0x1ba6, 0x1ba6, 0x1ba6, 0x1ba6, 0x1ba6, 0x1ba6,
    0x1ba6, 0x1ba6, 0x1ba6, 0x1ba6, 0x1ba6, 0x1ba6, 0x1ba6, 0x1ba6, 0x1ba6, 0x1ba6, 0x1ba6, 0x1ba6, 0x1ba6, 0x1ba6, 0x1ba6, 0x1ba6,
    0x1ba6, 0x1ba6, 0x1ba6, 0x1ba6, 0x1ba6, 0x1ba6, 0x1ba6, 0x1ba6, 0x1ba6, 0x1ba6, 0x1ba6, 0x1ba6, 0x1ba6, 0x1ba6, 0x1ba6, 0x1ba6,
    0x1ba6, 0x1ba6, 0x1ba6, 0x1ba6, 0x1ba6, 0x1ba6, 0x1ba6, 0x1ba6, 0x1ba6, 0x1ba6, 0x1ba6, 0x1ba6, 0x1ba6, 0x1ba6, 0x1ba6, 0x1ba6,
    0x1ba6, 0x1ba6, 0x1ba6, 0x1ba6, 0x1ba6, 0x1ba6, 0x1ba6, 0x1ba6, 0x1ba6, 0x1ba6, 0x1ba6, 0x1ba6, 0x1ba6, 0x1ba6, 0x1ba6, 0x1ba6,
    0x1ba6, 0x1ba6, 0x1ba6, 0x0882, 0x10a2, 0x18e3, 0xe1e3, 0xd9e4, 0xda04, 0xe224, 0xe224, 0xda04, 0xda04, 0xda04, 0xda04, 0xd9e4,
    0xda04, 0xda04, 0xda04, 0xd9e4, 0xd1e4, 0xda03, 0xe224, 0xda24, 0xd9e4, 0xd9e3, 0x1061, 0x1081, 0x10c2, 0x1ba6, 0x1ba6, 0x1ba6,
    0x1ba6, 0x1ba6, 0x1ba6, 0x1ba6, 0x1ba6, 0x1ba6, 0x1ba6, 0x1ba6, 0x1ba6, 0x1ba6, 0x1ba6, 0x1ba6, 0x1ba6, 0x1ba6, 0x1ba6, 0x1ba6,
    0x1ba6, 0x1ba6, 0x1ba6, 0x1ba6, 0x1ba6, 0x1ba6, 0x1ba6, 0x1ba6, 0x1ba6, 0x1ba6, 0x1ba6, 0x1ba6, 0x1ba6, 0x1ba6, 0x1ba6, 0x1ba6,
    0x1ba6, 0x1ba6, 0x1ba6, 0x1ba6, 0x1ba6, 0x1ba6, 0x1ba6, 0x1ba6, 0x1ba6, 0x1ba6, 0x1ba6, 0x1ba6, 0x1ba6, 0x1ba6, 0x1ba6, 0x1ba6,
    0x1ba6, 0x1ba6, 0x1ba6, 0x1ba6, 0x1ba6, 0x1ba6, 0x1ba6, 0x1ba6, 0x1ba6, 0x1ba6, 0x1ba6, 0x1ba6, 0x1ba6, 0x1ba6, 0x1ba6, 0x1ba6,
    0x1ba6, 0x1ba6, 0x1ba6, 0x1ba6, 0x1ba6, 0x1ba6, 0x1ba6, 0x1ba6, 0x1ba6, 0x1ba6, 0x1ba6, 0x1ba6, 0x1ba6, 0x1ba6, 0x1ba6, 0x1ba6,
    0x1ba6, 0x1ba6, 0x1ba6, 0x1ba6, 0x1ba6, 0x1ba6, 0x1ba6, 0x1ba6, 0x1ba6, 0x1ba6, 0x1ba6, 0x1ba6, 0x1ba6, 0x1ba6, 0x1ba6, 0x1ba6,
    0x1ba6, 0x1ba6, 0x1ba6, 0x1ba6, 0x1ba6, 0x1ba6, 0x1ba6, 0x1ba6, 0x1ba6, 0x1ba6, 0x1ba6, 0x1ba6, 0x1ba6, 0x1ba6, 0x1ba6, 0x1ba6,
    0x1ba6, 0x1ba6, 0x1ba6, 0x1ba6, 0x1ba6, 0x1ba6, 0x1ba6, 0x1ba6, 0x1ba6, 0x1ba6, 0x1ba6, 0x1ba6, 0x1ba6, 0x1ba6, 0x1ba6, 0x1ba6,
    0x2c87, 0x2c87, 0x2c87, 0x2c87, 0x2c87, 0x2c87, 0x2c87, 0x2c87, 0x2c87, 0x2c87, 0x2c87, 0x2c87, 0x2c87, 0x2c87, 0x2c87, 0x2c87,
    0x2c87, 0x2c87, 0x2c87, 0x2c87, 0x2c87, 0x2c87, 0x2c87, 0x2c87, 0x2c87, 0x2c87, 0x2c87, 0x2c87, 0x2c87, 0x2c87, 0x2c87, 0x2c87,
    0x2c87, 0x2c87, 0x2c87, 0x2c87, 0x2c87, 0x2c87, 0x2c87, 0x2c87, 0x2c87, 0x2c87, 0x2c87, 0x2c87, 0x2c87, 0x2c87, 0x2c87, 0x2c87,
    0x2c87, 0x2c87, 0x2c87, 0x2c87, 0x2c87, 0x2c87, 0x2c87, 0x2c87, 0x2c87, 0x2c87, 0x2c87, 0x2c87, 0x2c87, 0x2c87, 0x2c87, 0x2c87,
    0x2c87, 0x2c87, 0x2c87, 0x2c87, 0x2c87, 0x2c87, 0x2c87, 0x2c87, 0x2c87, 0x2c87, 0x2c87, 0x2c87, 0x2c87, 0x2c87, 0x2c87, 0x2c87,
    0x2c87, 0x10e2, 0x18c3, 0x5902, 0xe204, 0xe244, 0xe224, 0xda04, 0xda04, 0xda04, 0xda04, 0xda04, 0xda04, 0xda04, 0xda04, 0xda04,
    0xda04, 0xda04, 0xda03, 0xda04, 0xda04, 0xda04, 0xda04, 0xda04, 0xd9e4, 0xd1c3, 0xca24, 0xda44, 0xea24, 0x1943, 0x2183, 0x2c87,
    0x2c87, 0x2c87, 0x2c87, 0x2c87, 0x2c87, 0x2c87, 0x2c87, 0x2c87, 0x2c87, 0x2c87, 0x2c87, 0x2c87, 0x2c87, 0x2c87, 0x2c87, 0x2c87,
    0x2c87, 0x2c87, 0x2c87, 0x2c87, 0x2c87, 0x2c87, 0x2c87, 0x2c87, 0x2c87, 0x2c87, 0x2c87, 0x2c87, 0x2c87, 0x2c87, 0x2c87, 0x2c87,
    0x2c87, 0x2c87, 0x2c87, 0x2c87, 0x2c87, 0x2c87, 0x2c87, 0x2c87, 0x2c87, 0x2c87, 0x2c87, 0x2c87, 0x2c87, 0x2c87, 0x2c87, 0x2c87,
    0x2c87, 0x2c87, 0x2c87, 0x2c87, 0x2c87, 0x2c87, 0x2c87, 0x2c87, 0x2c87, 0x2c87, 0x2c87, 0x2c87, 0x2c87, 0x2c87, 0x2c87, 0x2c87,
    0x2c87, 0x2c87, 0x2c87, 0x2c87, 0x2c87, 0x2c87, 0x2c87, 0x2c87, 0x2c87, 0x2c87, 0x2c87, 0x2c87, 0x2c87, 0x2c87, 0x2c87, 0x2c87,
    0x2c87, 0x2c87, 0x2c87, 0x2c87, 0x2c87, 0x2c87, 0x2c87, 0x2c87, 0x2c87, 0x2c87, 0x2c87, 0x2c87, 0x2c87, 0x2c87, 0x2c87, 0x2c87,
    0x2c87, 0x2c87, 0x2c87, 0x2c87, 0x2c87, 0x2c87, 0x2c87, 0x2c87, 0x2c87, 0x2c87, 0x2c87, 0x2c87, 0x2c87, 0x2c87, 0x2c87, 0x2c87,
    0x2c87, 0x2c87, 0x2c87, 0x2c87, 0x2c87, 0x2c87, 0x2c87, 0x2c87, 0x2c87, 0x2c87, 0x2c87, 0x2c87, 0x2c87, 0x2c87, 0x2c87, 0x2c87,
    0x2c87, 0x2c87, 0x2c87, 0x2c87, 0x2c87, 0x2c87, 0x2c87, 0x2c87, 0x2c87, 0x2c87, 0x2c87, 0x2c87, 0x2c87, 0x2c87, 0x2c87, 0x2c87,
    0x2c87, 0x2c87, 0x2c87, 0x2c87, 0x2c87, 0x2c87, 0x2c87, 0x2c87, 0x2c87, 0x2c87, 0x2c87, 0x2c87, 0x2c87, 0x2c87, 0x2c87, 0x2c87,
    0x2c87, 0x2c87, 0x2c87, 0x2c87, 0x2c87, 0x2c87, 0x2c87, 0x2c87, 0x2c87, 0x2c87, 0x2c87, 0x2c87, 0x2c87, 0x2c87, 0x2c87, 0x2c87,
    0x2c87, 0x2c87, 0x2c87, 0x2c87, 0x2c87, 0x2c87, 0x2c87, 0x2c87, 0x2c87, 0x2c87, 0x2c87, 0x2c87, 0x2c87, 0x2c87, 0x2c87, 0x2c87,
    0x2c87, 0x2c87, 0x2c87, 0x2c87, 0x2c87, 0x2c87, 0x2c87, 0x2c87, 0x2c87, 0x2c87, 0x2c87, 0x2c87, 0x2c87, 0x2c87, 0x2c87, 0x2c87,
    0x2c87, 0x0882, 0x10c3, 0x5943, 0xe223, 0xe224, 0xda24, 0xda24, 0xda24, 0xda04, 0xda04, 0xda04, 0xda04, 0xda04, 0xda04, 0xda04,
    0xda04, 0xda04, 0xda04, 0xda04, 0xda04, 0xda04, 0xda03, 0xda04, 0xd1e4, 0xd1e4, 0xda03, 0xda24, 0xda24, 0x18e3, 0x1922, 0x2c87,
    0x2c87, 0x2c87, 0x2c87, 0x2c87, 0x2c87, 0x2c87, 0x2c87, 0x2c87, 0x2c87, 0x2c87, 0x2c87, 0x2c87, 0x2c87, 0x2c87, 0x2c87, 0x2c87,
    0x2c87, 0x2c87, 0x2c87, 0x2c87, 0x2c87, 0x2c87, 0x2c87, 0x2c87, 0x2c87, 0x2c87, 0x2c87, 0x2c87, 0x2c87, 0x2c87, 0x2c87, 0x2c87,
    0x2c87, 0x2c87, 0x2c87, 0x2c87, 0x2c87, 0x2c87, 0x2c87, 0x2c87, 0x2c87, 0x2c87, 0x2c87, 0x2c87, 0x2c87, 0x2c87, 0x2c87, 0x2c87,
    0x2c87, 0x2c87, 0x2c87, 0x2c87, 0x2c87, 0x2c87, 0x2c87, 0x2c87, 0x2c87, 0x2c87, 0x2c87, 0x2c87, 0x2c87, 0x2c87, 0x2c87, 0x2c87,
    0x2c87, 0x2c87, 0x2c87, 0x2c87, 0x2c87, 0x2c87, 0x2c87, 0x2c87, 0x2c87, 0x2c87, 0x2c87, 0x2c87, 0x2c87, 0x2c87, 0x2c87, 0x2c87,
    0x2c87, 0x2c87, 0x2c87, 0x2c87, 0x2c87, 0x2c87, 0x2c87, 0x2c87, 0x2c87, 0x2c87, 0x2c87, 0x2c87, 0x2c87, 0x2c87, 0x2c87, 0x2c87,
    0x2c87, 0x2c87, 0x2c87, 0x2c87, 0x2c87, 0x2c87, 0x2c87, 0x2c87, 0x2c87, 0x2c87, 0x2c87, 0x2c87, 0x2c87, 0x2c87, 0x2c87, 0x2c87,
    0x2c87, 0x2c87, 0x2c87, 0x2c87, 0x2c87, 0x2c87, 0x2c87, 0x2c87, 0x2c87, 0x2c87, 0x2c87, 0x2c87, 0x2c87, 0x2c87, 0x2c87, 0x2c87,
    0x2c87, 0x2c87, 0x2c87, 0x2c87, 0x2c87, 0x2c87, 0x2c87, 0x2c87, 0x2c87, 0x2c87, 0x2c87, 0x2c87, 0x2c87, 0x2c87, 0x2c87, 0x2c87,
    0x2c87, 0x2c87, 0x2c87, 0x2c87, 0x2c87, 0x2c87, 0x2c87, 0x2c87, 0x2c87, 0x2c87, 0x2c87, 0x2c87, 0x2c87, 0x2c87, 0x2c87, 0x2c87,
    0x2c87, 0x2c87, 0x2c87, 0x2c87, 0x2c87, 0x2c87, 0x2c87, 0x2c87, 0x2c87, 0x2c87, 0x2c87, 0x2c87, 0x2c87, 0x2c87, 0x2c87, 0x2c87,
    0x2c87, 0x2c87, 0x2c87, 0x2c87, 0x2c87, 0x2c87, 0x2c87, 0x2c87, 0x2c87, 0x2c87, 0x2c87, 0x2c87, 0x2c87, 0x2c87, 0x2c87, 0x2c87,
    0x2c87, 0x2c87, 0x2c87, 0x2c87, 0x2c87, 0x2c87, 0x2c87, 0x2c87, 0x2c87, 0x2c87, 0x2c87, 0x2c87, 0x2c87, 0x2c87, 0x2c87, 0x2c87,
    0x18a2, 0x1081, 0xda04, 0xda44, 0xe244, 0xe224, 0xe224, 0xe224, 0xda24, 0xda24, 0xda24, 0xda24, 0xda24, 0xda24, 0xda04, 0xda24,
    0xda24, 0xda04, 0xda04, 0xda04, 0xda04, 0xda04, 0xda04, 0xd9e4, 0xda04, 0xda04, 0xda04, 0xda03, 0xe204, 0xb9e4, 0x4902, 0x1082,
    0x2c87, 0x2c87, 0x2c87, 0x2c87, 0x2c87, 0x2c87, 0x2c87, 0x2c87, 0x2c87, 0x2c87, 0x2c87, 0x2c87, 0x2c87, 0x2c87, 0x2c87, 0x2c87,
    0x2c87, 0x2c87, 0x2c87, 0x2c87, 0x2c87, 0x2c87, 0x2c87, 0x2c87, 0x2c87, 0x2c87, 0x2c87, 0x2c87, 0x2c87, 0x2c87, 0x2c87, 0x2c87,
    0x2c87, 0x2c87, 0x2c87, 0x2c87, 0x2c87, 0x2c87, 0x2c87, 0x2c87, 0x2c87, 0x2c87, 0x2c87, 0x2c87, 0x2c87, 0x2c87, 0x2c87, 0x2c87,
    0x2c87, 0x2c87, 0x2c87, 0x2c87, 0x2c87, 0x2c87, 0x2c87, 0x2c87, 0x2c87, 0x2c87, 0x2c87, 0x2c87, 0x2c87, 0x2c87, 0x2c87, 0x2c87,
    0x2c87, 0x2c87, 0x2c87, 0x2c87, 0x2c87, 0x2c87, 0x2c87, 0x2c87, 0x2c87, 0x2c87, 0x2c87, 0x2c87, 0x2c87, 0x2c87, 0x2c87, 0x2c87,
    0x2c87, 0x2c87, 0x2c87, 0x2c87, 0x2c87, 0x2c87, 0x2c87, 0x2c87, 0x2c87, 0x2c87, 0x2c87, 0x2c87, 0x2c87, 0x2c87, 0x2c87, 0x2c87,
    0x2c87, 0x2c87, 0x2c87, 0x2c87, 0x2c87, 0x2c87, 0x2c87, 0x2c87, 0x2c87, 0x2c87, 0x2c87, 0x2c87, 0x2c87, 0x2c87, 0x2c87, 0x2c87,
    0x2c87, 0x2c87, 0x2c87, 0x2c87, 0x2c87, 0x2c87, 0x2c87, 0x2c87, 0x2c87, 0x2c87, 0x2c87, 0x2c87, 0x2c87, 0x2c87, 0x2c87, 0x2c87,
    0x2c87, 0x2c87, 0x2c87, 0x2c87, 0x2c87, 0x2c87, 0x2c87, 0x2c87, 0x2c87, 0x2c87, 0x2c87, 0x2c87, 0x2c87, 0x2c87, 0x2c87, 0x2c87,
    0x2c87, 0x2c87, 0x2c87, 0x2c87, 0x2c87, 0x2c87, 0x2c87, 0x2c87, 0x2c87, 0x2c87, 0x2c87, 0x2c87, 0x2c87, 0x2c87, 0x2c87, 0x2c87,
    0x2c87, 0x2c87, 0x2c87, 0x2c87, 0x2c87, 0x2c87, 0x2c87, 0x2c87, 0x2c87, 0x2c87, 0x2c87, 0x2c87, 0x2c87, 0x2c87, 0x2c87, 0x2c87,
    0x2c87, 0x2c87, 0x2c87, 0x2c87, 0x2c87, 0x2c87, 0x2c87, 0x2c87, 0x2c87, 0x2c87, 0x2c87, 0x2c87, 0x2c87, 0x2c87, 0x2c87, 0x2c87,
    0x2c87, 0x2c87, 0x2c87, 0x2c87, 0x2c87, 0x2c87, 0x2c87, 0x2c87, 0x2c87, 0x2c87, 0x2c87, 0x2c87, 0x2c87, 0x2c87, 0x2c87, 0x2c87,
    0x10a2, 0x10a2, 0xd1e4, 0xda04, 0xda24, 0xe224, 0xda24, 0xda24, 0xda24, 0xda24, 0xda24, 0xda24, 0xda24, 0xda24, 0xda24, 0xda24,
    0xda24, 0xda24, 0xda04, 0xda04, 0xda04, 0xd9e4, 0xda04, 0xda04, 0xda04, 0xda04, 0xda04, 0xda04, 0xda04, 0xd204, 0x5102, 0x1081,
    0x2c87, 0x2c87, 0x2c87, 0x2c87, 0x2c87, 0x2c87, 0x2c87, 0x2c87, 0x2c87, 0x2c87, 0x2c87, 0x2c87, 0x2c87, 0x2c87, 0x2c87, 0x2c87,
    0x2c87, 0x2c87, 0x2c87, 0x2c87, 0x2c87, 0x2c87, 0x2c87, 0x2c87, 0x2c87, 0x2c87, 0x2c87, 0x2c87, 0x2c87, 0x2c87, 0x2c87, 0x2c87,
    0x2c87, 0x2c87, 0x2c87, 0x2c87, 0x2c87, 0x2c87, 0x2c87, 0x2c87, 0x2c87, 0x2c87, 0x2c87, 0x2c87, 0x2c87, 0x2c87, 0x2c87, 0x2c87,
    0x2c87, 0x2c87, 0x2c87, 0x2c87, 0x2c87, 0x2c87, 0x2c87, 0x2c87, 0x2c87, 0x2c87, 0x2c87, 0x2c87, 0x2c87, 0x2c87, 0x2c87, 0x2c87,
    0x2c87, 0x2c87, 0x2c87, 0x2c87, 0x2c87, 0x2c87, 0x2c87, 0x2c87, 0x2c87, 0x2c87, 0x2c87, 0x2c87, 0x2c87, 0x2c87, 0x2c87, 0x2c87,
    0x2c87, 0x2c87, 0x2c87, 0x2c87, 0x2c87, 0x2c87, 0x2c87, 0x2c87, 0x2c87, 0x2c87, 0x2c87, 0x2c87, 0x2c87, 0x2c87, 0x2c87, 0x2c87,
    0x2c87, 0x2c87, 0x2c87, 0x2c87, 0x2c87, 0x2c87, 0x2c87, 0x2c87, 0x2c87, 0x2c87, 0x2c87, 0x2c87, 0x2c87, 0x2c87, 0x2c87, 0x2c87,
    0x2c87, 0x2c87, 0x2c87, 0x2c87, 0x2c87, 0x2c87, 0x2c87, 0x2c87, 0x2c87, 0x2c87, 0x2c87, 0x2c87, 0x2c87, 0x2c87, 0x2c87, 0x2c87,
    0x2c87, 0x2c87, 0x2c87, 0x2c87, 0x2c87, 0x2c87, 0x2c87, 0x2c87, 0x2c87, 0x2c87, 0x2c87, 0x2c87, 0x2c87, 0x2c87, 0x2c87, 0x2c87,
    0x2c87, 0x2c87, 0x2c87, 0x2c87, 0x2c87, 0x2c87, 0x2c87, 0x2c87, 0x2c87, 0x2c87, 0x2c87, 0x2c87, 0x2c87, 0x2c87, 0x2c87, 0x2c87,
    0x2c87, 0x2c87, 0x2c87, 0x2c87, 0x2c87, 0x2c87, 0x2c87, 0x2c87, 0x2c87, 0x2c87, 0x2c87, 0x2c87, 0x2c87, 0x2c87, 0x2c87, 0x2c87,
    0x2c87, 0x2c87, 0x2c87, 0x2c87, 0x2c87, 0x2c87, 0x2c87, 0x2c87, 0x2c87, 0x2c87, 0x2c87, 0x2c87, 0x2c87, 0x2c87, 0x2c87, 0x2c87,
    0x2c87, 0x2c87, 0x2c87, 0x2c87, 0x2c87, 0x2c87, 0x2c87, 0x2c87, 0x2c87, 0x2c87, 0x2c87, 0x2c87, 0x2c87, 0x2c87, 0x1983, 0x10c2,
    0xda24, 0xda24, 0xda04, 0xda04, 0xda24, 0xda24, 0xda24, 0xda24, 0xda24, 0xda24, 0xda24, 0xda24, 0xda24, 0xda24, 0xda24, 0xda24,
    0xda24, 0xda24, 0xda04, 0xda04, 0xda04, 0xd9e4, 0xda04, 0xda04, 0xda04, 0xda24, 0xda24, 0xda04, 0xda04, 0xd204, 0x5902, 0x1082,
    0x2c87, 0x2c87, 0x2c87, 0x2c87, 0x2c87, 0x2c87, 0x2c87, 0x2c87, 0x2c87, 0x2c87, 0x2c87, 0x2c87, 0x2c87, 0x2c87, 0x2c87, 0x2c87,
    0x2c87, 0x2c87, 0x2c87, 0x2c87, 0x2c87, 0x2c87, 0x2c87, 0x2c87, 0x2c87, 0x2c87, 0x2c87, 0x2c87, 0x2c87, 0x2c87, 0x2c87, 0x2c87,
    0x2c87, 0x2c87, 0x2c87, 0x2c87, 0x2c87, 0x2c87, 0x2c87, 0x2c87, 0x2c87, 0x2c87, 0x2c87, 0x2c87, 0x2c87, 0x2c87, 0x2c87, 0x2c87,
    0x2c87, 0x2c87, 0x2c87, 0x2c87, 0x2c87, 0x2c87, 0x2c87, 0x2c87, 0x2c87, 0x2c87, 0x2c87, 0x2c87, 0x2c87, 0x2c87, 0x2c87, 0x2c87,
    0x2c87, 0x2c87, 0x2c87, 0x2c87, 0x2c87, 0x2c87, 0x2c87, 0x2c87, 0x2c87, 0x2c87, 0x2c87, 0x2c87, 0x2c87, 0x2c87, 0x2c87, 0x2c87,
    0x2c87, 0x2c87, 0x2c87, 0x2c87, 0x2c87, 0x2c87, 0x2c87, 0x2c87, 0x2c87, 0x2c87, 0x2c87, 0x2c87, 0x2c87, 0x2c87, 0x2c87, 0x2c87,
    0x2c87, 0x2c87, 0x2c87, 0x2c87, 0x2c87, 0x2c87, 0x2c87, 0x2c87, 0x2c87, 0x2c87, 0x2c87, 0x2c87, 0x2c87, 0x2c87, 0x2c87, 0x2c87,
    0x2c87, 0x2c87, 0x2c87, 0x2c87, 0x2c87, 0x2c87, 0x2c87, 0x2c87, 0x2c87, 0x2c87, 0x2c87, 0x2c87, 0x2c87, 0x2c87, 0x2c87, 0x2c87,
    0x2c87, 0x2c87, 0x2c87, 0x2c87, 0x2c87, 0x2c87, 0x2c87, 0x2c87, 0x2c87, 0x2c87, 0x2c87, 0x2c87, 0x2c87, 0x2c87, 0x2c87, 0x2c87,
    0x2c87, 0x2c87, 0x2c87, 0x2c87, 0x2c87, 0x2c87, 0x2c87, 0x2c87, 0x2c87, 0x2c87, 0x2c87, 0x2c87, 0x2c87, 0x2c87, 0x2c87, 0x2c87,
    0x2c87, 0x2c87, 0x2c87, 0x2c87, 0x2c87, 0x2c87, 0x2c87, 0x2c87, 0x2c87, 0x2c87, 0x2c87, 0x2c87, 0x2c87, 0x2c87, 0x2c87, 0x2c87,
    0x2c87, 0x2c87, 0x2c87, 0x2c87, 0x2c87, 0x2c87, 0x2c87, 0x2c87, 0x2c87, 0x2c87, 0x2c87, 0x2c87, 0x2c87, 0x2c87, 0x2c87, 0x2c87,
    0x2c87, 0x2c87, 0x2c87, 0x2c87, 0x2c87, 0x2c87, 0x2c87, 0x2c87, 0x2c87, 0x2c87, 0x2c87, 0x2c87, 0x2c87, 0x2c87, 0x0882, 0x1082,
    0xe244, 0xe224, 0xda24, 0xda04, 0x6123, 0x6942, 0xda24, 0xda24, 0xda24, 0xda24, 0xda24, 0xda24, 0xda24, 0xda24, 0xda24, 0xda04,
    0xda04, 0xda24, 0xda24, 0xda04, 0xda04, 0xda04, 0xda04, 0xda04, 0xa9a3, 0x7142, 0xda04, 0xda04, 0xda04, 0xd204, 0x7122, 0x18c2,
    0x2c87, 0x2c87, 0x2c87, 0x2c87, 0x2c87, 0x2c87, 0x2c87, 0x2c87, 0x2c87, 0x2c87, 0x2c87, 0x2c87, 0x2c87, 0x2c87, 0x2c87, 0x2c87,
    0x2c87, 0x2c87, 0x2c87, 0x2c87, 0x2c87, 0x2c87, 0x2c87, 0x2c87, 0x2c87, 0x2c87, 0x2c87, 0x2c87, 0x2c87, 0x2c87, 0x2c87, 0x2c87,
    0x2c87, 0x2c87, 0x2c87, 0x2c87, 0x2c87, 0x2c87, 0x2c87, 0x2c87, 0x2c87, 0x2c87, 0x2c87, 0x2c87, 0x2c87, 0x2c87, 0x2c87, 0x2c87,
    0x2c87, 0x2c87, 0x2c87, 0x2c87, 0x2c87, 0x2c87, 0x2c87, 0x2c87, 0x2c87, 0x2c87, 0x2c87, 0x2c87, 0x2c87, 0x2c87, 0x2c87, 0x2c87,
    0x2c87, 0x2c87, 0x2c87, 0x2c87, 0x2c87, 0x2c87, 0x2c87, 0x2c87, 0x2c87, 0x2c87, 0x2c87, 0x2c87, 0x2c87, 0x2c87, 0x2c87, 0x2c87,
    0x2c87, 0x2c87, 0x2c87, 0x2c87, 0x2c87, 0x2c87, 0x2c87, 0x2c87, 0x2c87, 0x2c87, 0x2c87, 0x2c87, 0x2c87, 0x2c87, 0x2c87, 0x2c87,
    0x2c87, 0x2c87, 0x2c87, 0x2c87, 0x2c87, 0x2c87, 0x2c87, 0x2c87, 0x2c87, 0x2c87, 0x2c87, 0x2c87, 0x2c87, 0x2c87, 0x2c87, 0x2c87,
    0x2c87, 0x2c87, 0x2c87, 0x2c87, 0x2c87, 0x2c87, 0x2c87, 0x2c87, 0x2c87, 0x2c87, 0x2c87, 0x2c87, 0x2c87, 0x2c87, 0x2c87, 0x2c87,
    0x2c87, 0x2c87, 0x2c87, 0x2c87, 0x2c87, 0x2c87, 0x2c87, 0x2c87, 0x2c87, 0x2c87, 0x2c87, 0x2c87, 0x2c87, 0x2c87, 0x2c87, 0x2c87,
    0x2c87, 0x2c87, 0x2c87, 0x2c87, 0x2c87, 0x2c87, 0x2c87, 0x2c87, 0x2c87, 0x2c87, 0x2c87, 0x2c87, 0x2c87, 0x2c87, 0x2c87, 0x2c87,
    0x2c87, 0x2c87, 0x2c87, 0x2c87, 0x2c87, 0x2c87, 0x2c87, 0x2c87, 0x2c87, 0x2c87, 0x2c87, 0x2c87, 0x2c87, 0x2c87, 0x2c87, 0x2c87,
    0x2c87, 0x2c87, 0x2c87, 0x2c87, 0x2c87, 0x2c87, 0x2c87, 0x2c87, 0x2c87, 0x2c87, 0x2c87, 0x2c87, 0x2c87, 0x2c87, 0x2c87, 0x2c87,
    0x2c87, 0x2c87, 0x2c87, 0x2c87, 0x2c87, 0x2c87, 0x2c87, 0x2c87, 0x2c87, 0x2c87, 0x2c87, 0x2c87, 0x2c87, 0x2c87, 0x1062, 0x1061,
    0xda23, 0xe224, 0xda24, 0xda04, 0x10a2, 0x10a2, 0xda04, 0xda24, 0xda24, 0xda24, 0xda24, 0xda24, 0xda24, 0xda24, 0xda04, 0xda04,
    0xda24, 0xda24, 0xda24, 0xda04, 0xda04, 0xda04, 0xda04, 0xda24, 0x8183, 0x10a2, 0xd224, 0xda04, 0xd204, 0xda04, 0x7943, 0x18e3,
    0x2c87, 0x2c87, 0x2c87, 0x2c87, 0x2c87, 0x2c87, 0x2c87, 0x2c87, 0x2c87, 0x2c87, 0x2c87, 0x2c87, 0x2c87, 0x2c87, 0x2c87, 0x2c87,
    0x2c87, 0x2c87, 0x2c87, 0x2c87, 0x2c87, 0x2c87, 0x2c87, 0x2c87, 0x2c87, 0x2c87, 0x2c87, 0x2c87, 0x2c87, 0x2c87, 0x2c87, 0x2c87,
    0x2c87, 0x2c87, 0x2c87, 0x2c87, 0x2c87, 0x2c87, 0x2c87, 0x2c87, 0x2c87, 0x2c87, 0x2c87, 0x2c87, 0x2c87, 0x2c87, 0x2c87, 0x2c87,
    0x2c87, 0x2c87, 0x2c87, 0x2c87, 0x2c87, 0x2c87, 0x2c87, 0x2c87, 0x2c87, 0x2c87, 0x2c87, 0x2c87, 0x2c87, 0x2c87, 0x2c87, 0x2c87,
    0x2c87, 0x2c87, 0x2c87, 0x2c87, 0x2c87, 0x2c87, 0x2c87, 0x2c87, 0x2c87, 0x2c87, 0x2c87, 0x2c87, 0x2c87, 0x2c87, 0x2c87, 0x2c87,
    0x2c87, 0x2c87, 0x2c87, 0x2c87, 0x2c87, 0x2c87, 0x2c87, 0x2c87, 0x2c87, 0x2c87, 0x2c87, 0x2c87, 0x2c87, 0x2c87, 0x2c87, 0x2c87,
    0x2c87, 0x2c87, 0x2c87, 0x2c87, 0x2c87, 0x2c87, 0x2c87, 0x2c87, 0x2c87, 0x2c87, 0x2c87, 0x2c87, 0x2c87, 0x2c87, 0x2c87, 0x2c87,
    0x2c87, 0x2c87, 0x2c87, 0x2c87, 0x2c87, 0x2c87, 0x2c87, 0x2c87, 0x2c87, 0x2c87, 0x2c87, 0x2c87, 0x2c87, 0x2c87, 0x2c87, 0x2c87,
    0x2c87, 0x2c87, 0x2c87, 0x2c87, 0x2c87, 0x2c87, 0x2c87, 0x2c87, 0x2c87, 0x2c87, 0x2c87, 0x2c87, 0x2c87, 0x2c87, 0x2c87, 0x2c87,
    0x2c87, 0x2c87, 0x2c87, 0x2c87, 0x2c87, 0x2c87, 0x2c87, 0x2c87, 0x2c87, 0x2c87, 0x2c87, 0x2c87, 0x2c87, 0x2c87, 0x2c87, 0x2c87,
    0x2c87, 0x2c87, 0x2c87, 0x2c87, 0x2c87, 0x2c87, 0x2c87, 0x2c87, 0x2c87, 0x2c87, 0x2c87, 0x2c87, 0x2c87, 0x2c87, 0x2c87, 0x2c87,
    0x2c87, 0x2c87, 0x2c87, 0x2c87, 0x2c87, 0x2c87, 0x2c87, 0x2c87, 0x2c87, 0x2c87, 0x2c87, 0x2c87, 0x2c87, 0x2c87, 0x2c87, 0x2c87,
    0x2c87, 0x2c87, 0x2c87, 0x2c87, 0x2c87, 0x2c87, 0x2c87, 0x2c87, 0x2c87, 0x2c87, 0x2c87, 0x2c87, 0x2c87, 0x10a2, 0x9164, 0xc1e4,
    0xda03, 0xda03, 0xda24, 0xda04, 0x1082, 0x1082, 0xda04, 0xda04, 0xda24, 0xda24, 0xda24, 0xda24, 0xda24, 0xda24, 0xda04, 0xda04,
    0xda04, 0xda04, 0xda04, 0xda04, 0xda04, 0xda04, 0xda04, 0xd204, 0x6943, 0x1082, 0xd203, 0xda03, 0xd203, 0xda04, 0xd224, 0xea85,
    0x18c2, 0x18e2, 0x2c87, 0x2c87, 0x2c87, 0x2c87, 0x2c87, 0x2c87, 0x2c87, 0x2c87, 0x2c87, 0x2c87, 0x2c87, 0x2c87, 0x2c87, 0x2c87,
    0x2c87, 0x2c87, 0x2c87, 0x2c87, 0x2c87, 0x2c87, 0x2c87, 0x2c87, 0x2c87, 0x2c87, 0x2c87, 0x2c87, 0x2c87, 0x2c87, 0x2c87, 0x2c87,
    0x2c87, 0x2c87, 0x2c87, 0x2c87, 0x2c87, 0x2c87, 0x2c87, 0x2c87, 0x2c87, 0x2c87, 0x2c87, 0x2c87, 0x2c87, 0x2c87, 0x2c87, 0x2c87,
    0x2c87, 0x2c87, 0x2c87, 0x2c87, 0x2c87, 0x2c87, 0x2c87, 0x2c87, 0x2c87, 0x2c87, 0x2c87, 0x2c87, 0x2c87, 0x2c87, 0x2c87, 0x2c87,
    0x2c87, 0x2c87, 0x2c87, 0x2c87, 0x2c87, 0x2c87, 0x2c87, 0x2c87, 0x2c87, 0x2c87, 0x2c87, 0x2c87, 0x2c87, 0x2c87, 0x2c87, 0x2c87,
    0x2c87, 0x2c87, 0x2c87, 0x2c87, 0x2c87, 0x2c87, 0x2c87, 0x2c87, 0x2c87, 0x2c87, 0x2c87, 0x2c87, 0x2c87, 0x2c87, 0x2c87, 0x2c87,
    0x2c87, 0x2c87, 0x2c87, 0x2c87, 0x2c87, 0x2c87, 0x2c87, 0x2c87, 0x2c87, 0x2c87, 0x2c87, 0x2c87, 0x2c87, 0x2c87, 0x2c87, 0x2c87,
    0x2c87, 0x2c87, 0x2c87, 0x2c87, 0x2c87, 0x2c87, 0x2c87, 0x2c87, 0x2c87, 0x2c87, 0x2c87, 0x2c87, 0x2c87, 0x2c87, 0x2c87, 0x2c87,
    0x2c87, 0x2c87, 0x2c87, 0x2c87, 0x2c87, 0x2c87, 0x2c87, 0x2c87, 0x2c87, 0x2c87, 0x2c87, 0x2c87, 0x2c87, 0x2c87, 0x2c87, 0x2c87,
    0x2c87, 0x2c87, 0x2c87, 0x2c87, 0x2c87, 0x2c87, 0x2c87, 0x2c87, 0x2c87, 0x2c87, 0x2c87, 0x2c87, 0x2c87, 0x2c87, 0x2c87, 0x2c87,
    0x2c87, 0x2c87, 0x2c87, 0x2c87, 0x2c87, 0x2c87, 0x2c87, 0x2c87, 0x2c87, 0x2c87, 0x2c87, 0x2c87, 0x2c87, 0x2c87, 0x2c87, 0x2c87,
    0x2c87, 0x2c87, 0x2c87, 0x2c87, 0x2c87, 0x2c87, 0x2c87, 0x2c87, 0x2c87, 0x2c87, 0x2c87, 0x2c87, 0x2c87, 0x2c87, 0x2c87, 0x2c87,
    0x2c87, 0x2c87, 0x2c87, 0x2c87, 0x2c87, 0x2c87, 0x2c87, 0x2c87, 0x2c87, 0x2c87, 0x2c87, 0x2c87, 0x2c87, 0x10a2, 0x99a3, 0xd1e3,
    0xda04, 0xda03, 0xd1e3, 0xc9e3, 0x1082, 0x1082, 0xd9e4, 0xda04, 0xda04, 0xda24, 0xda24, 0xda24, 0xda24, 0xda24, 0xda24, 0xda04,
    0xda04, 0xda04, 0xda04, 0xda04, 0xda04, 0xda04, 0xda04, 0xd204, 0x5102, 0x18a2, 0xda23, 0xda03, 0xda03, 0xda04, 0xda24, 0xe285,
    0x20e2, 0x10a2, 0x2c87, 0x2c87, 0x2c87, 0x2c87, 0x2c87, 0x2c87, 0x2c87, 0x2c87, 0x2c87, 0x2c87, 0x2c87, 0x2c87, 0x2c87, 0x2c87,
    0x2c87, 0x2c87, 0x2c87, 0x2c87, 0x2c87, 0x2c87, 0x2c87, 0x2c87, 0x2c87, 0x2c87, 0x2c87, 0x2c87, 0x2c87, 0x2c87, 0x2c87, 0x2c87,
    0x2c87, 0x2c87, 0x2c87, 0x2c87, 0x2c87, 0x2c87, 0x2c87, 0x2c87, 0x2c87, 0x2c87, 0x2c87, 0x2c87, 0x2c87, 0x2c87, 0x2c87, 0x2c87,
    0x2c87, 0x2c87, 0x2c87, 0x2c87, 0x2c87, 0x2c87, 0x2c87, 0x2c87, 0x2c87, 0x2c87, 0x2c87, 0x2c87, 0x2c87, 0x2c87, 0x2c87, 0x2c87,
    0x2c87, 0x2c87, 0x2c87, 0x2c87, 0x2c87, 0x2c87, 0x2c87, 0x2c87, 0x2c87, 0x2c87, 0x2c87, 0x2c87, 0x2c87, 0x2c87, 0x2c87, 0x2c87,
    0x2c87, 0x2c87, 0x2c87, 0x2c87, 0x2c87, 0x2c87, 0x2c87, 0x2c87, 0x2c87, 0x2c87, 0x2c87, 0x2c87, 0x2c87, 0x2c87, 0x2c87, 0x2c87,
    0x2c87, 0x2c87, 0x2c87, 0x2c87, 0x2c87, 0x2c87, 0x2c87, 0x2c87, 0x2c87, 0x2c87, 0x2c87, 0x2c87, 0x2c87, 0x2c87, 0x2c87, 0x2c87,
    0x2c87, 0x2c87, 0x2c87, 0x2c87, 0x2c87, 0x2c87, 0x2c87, 0x2c87, 0x2c87, 0x2c87, 0x2c87, 0x2c87, 0x2c87, 0x2c87, 0x2c87, 0x2c87,
    0x2c87, 0x2c87, 0x2c87, 0x2c87, 0x2c87, 0x2c87, 0x2c87, 0x2c87, 0x2c87, 0x2c87, 0x2c87, 0x2c87, 0x2c87, 0x2c87, 0x2c87, 0x2c87,
    0x2c87, 0x2c87, 0x2c87, 0x2c87, 0x2c87, 0x2c87, 0x2c87, 0x2c87, 0x2c87, 0x2c87, 0x2c87, 0x2c87, 0x2c87, 0x2c87, 0x2c87, 0x2c87,
    0x2c87, 0x2c87, 0x2c87, 0x2c87, 0x2c87, 0x2c87, 0x2c87, 0x2c87, 0x2c87, 0x2c87, 0x2c87, 0x2c87, 0x2c87, 0x2c87, 0x2c87, 0x2c87,
    0x2c87, 0x2c87, 0x2c87, 0x2c87, 0x2c87, 0x2c87, 0x2c87, 0x2c87, 0x2c87, 0x2c87, 0x2c87, 0x2c87, 0x2c87, 0x2c87, 0x2c87, 0x2c87,
    0x2c87, 0x2c87, 0x2c87, 0x2c87, 0x2c87, 0x2c87, 0x2c87, 0x2c87, 0x2c87, 0x2c87, 0x2c87, 0x2c87, 0x2c87, 0x10a2, 0x99a3, 0xd1e3,
    0xda03, 0xda03, 0xc1c3, 0xc9c4, 0x10a2, 0x1082, 0xd9e4, 0xda04, 0xda04, 0xda04, 0xda24, 0xda24, 0xda24, 0xda24, 0xda24, 0xda04,
    0xda04, 0xda04, 0xda04, 0xda04, 0xda04, 0xda04, 0xda04, 0xd203, 0x6922, 0x18c2, 0xd203, 0xda03, 0xda03, 0xda04, 0xda04, 0xda24,
    0x18c3, 0x10a2, 0x2c87, 0x2c87, 0x2c87, 0x2c87, 0x2c87, 0x2c87, 0x2c87, 0x2c87, 0x2c87, 0x2c87, 0x2c87, 0x2c87, 0x2c87, 0x2c87,
    0x2c87, 0x2c87, 0x2c87, 0x2c87, 0x2c87, 0x2c87, 0x2c87, 0x2c87, 0x2c87, 0x2c87, 0x2c87, 0x2c87, 0x2c87, 0x2c87, 0x2c87, 0x2c87,
    0x2c87, 0x2c87, 0x2c87, 0x2c87, 0x2c87, 0x2c87, 0x2c87, 0x2c87, 0x2c87, 0x2c87, 0x2c87, 0x2c87, 0x2c87, 0x2c87, 0x2c87, 0x2c87,
    0x2c87, 0x2c87, 0x2c87, 0x2c87, 0x2c87, 0x2c87, 0x2c87, 0x2c87, 0x2c87, 0x2c87, 0x2c87, 0x2c87, 0x2c87, 0x2c87, 0x2c87, 0x2c87,
    0x2c87, 0x2c87, 0x2c87, 0x2c87, 0x2c87, 0x2c87, 0x2c87, 0x2c87, 0x2c87, 0x2c87, 0x2c87, 0x2c87, 0x2c87, 0x2c87, 0x2c87, 0x2c87,
    0x2c87, 0x2c87, 0x2c87, 0x2c87, 0x2c87, 0x2c87, 0x2c87, 0x2c87, 0x2c87, 0x2c87, 0x2c87, 0x2c87, 0x2c87, 0x2c87, 0x2c87, 0x2c87,
    0x2c87, 0x2c87, 0x2c87, 0x2c87, 0x2c87, 0x2c87, 0x2c87, 0x2c87, 0x2c87, 0x2c87, 0x2c87, 0x2c87, 0x2c87, 0x2c87, 0x2c87, 0x2c87,
    0x2c87, 0x2c87, 0x2c87, 0x2c87, 0x2c87, 0x2c87, 0x2c87, 0x2c87, 0x2c87, 0x2c87, 0x2c87, 0x2c87, 0x2c87, 0x2c87, 0x2c87, 0x2c87,
    0x2c87, 0x2c87, 0x2c87, 0x2c87, 0x2c87, 0x2c87, 0x2c87, 0x2c87, 0x2c87, 0x2c87, 0x2c87, 0x2c87, 0x2c87, 0x2c87, 0x2c87, 0x2c87,
    0x2c87, 0x2c87, 0x2c87, 0x2c87, 0x2c87, 0x2c87, 0x2c87, 0x2c87, 0x2c87, 0x2c87, 0x2c87, 0x2c87, 0x2c87, 0x2c87, 0x2c87, 0x2c87,
    0x2c87, 0x2c87, 0x2c87, 0x2c87, 0x2c87, 0x2c87, 0x2c87, 0x2c87, 0x2c87, 0x2c87, 0x2c87, 0x2c87, 0x2c87, 0x2c87, 0x2c87, 0x2c87,
    0x2c87, 0x2c87, 0x2c87, 0x2c87, 0x2c87, 0x2c87, 0x2c87, 0x2c87, 0x2c87, 0x2c87, 0x2c87, 0x2c87, 0x2c87, 0x2c87, 0x2c87, 0x2c87,
    0x2c87, 0x2c87, 0x2c87, 0x2c87, 0x2c87, 0x2c87, 0x2c87, 0x2c87, 0x2c87, 0x2c87, 0x2c87, 0x2c87, 0x2c87, 0x18a2, 0xc163, 0xb183,
    0xda03, 0xd9e3, 0xb183, 0xb963, 0x18a2, 0x1081, 0xd9e3, 0xda04, 0xda04, 0xda04, 0xda04, 0xda24, 0xda24, 0xda24, 0xda24, 0xda24,
    0xda24, 0xda04, 0xda04, 0xda04, 0xda04, 0xda04, 0xda04, 0xda24, 0x7122, 0x18c2, 0xc9e3, 0xd1e3, 0xda03, 0xe224, 0xe224, 0xda04,
    0x10a2, 0x10a2, 0x2c87, 0x2c87, 0x2c87, 0x2c87, 0x2c87, 0x2c87, 0x2c87, 0x2c87, 0x2c87, 0x2c87, 0x2c87, 0x2c87, 0x2c87, 0x2c87,
    0x2c87, 0x2c87, 0x2c87, 0x2c87, 0x2c87, 0x2c87, 0x2c87, 0x2c87, 0x2c87, 0x2c87, 0x2c87, 0x2c87, 0x2c87, 0x2c87, 0x2c87, 0x2c87,
    0x2c87, 0x2c87, 0x2c87, 0x2c87, 0x2c87, 0x2c87, 0x2c87, 0x2c87, 0x2c87, 0x2c87, 0x2c87, 0x2c87, 0x2c87, 0x2c87, 0x2c87, 0x2c87,
    0x2c87, 0x2c87, 0x2c87, 0x2c87, 0x2c87, 0x2c87, 0x2c87, 0x2c87, 0x2c87, 0x2c87, 0x2c87, 0x2c87, 0x2c87, 0x2c87, 0x2c87, 0x2c87,
    0x2c87, 0x2c87, 0x2c87, 0x2c87, 0x2c87, 0x2c87, 0x2c87, 0x2c87, 0x2c87, 0x2c87, 0x2c87, 0x2c87, 0x2c87, 0x2c87, 0x2c87, 0x2c87,
    0x2c87, 0x2c87, 0x2c87, 0x2c87, 0x2c87, 0x2c87, 0x2c87, 0x2c87, 0x2c87, 0x2c87, 0x2c87, 0x2c87, 0x2c87, 0x2c87, 0x2c87, 0x2c87,
    0x2c87, 0x2c87, 0x2c87, 0x2c87, 0x2c87, 0x2c87, 0x2c87, 0x2c87, 0x2c87, 0x2c87, 0x2c87, 0x2c87, 0x2c87, 0x2c87, 0x2c87, 0x2c87,
    0x2c87, 0x2c87, 0x2c87, 0x2c87, 0x2c87, 0x2c87, 0x2c87, 0x2c87, 0x2c87, 0x2c87, 0x2c87, 0x2c87, 0x2c87, 0x2c87, 0x2c87, 0x2c87,
    0x2c87, 0x2c87, 0x2c87, 0x2c87, 0x2c87, 0x2c87, 0x2c87, 0x2c87, 0x2c87, 0x2c87, 0x2c87, 0x2c87, 0x2c87, 0x2c87, 0x2c87, 0x2c87,
    0x2c87, 0x2c87, 0x2c87, 0x2c87, 0x2c87, 0x2c87, 0x2c87, 0x2c87, 0x2c87, 0x2c87, 0x2c87, 0x2c87, 0x2c87, 0x2c87, 0x2c87, 0x2c87,
    0x2c87, 0x2c87, 0x2c87, 0x2c87, 0x2c87, 0x2c87, 0x2c87, 0x2c87, 0x2c87, 0x2c87, 0x2c87, 0x2c87, 0x2c87, 0x2c87, 0x2c87, 0x2c87,
    0x2c87, 0x2c87, 0x2c87, 0x2c87, 0x2c87, 0x2c87, 0x2c87, 0x2c87, 0x2c87, 0x2c87, 0x2c87, 0x2c87, 0x2c87, 0x2c87, 0x2c87, 0x2c87,
    0x2c87, 0x2c87, 0x2c87, 0x2c87, 0x2c87, 0x2c87, 0x2c87, 0x2c87, 0x2c87, 0x2c87, 0x2c87, 0x2c87, 0x1122, 0x1082, 0xb963, 0xb963,
    0xb163, 0xa943, 0xa143, 0xb163, 0x1082, 0x1082, 0xd9e4, 0xda04, 0xda04, 0xda04, 0xda04, 0xda04, 0xda24, 0xda24, 0xda24, 0xda24,
    0xda04, 0xda04, 0xda04, 0xda04, 0xda04, 0xda04, 0xd9e4, 0xb163, 0x58e2, 0x1082, 0x9943, 0xa143, 0xa123, 0xb963, 0xb983, 0xa963,
    0x0882, 0x10a2, 0x2c87, 0x2c87, 0x2c87, 0x2c87, 0x2c87, 0x2c87, 0x2c87, 0x2c87, 0x2c87, 0x2c87, 0x2c87, 0x2c87, 0x2c87, 0x2c87,
    0x2c87, 0x2c87, 0x2c87, 0x2c87, 0x2c87, 0x2c87, 0x2c87, 0x2c87, 0x2c87, 0x2c87, 0x2c87, 0x2c87, 0x2c87, 0x2c87, 0x2c87, 0x2c87,
    0x2c87, 0x2c87, 0x2c87, 0x2c87, 0x2c87, 0x2c87, 0x2c87, 0x2c87, 0x2c87, 0x2c87, 0x2c87, 0x2c87, 0x2c87, 0x2c87, 0x2c87, 0x2c87,
    0x2c87, 0x2c87, 0x2c87, 0x2c87, 0x2c87, 0x2c87, 0x2c87, 0x2c87, 0x2c87, 0x2c87, 0x2c87, 0x2c87, 0x2c87, 0x2c87, 0x2c87, 0x2c87,
    0x2c87, 0x2c87, 0x2c87, 0x2c87, 0x2c87, 0x2c87, 0x2c87, 0x2c87, 0x2c87, 0x2c87, 0x2c87, 0x2c87, 0x2c87, 0x2c87, 0x2c87, 0x2c87,
    0x2c87, 0x2c87, 0x2c87, 0x2c87, 0x2c87, 0x2c87, 0x2c87, 0x2c87, 0x2c87, 0x2c87, 0x2c87, 0x2c87, 0x2c87, 0x2c87, 0x2c87, 0x2c87,
    0x2c87, 0x2c87, 0x2c87, 0x2c87, 0x2c87, 0x2c87, 0x2c87, 0x2c87, 0x2c87, 0x2c87, 0x2c87, 0x2c87, 0x2c87, 0x2c87, 0x2c87, 0x2c87,
    0x2c87, 0x2c87, 0x2c87, 0x2c87, 0x2c87, 0x2c87, 0x2c87, 0x2c87, 0x2c87, 0x2c87, 0x2c87, 0x2c87, 0x2c87, 0x2c87, 0x2c87, 0x2c87,
    0x2c87, 0x2c87, 0x2c87, 0x2c87, 0x2c87, 0x2c87, 0x2c87, 0x2c87, 0x2c87, 0x2c87, 0x2c87, 0x2c87, 0x2c87, 0x2c87, 0x2c87, 0x2c87,
    0x2c87, 0x2c87, 0x2c87, 0x2c87, 0x2c87, 0x2c87, 0x2c87, 0x2c87, 0x2c87, 0x2c87, 0x2c87, 0x2c87, 0x2c87, 0x2c87, 0x2c87, 0x2c87,
    0x2c87, 0x2c87, 0x2c87, 0x2c87, 0x2c87, 0x2c87, 0x2c87, 0x2c87, 0x2c87, 0x2c87, 0x2c87, 0x2c87, 0x2c87, 0x2c87, 0x2c87, 0x2c87,
    0x2c87, 0x2c87, 0x2c87, 0x2c87, 0x2c87, 0x2c87, 0x2c87, 0x2c87, 0x2c87, 0x2c87, 0x2c87, 0x2c87, 0x2c87, 0x2c87, 0x2c87, 0x2c87,
    0x2c87, 0x2c87, 0x2c87, 0x2c87, 0x2c87, 0x2c87, 0x2c87, 0x2c87, 0x2c87, 0x2c87, 0x2c87, 0x2c87, 0x1102, 0x1081, 0xfd6c, 0xfceb,
    0xb1a3, 0xa943, 0xa143, 0xa143, 0x10a2, 0x1082, 0xd9e4, 0xd9e4, 0xd9e3, 0xda03, 0xda04, 0xda04, 0xda24, 0xda24, 0xda04, 0xda24,
    0xda24, 0xda04, 0xda04, 0xda04, 0xda04, 0xda04, 0xd9e4, 0xb163, 0x6103, 0x1082, 0x9122, 0x9922, 0xa122, 0xb163, 0xb183, 0xa963,
    0x1081, 0x1082, 0x2c87, 0x2c87, 0x2c87, 0x2c87, 0x2c87, 0x2c87, 0x2c87, 0x2c87, 0x2c87, 0x2c87, 0x2c87, 0x2c87, 0x2c87, 0x2c87,
    0x2c87, 0x2c87, 0x2c87, 0x2c87, 0x2c87, 0x2c87, 0x2c87, 0x2c87, 0x2c87, 0x2c87, 0x2c87, 0x2c87, 0x2c87, 0x2c87, 0x2c87, 0x2c87,
    0x2c87, 0x2c87, 0x2c87, 0x2c87, 0x2c87, 0x2c87, 0x2c87, 0x2c87, 0x2c87, 0x2c87, 0x2c87, 0x2c87, 0x2c87, 0x2c87, 0x2c87, 0x2c87,
    0x2c87, 0x2c87, 0x2c87, 0x2c87, 0x2c87, 0x2c87, 0x2c87, 0x2c87, 0x2c87, 0x2c87, 0x2c87, 0x2c87, 0x2c87, 0x2c87, 0x2c87, 0x2c87,
    0x2c87, 0x2c87, 0x2c87, 0x2c87, 0x2c87, 0x2c87, 0x2c87, 0x2c87, 0x2c87, 0x2c87, 0x2c87, 0x2c87, 0x2c87, 0x2c87, 0x2c87, 0x2c87,
    0x2c87, 0x2c87, 0x2c87, 0x2c87, 0x2c87, 0x2c87, 0x2c87, 0x2c87, 0x2c87, 0x2c87, 0x2c87, 0x2c87, 0x2c87, 0x2c87, 0x2c87, 0x2c87,
    0x2c87, 0x2c87, 0x2c87, 0x2c87, 0x2c87, 0x2c87, 0x2c87, 0x2c87, 0x2c87, 0x2c87, 0x2c87, 0x2c87, 0x2c87, 0x2c87, 0x2c87, 0x2c87,
    0x2c87, 0x2c87, 0x2c87, 0x2c87, 0x2c87, 0x2c87, 0x2c87, 0x2c87, 0x2c87, 0x2c87, 0x2c87, 0x2c87, 0x2c87, 0x2c87, 0x2c87, 0x2c87,
    0x2c87, 0x2c87, 0x2c87, 0x2c87, 0x2c87, 0x2c87, 0x2c87, 0x2c87, 0x2c87, 0x2c87, 0x2c87, 0x2c87, 0x2c87, 0x2c87, 0x2c87, 0x2c87,
    0x2c87, 0x2c87, 0x2c87, 0x2c87, 0x2c87, 0x2c87, 0x2c87, 0x2c87, 0x2c87, 0x2c87, 0x2c87, 0x2c87, 0x2c87, 0x2c87, 0x2c87, 0x2c87,
    0x2c87, 0x2c87, 0x2c87, 0x2c87, 0x2c87, 0x2c87, 0x2c87, 0x2c87, 0x2c87, 0x2c87, 0x2c87, 0x2c87, 0x2c87, 0x2c87, 0x2c87, 0x2c87,
    0x2c87, 0x2c87, 0x2c87, 0x2c87, 0x2c87, 0x2c87, 0x2c87, 0x2c87, 0x2c87, 0x2c87, 0x2c87, 0x2c87, 0x2c87, 0x2c87, 0x2c87, 0x2c87,
    0x2c87, 0x2c87, 0x2c87, 0x2c87, 0x2c87, 0x2c87, 0x2c87, 0x2c87, 0x2c87, 0x2c87, 0x2c87, 0x2c87, 0x18e2, 0x1081, 0xfd4a, 0xfd2b,
    0xf52b, 0xf50a, 0x0881, 0x10a2, 0x10a2, 0x1082, 0xd1e3, 0xd9e3, 0xd9e3, 0xda04, 0xda04, 0xda04, 0xda04, 0xda04, 0xda04, 0xda04,
    0xda04, 0xda04, 0xda04, 0xda04, 0xda04, 0xd9e4, 0xc1a3, 0xb143, 0x6103, 0x10a2, 0x0861, 0x0882, 0xfdcc, 0xfd8c, 0xfd4b, 0xfd4b,
    0x20c2, 0x1081, 0x2c87, 0x2c87, 0x2c87, 0x2c87, 0x2c87, 0x2c87, 0x2c87, 0x2c87, 0x2c87, 0x2c87, 0x2c87, 0x2c87, 0x2c87, 0x2c87,
    0x2c87, 0x2c87, 0x2c87, 0x2c87, 0x2c87, 0x2c87, 0x2c87, 0x2c87, 0x2c87, 0x2c87, 0x2c87, 0x2c87, 0x2c87, 0x2c87, 0x2c87, 0x2c87,
    0x2c87, 0x2c87, 0x2c87, 0x2c87, 0x2c87, 0x2c87, 0x2c87, 0x2c87, 0x2c87, 0x2c87, 0x2c87, 0x2c87, 0x2c87, 0x2c87, 0x2c87, 0x2c87,
    0x2c87, 0x2c87, 0x2c87, 0x2c87, 0x2c87, 0x2c87, 0x2c87, 0x2c87, 0x2c87, 0x2c87, 0x2c87, 0x2c87, 0x2c87, 0x2c87, 0x2c87, 0x2c87,
    0x2c87, 0x2c87, 0x2c87, 0x2c87, 0x2c87, 0x2c87, 0x2c87, 0x2c87, 0x2c87, 0x2c87, 0x2c87, 0x2c87, 0x2c87, 0x2c87, 0x2c87, 0x2c87,
    0x2c87, 0x2c87, 0x2c87, 0x2c87, 0x2c87, 0x2c87, 0x2c87, 0x2c87, 0x2c87, 0x2c87, 0x2c87, 0x2c87, 0x2c87, 0x2c87, 0x2c87, 0x2c87,
    0x2c87, 0x2c87, 0x2c87, 0x2c87, 0x2c87, 0x2c87, 0x2c87, 0x2c87, 0x2c87, 0x2c87, 0x2c87, 0x2c87, 0x2c87, 0x2c87, 0x2c87, 0x2c87,
    0x2c87, 0x2c87, 0x2c87, 0x2c87, 0x2c87, 0x2c87, 0x2c87, 0x2c87, 0x2c87, 0x2c87, 0x2c87, 0x2c87, 0x2c87, 0x2c87, 0x2c87, 0x2c87,
    0x2c87, 0x2c87, 0x2c87, 0x2c87, 0x2c87, 0x2c87, 0x2c87, 0x2c87, 0x2c87, 0x2c87, 0x2c87, 0x2c87, 0x2c87, 0x2c87, 0x2c87, 0x2c87,
    0x2c87, 0x2c87, 0x2c87, 0x2c87, 0x2c87, 0x2c87, 0x2c87, 0x2c87, 0x2c87, 0x2c87, 0x2c87, 0x2c87, 0x2c87, 0x2c87, 0x2c87, 0x2c87,
    0x2c87, 0x2c87, 0x2c87, 0x2c87, 0x2c87, 0x2c87, 0x2c87, 0x2c87, 0x2c87, 0x2c87, 0x2c87, 0x2c87, 0x2c87, 0x2c87, 0x2c87, 0x2c87,
    0x2c87, 0x2c87, 0x2c87, 0x2c87, 0x2c87, 0x2c87, 0x2c87, 0x2c87, 0x2c87, 0x2c87, 0x2c87, 0x2c87, 0x2c87, 0x2c87, 0x2c87, 0x2c87,
    0x2c87, 0x2c87, 0x2c87, 0x2c87, 0x2c87, 0x2c87, 0x2c87, 0x2c87, 0x2c87, 0x2c87, 0x2c87, 0x2c87, 0x18c2, 0x1081, 0xfd4b, 0xfd2a,
    0xfd4b, 0xf50a, 0x0862, 0x1081, 0x1082, 0x10a2, 0xd1e4, 0xd1c3, 0xd9e3, 0xd9e4, 0xda04, 0xda04, 0xda04, 0xda24, 0xda24, 0xda04,
    0xda04, 0xda04, 0xda04, 0xda04, 0xda03, 0xd9e4, 0xc1a3, 0xa943, 0x58e2, 0x18a2, 0x1081, 0x18c2, 0xfdac, 0xfd6b, 0xfd6b, 0xfd6b,
    0x20e2, 0x10a2, 0x2c87, 0x2c87, 0x2c87, 0x2c87, 0x2c87, 0x2c87, 0x2c87, 0x2c87, 0x2c87, 0x2c87, 0x2c87, 0x2c87, 0x2c87, 0x2c87,
    0x2c87, 0x2c87, 0x2c87, 0x2c87, 0x2c87, 0x2c87, 0x2c87, 0x2c87, 0x2c87, 0x2c87, 0x2c87, 0x2c87, 0x2c87, 0x2c87, 0x2c87, 0x2c87,
    0x2c87, 0x2c87, 0x2c87, 0x2c87, 0x2c87, 0x2c87, 0x2c87, 0x2c87, 0x2c87, 0x2c87, 0x2c87, 0x2c87, 0x2c87, 0x2c87, 0x2c87, 0x2c87,
    0x2c87, 0x2c87, 0x2c87, 0x2c87, 0x2c87, 0x2c87, 0x2c87, 0x2c87, 0x2c87, 0x2c87, 0x2c87, 0x2c87, 0x2c87, 0x2c87, 0x2c87, 0x2c87,
    0x2c87, 0x2c87, 0x2c87, 0x2c87, 0x2c87, 0x2c87, 0x2c87, 0x2c87, 0x2c87, 0x2c87, 0x2c87, 0x2c87, 0x2c87, 0x2c87, 0x2c87, 0x2c87,
    0x2c87, 0x2c87, 0x2c87, 0x2c87, 0x2c87, 0x2c87, 0x2c87, 0x2c87, 0x2c87, 0x2c87, 0x2c87, 0x2c87, 0x2c87, 0x2c87, 0x2c87, 0x2c87,
    0x2c87, 0x2c87, 0x2c87, 0x2c87, 0x2c87, 0x2c87, 0x2c87, 0x2c87, 0x2c87, 0x2c87, 0x2c87, 0x2c87, 0x2c87, 0x2c87, 0x2c87, 0x2c87,
    0x2c87, 0x2c87, 0x2c87, 0x2c87, 0x2c87, 0x2c87, 0x2c87, 0x2c87, 0x2c87, 0x2c87, 0x2c87, 0x2c87, 0x2c87, 0x2c87, 0x2c87, 0x2c87,
    0x2c87, 0x2c87, 0x2c87, 0x2c87, 0x2c87, 0x2c87, 0x2c87, 0x2c87, 0x2c87, 0x2c87, 0x2c87, 0x2c87, 0x2c87, 0x2c87, 0x2c87, 0x2c87,
    0x2c87, 0x2c87, 0x2c87, 0x2c87, 0x2c87, 0x2c87, 0x2c87, 0x2c87, 0x2c87, 0x2c87, 0x2c87, 0x2c87, 0x2c87, 0x2c87, 0x2c87, 0x2c87,
    0x2c87, 0x2c87, 0x2c87, 0x2c87, 0x2c87, 0x2c87, 0x2c87, 0x2c87, 0x2c87, 0x2c87, 0x2c87, 0x2c87, 0x2c87, 0x2c87, 0x2c87, 0x2c87,
    0x2c87, 0x2c87, 0x2c87, 0x2c87, 0x2c87, 0x2c87, 0x2c87, 0x2c87, 0x2c87, 0x2c87, 0x2c87, 0x2c87, 0x2c87, 0x2c87, 0x2c87, 0x2c87,
    0x2c87, 0x2c87, 0x2c87, 0x2c87, 0x2c87, 0x2c87, 0x2c87, 0x2c87, 0x2c87, 0x2c87, 0x2c87, 0x2c87, 0x1061, 0x10a1, 0xfd6b, 0xfd2a,
    0xfd2b, 0xf4e9, 0x0861, 0x0841, 0x0881, 0x18c2, 0xb963, 0xb963, 0xda04, 0xda04, 0xda04, 0xda03, 0xda04, 0xda04, 0xda04, 0xda04,
    0xda04, 0xda04, 0xda04, 0xda04, 0xda04, 0xd1c3, 0xc183, 0xb143, 0x48c2, 0x10a2, 0x18c2, 0x18c2, 0xfd6b, 0xfd4b, 0xfd6b, 0xfd6c,
    0x20e2, 0x10a1, 0x2c87, 0x2c87, 0x2c87, 0x2c87, 0x2c87, 0x2c87, 0x2c87, 0x2c87, 0x2c87, 0x2c87, 0x2c87, 0x2c87, 0x2c87, 0x2c87,
    0x2c87, 0x2c87, 0x2c87, 0x2c87, 0x2c87, 0x2c87, 0x2c87, 0x2c87, 0x2c87, 0x2c87, 0x2c87, 0x2c87, 0x2c87, 0x2c87, 0x2c87, 0x2c87,
    0x2c87, 0x2c87, 0x2c87, 0x2c87, 0x2c87, 0x2c87, 0x2c87, 0x2c87, 0x2c87, 0x2c87, 0x2c87, 0x2c87, 0x2c87, 0x2c87, 0x2c87, 0x2c87,
    0x2c87, 0x2c87, 0x2c87, 0x2c87, 0x2c87, 0x2c87, 0x2c87, 0x2c87, 0x2c87, 0x2c87, 0x2c87, 0x2c87, 0x2c87, 0x2c87, 0x2c87, 0x2c87,
    0x2c87, 0x2c87, 0x2c87, 0x2c87, 0x2c87, 0x2c87, 0x2c87, 0x2c87, 0x2c87, 0x2c87, 0x2c87, 0x2c87, 0x2c87, 0x2c87, 0x2c87, 0x2c87,
    0x2c87, 0x2c87, 0x2c87, 0x2c87, 0x2c87, 0x2c87, 0x2c87, 0x2c87, 0x2c87, 0x2c87, 0x2c87, 0x2c87, 0x2c87, 0x2c87, 0x2c87, 0x2c87,
    0x2c87, 0x2c87, 0x2c87, 0x2c87, 0x2c87, 0x2c87, 0x2c87, 0x2c87, 0x2c87, 0x2c87, 0x2c87, 0x2c87, 0x2c87, 0x2c87, 0x2c87, 0x2c87,
    0x2c87, 0x2c87, 0x2c87, 0x2c87, 0x2c87, 0x2c87, 0x2c87, 0x2c87, 0x2c87, 0x2c87, 0x2c87, 0x2c87, 0x2c87, 0x2c87, 0x2c87, 0x2c87,
    0x2c87, 0x2c87, 0x2c87, 0x2c87, 0x2c87, 0x2c87, 0x2c87, 0x2c87, 0x2c87, 0x2c87, 0x2c87, 0x2c87, 0x2c87, 0x2c87, 0x2c87, 0x2c87,
    0x2c87, 0x2c87, 0x2c87, 0x2c87, 0x2c87, 0x2c87, 0x2c87, 0x2c87, 0x2c87, 0x2c87, 0x2c87, 0x2c87, 0x2c87, 0x2c87, 0x2c87, 0x2c87,
    0x2c87, 0x2c87, 0x2c87, 0x2c87, 0x2c87, 0x2c87, 0x2c87, 0x2c87, 0x2c87, 0x2c87, 0x2c87, 0x2c87, 0x2c87, 0x2c87, 0x2c87, 0x2c87,
    0x2c87, 0x2c87, 0x2c87, 0x2c87, 0x2c87, 0x2c87, 0x2c87, 0x2c87, 0x2c87, 0x2c87, 0x2c87, 0x2c87, 0x2c87, 0x2c87, 0x2c87, 0x2c87,
    0x2c87, 0x2c87, 0x2c87, 0x2c87, 0x2c87, 0x2c87, 0x2c87, 0x2c87, 0x2c87, 0x2c87, 0x2c87, 0x10a2, 0xcc49, 0xfd0a, 0xfd2a, 0xfd2b,
    0xf52b, 0xf50a, 0x0881, 0x0861, 0x08a1, 0x10a2, 0xb963, 0xb963, 0xda04, 0xda03, 0xd9e3, 0xda03, 0xda03, 0xda04, 0xda04, 0xda04,
    0xda04, 0xda04, 0xda04, 0xd9e4, 0xd9e3, 0xb143, 0xb143, 0xa943, 0x40c2, 0x1082, 0x18c2, 0x10a2, 0xfd09, 0xfd4b, 0xfd6b, 0xfd6c,
    0x2903, 0x10c2, 0x2c87, 0x2c87, 0x2c87, 0x2c87, 0x2c87, 0x2c87, 0x2c87, 0x2c87, 0x2c87, 0x2c87, 0x2c87, 0x2c87, 0x2c87, 0x2c87,
    0x2c87, 0x2c87, 0x2c87, 0x2c87, 0x2c87, 0x2c87, 0x2c87, 0x2c87, 0x2c87, 0x2c87, 0x2c87, 0x2c87, 0x2c87, 0x2c87, 0x2c87, 0x2c87,
    0x2c87, 0x2c87, 0x2c87, 0x2c87, 0x2c87, 0x2c87, 0x2c87, 0x2c87, 0x2c87, 0x2c87, 0x2c87, 0x2c87, 0x2c87, 0x2c87, 0x2c87, 0x2c87,
    0x2c87, 0x2c87, 0x2c87, 0x2c87, 0x2c87, 0x2c87, 0x2c87, 0x2c87, 0x2c87, 0x2c87, 0x2c87, 0x2c87, 0x2c87, 0x2c87, 0x2c87, 0x2c87,
    0x2c87, 0x2c87, 0x2c87, 0x2c87, 0x2c87, 0x2c87, 0x2c87, 0x2c87, 0x2c87, 0x2c87, 0x2c87, 0x2c87, 0x2c87, 0x2c87, 0x2c87, 0x2c87,
    0x2c87, 0x2c87, 0x2c87, 0x2c87, 0x2c87, 0x2c87, 0x2c87, 0x2c87, 0x2c87, 0x2c87, 0x2c87, 0x2c87, 0x2c87, 0x2c87, 0x2c87, 0x2c87,
    0x2c87, 0x2c87, 0x2c87, 0x2c87, 0x2c87, 0x2c87, 0x2c87, 0x2c87, 0x2c87, 0x2c87, 0x2c87, 0x2c87, 0x2c87, 0x2c87, 0x2c87, 0x2c87,
    0x2c87, 0x2c87, 0x2c87, 0x2c87, 0x2c87, 0x2c87, 0x2c87, 0x2c87, 0x2c87, 0x2c87, 0x2c87, 0x2c87, 0x2c87, 0x2c87, 0x2c87, 0x2c87,
    0x2c87, 0x2c87, 0x2c87, 0x2c87, 0x2c87, 0x2c87, 0x2c87, 0x2c87, 0x2c87, 0x2c87, 0x2c87, 0x2c87, 0x2c87, 0x2c87, 0x2c87, 0x2c87,
    0x2c87, 0x2c87, 0x2c87, 0x2c87, 0x2c87, 0x2c87, 0x2c87, 0x2c87, 0x2c87, 0x2c87, 0x2c87, 0x2c87, 0x2c87, 0x2c87, 0x2c87, 0x2c87,
    0x2c87, 0x2c87, 0x2c87, 0x2c87, 0x2c87, 0x2c87, 0x2c87, 0x2c87, 0x2c87, 0x2c87, 0x2c87, 0x2c87, 0x2c87, 0x2c87, 0x2c87, 0x2c87,
    0x2c87, 0x2c87, 0x2c87, 0x2c87, 0x2c87, 0x2c87, 0x2c87, 0x2c87, 0x2c87, 0x2c87, 0x2c87, 0x2c87, 0x2c87, 0x2c87, 0x2c87, 0x2c87,
    0x2c87, 0x2c87, 0x2c87, 0x2c87, 0x2c87, 0x2c87, 0x2c87, 0x2c87, 0x2c87, 0x2c87, 0x2c87, 0x10c2, 0xcc6a, 0xfd0a, 0xfd2a, 0xfd2a,
    0x6a05, 0x4143, 0x18e3, 0x18e3, 0x08c2, 0x1081, 0xa963, 0xb143, 0xb163, 0xb983, 0xd9e3, 0xd9e3, 0xd9e4, 0xda04, 0xda04, 0xda04,
    0xda04, 0xda04, 0xc9c3, 0xb163, 0xb163, 0xb143, 0xa943, 0xa943, 0x40c2, 0x10a2, 0x18a2, 0x1082, 0xf4ea, 0xfd2b, 0xfd4b, 0xfd4b,
    0xed0b, 0xe4eb, 0x10a2, 0x18c2, 0x2c87, 0x2c87, 0x2c87, 0x2c87, 0x2c87, 0x2c87, 0x2c87, 0x2c87, 0x2c87, 0x2c87, 0x2c87, 0x2c87,
    0x2c87, 0x2c87, 0x2c87, 0x2c87, 0x2c87, 0x2c87, 0x2c87, 0x2c87, 0x2c87, 0x2c87, 0x2c87, 0x2c87, 0x2c87, 0x2c87, 0x2c87, 0x2c87,
    0x2c87, 0x2c87, 0x2c87, 0x2c87, 0x2c87, 0x2c87, 0x2c87, 0x2c87, 0x2c87, 0x2c87, 0x2c87, 0x2c87, 0x2c87, 0x2c87, 0x2c87, 0x2c87,
    0x2c87, 0x2c87, 0x2c87, 0x2c87, 0x2c87, 0x2c87, 0x2c87, 0x2c87, 0x2c87, 0x2c87, 0x2c87, 0x2c87, 0x2c87, 0x2c87, 0x2c87, 0x2c87,
    0x2c87, 0x2c87, 0x2c87, 0x2c87, 0x2c87, 0x2c87, 0x2c87, 0x2c87, 0x2c87, 0x2c87, 0x2c87, 0x2c87, 0x2c87, 0x2c87, 0x2c87, 0x2c87,
    0x2c87, 0x2c87, 0x2c87, 0x2c87, 0x2c87, 0x2c87, 0x2c87, 0x2c87, 0x2c87, 0x2c87, 0x2c87, 0x2c87, 0x2c87, 0x2c87, 0x2c87, 0x2c87,
    0x2c87, 0x2c87, 0x2c87, 0x2c87, 0x2c87, 0x2c87, 0x2c87, 0x2c87, 0x2c87, 0x2c87, 0x2c87, 0x2c87, 0x2c87, 0x2c87, 0x2c87, 0x2c87,
    0x2c87, 0x2c87, 0x2c87, 0x2c87, 0x2c87, 0x2c87, 0x2c87, 0x2c87, 0x2c87, 0x2c87, 0x2c87, 0x2c87, 0x2c87, 0x2c87, 0x2c87, 0x2c87,
    0x1ba6, 0x1ba6, 0x1ba6, 0x1ba6, 0x1ba6, 0x1ba6, 0x1ba6, 0x1ba6, 0x1ba6, 0x1ba6, 0x1ba6, 0x1ba6, 0x1ba6, 0x1ba6, 0x1ba6, 0x1ba6,
    0x1ba6, 0x1ba6, 0x1ba6, 0x1ba6, 0x1ba6, 0x1ba6, 0x1ba6, 0x1ba6, 0x1ba6, 0x1ba6, 0x1ba6, 0x1ba6, 0x1ba6, 0x1ba6, 0x1ba6, 0x1ba6,
    0x1ba6, 0x1ba6, 0x1ba6, 0x1ba6, 0x1ba6, 0x1ba6, 0x1ba6, 0x1ba6, 0x1ba6, 0x1ba6, 0x1ba6, 0x1ba6, 0x1ba6, 0x1ba6, 0x1ba6, 0x1ba6,
    0x1ba6, 0x1ba6, 0x1ba6, 0x1ba6, 0x1ba6, 0x1ba6, 0x1ba6, 0x1ba6, 0x1ba6, 0x1ba6, 0x1ba6, 0x1ba6, 0x1ba6, 0x1ba6, 0x1ba6, 0x1ba6,
    0x1ba6, 0x1ba6, 0x1ba6, 0x1ba6, 0x1ba6, 0x1ba6, 0x1ba6, 0x1ba6, 0x1ba6, 0x1ba6, 0x1ba6, 0x10c2, 0xc449, 0xfd0a, 0xfd2a, 0xfd0a,
    0x4983, 0x18c2, 0x1ba6, 0x1ba6, 0x08c2, 0x0861, 0xa943, 0xa943, 0xa943, 0xb163, 0xc9c3, 0xda03, 0xd9e3, 0xda04, 0xda04, 0xda04,
    0xda04, 0xda04, 0xc9c3, 0xb163, 0xb163, 0xb143, 0xb143, 0xa943, 0x48e2, 0x18c2, 0x10a1, 0x10a1, 0xfd0a, 0xf50a, 0xfd4b, 0xfd4b,
    0xfd4a, 0xfd4b, 0x0861, 0x10a2, 0x1ba6, 0x1ba6, 0x1ba6, 0x1ba6, 0x1ba6, 0x1ba6, 0x1ba6, 0x1ba6, 0x1ba6, 0x1ba6, 0x1ba6, 0x1ba6,
    0x1ba6, 0x1ba6, 0x1ba6, 0x1ba6, 0x1ba6, 0x1ba6, 0x1ba6, 0x1ba6, 0x1ba6, 0x1ba6, 0x1ba6, 0x1ba6, 0x1ba6, 0x1ba6, 0x1ba6, 0x1ba6,
    0x1ba6, 0x1ba6, 0x1ba6, 0x1ba6, 0x1ba6, 0x1ba6, 0x1ba6, 0x1ba6, 0x1ba6, 0x1ba6, 0x1ba6, 0x1ba6, 0x1ba6, 0x1ba6, 0x1ba6, 0x1ba6,
    0x1ba6, 0x1ba6, 0x1ba6, 0x1ba6, 0x1ba6, 0x1ba6, 0x1ba6, 0x1ba6, 0x1ba6, 0x1ba6, 0x1ba6, 0x1ba6, 0x1ba6, 0x1ba6, 0x1ba6, 0x1ba6,
    0x1ba6, 0x1ba6, 0x1ba6, 0x1ba6, 0x1ba6, 0x1ba6, 0x1ba6, 0x1ba6, 0x1ba6, 0x1ba6, 0x1ba6, 0x1ba6, 0x1ba6, 0x1ba6, 0x1ba6, 0x1ba6,
    0x1ba6, 0x1ba6, 0x1ba6, 0x1ba6, 0x1ba6, 0x1ba6, 0x1ba6, 0x1ba6, 0x1ba6, 0x1ba6, 0x1ba6, 0x1ba6, 0x1ba6, 0x1ba6, 0x1ba6, 0x1ba6,
    0x1ba6, 0x1ba6, 0x1ba6, 0x1ba6, 0x1ba6, 0x1ba6, 0x1ba6, 0x1ba6, 0x1ba6, 0x1ba6, 0x1ba6, 0x1ba6, 0x1ba6, 0x1ba6, 0x1ba6, 0x1ba6,
    0x1ba6, 0x1ba6, 0x1ba6, 0x1ba6, 0x1ba6, 0x1ba6, 0x1ba6, 0x1ba6, 0x1ba6, 0x1ba6, 0x1ba6, 0x1ba6, 0x1ba6, 0x1ba6, 0x1ba6, 0x1ba6,
    0x1ba6, 0x1ba6, 0x1ba6, 0x1ba6, 0x1ba6, 0x1ba6, 0x1ba6, 0x1ba6, 0x1ba6, 0x1ba6, 0x1ba6, 0x1ba6, 0x1ba6, 0x1ba6, 0x1ba6, 0x1ba6,
    0x1ba6, 0x1ba6, 0x1ba6, 0x1ba6, 0x1ba6, 0x1ba6, 0x1ba6, 0x1ba6, 0x1ba6, 0x1ba6, 0x1ba6, 0x1ba6, 0x1ba6, 0x1ba6, 0x1ba6, 0x1ba6,
    0x1ba6, 0x1ba6, 0x1ba6, 0x1ba6, 0x1ba6, 0x1ba6, 0x1ba6, 0x1ba6, 0x1ba6, 0x1ba6, 0x1ba6, 0x1ba6, 0x1ba6, 0x1ba6, 0x1ba6, 0x1ba6,
    0x1ba6, 0x1ba6, 0x1ba6, 0x1ba6, 0x1ba6, 0x1ba6, 0x1ba6, 0x1ba6, 0x1ba6, 0x1ba6, 0x1ba6, 0x1ba6, 0x1ba6, 0x1ba6, 0x1ba6, 0x1ba6,
    0x1ba6, 0x1ba6, 0x1ba6, 0x1ba6, 0x1ba6, 0x1ba6, 0x1ba6, 0x1ba6, 0x1ba6, 0x1ba6, 0x1ba6, 0x10a2, 0xc429, 0xfd2a, 0xfd2b, 0xfd0a,
    0x4143, 0x10a1, 0x1ba6, 0x1ba6, 0x08c2, 0x1081, 0xa943, 0xa943, 0xd9e3, 0xda04, 0xd9e4, 0xd9e4, 0xda03, 0xd9e3, 0xd9e4, 0xda04,
    0xda04, 0xda04, 0xd9e3, 0xd9e3, 0xe1e3, 0xc9a3, 0xb143, 0xb143, 0x50e2, 0x18c2, 0x1ba6, 0x1ba6, 0x18a2, 0x7a85, 0xfd4a, 0xfd4b,
    0xfd4b, 0xf52b, 0x0041, 0x10a2, 0x1ba6, 0x1ba6, 0x1ba6, 0x1ba6, 0x1ba6, 0x1ba6, 0x1ba6, 0x1ba6, 0x1ba6, 0x1ba6, 0x1ba6, 0x1ba6,
    0x1ba6, 0x1ba6, 0x1ba6, 0x1ba6, 0x1ba6, 0x1ba6, 0x1ba6, 0x1ba6, 0x1ba6, 0x1ba6, 0x1ba6, 0x1ba6, 0x1ba6, 0x1ba6, 0x1ba6, 0x1ba6,
    0x1ba6, 0x1ba6, 0x1ba6, 0x1ba6, 0x1ba6, 0x1ba6, 0x1ba6, 0x1ba6, 0x1ba6, 0x1ba6, 0x1ba6, 0x1ba6, 0x1ba6, 0x1ba6, 0x1ba6, 0x1ba6,
    0x1ba6, 0x1ba6, 0x1ba6, 0x1ba6, 0x1ba6, 0x1ba6, 0x1ba6, 0x1ba6, 0x1ba6, 0x1ba6, 0x1ba6, 0x1ba6, 0x1ba6, 0x1ba6, 0x1ba6, 0x1ba6,
    0x1ba6, 0x1ba6, 0x1ba6, 0x1ba6, 0x1ba6, 0x1ba6, 0x1ba6, 0x1ba6, 0x1ba6, 0x1ba6, 0x1ba6, 0x1ba6, 0x1ba6, 0x1ba6, 0x1ba6, 0x1ba6,
    0x1ba6, 0x1ba6, 0x1ba6, 0x1ba6, 0x1ba6, 0x1ba6, 0x1ba6, 0x1ba6, 0x1ba6, 0x1ba6, 0x1ba6, 0x1ba6, 0x1ba6, 0x1ba6, 0x1ba6, 0x1ba6,
    0x1ba6, 0x1ba6, 0x1ba6, 0x1ba6, 0x1ba6, 0x1ba6, 0x1ba6, 0x1ba6, 0x1ba6, 0x1ba6, 0x1ba6, 0x1ba6, 0x1ba6, 0x1ba6, 0x1ba6, 0x1ba6,
    0x1ba6, 0x1ba6, 0x1ba6, 0x1ba6, 0x1ba6, 0x1ba6, 0x1ba6, 0x1ba6, 0x1ba6, 0x1ba6, 0x1ba6, 0x1ba6, 0x1ba6, 0x1ba6, 0x1ba6, 0x1ba6,
    0x1ba6, 0x1ba6, 0x1ba6, 0x1ba6, 0x1ba6, 0x1ba6, 0x1ba6, 0x1ba6, 0x1ba6, 0x1ba6, 0x1ba6, 0x1ba6, 0x1ba6, 0x1ba6, 0x1ba6, 0x1ba6,
    0x1ba6, 0x1ba6, 0x1ba6, 0x1ba6, 0x1ba6, 0x1ba6, 0x1ba6, 0x1ba6, 0x1ba6, 0x1ba6, 0x1ba6, 0x1ba6, 0x1ba6, 0x1ba6, 0x1ba6, 0x1ba6,
    0x1ba6, 0x1ba6, 0x1ba6, 0x1ba6, 0x1ba6, 0x1ba6, 0x1ba6, 0x1ba6, 0x1ba6, 0x1ba6, 0x1ba6, 0x1ba6, 0x1ba6, 0x1ba6, 0x1ba6, 0x1ba6,
    0x1ba6, 0x1ba6, 0x1ba6, 0x1ba6, 0x1ba6, 0x1ba6, 0x1ba6, 0x1ba6, 0x1ba6, 0x1ba6, 0x1ba6, 0x1ba6, 0x1ba6, 0x1ba6, 0x1ba6, 0x1ba6,
    0x1ba6, 0x1ba6, 0x1ba6, 0x1ba6, 0x1ba6, 0x1ba6, 0x1ba6, 0x1ba6, 0x1ba6, 0x1ba6, 0x1ba6, 0x10a2, 0xc449, 0xfd2b, 0xfd2a, 0xfd0a,
    0x3943, 0x0861, 0x1ba6, 0x1ba6, 0x1102, 0x1082, 0xa943, 0xa943, 0xda04, 0xda04, 0xd9e4, 0xd9e3, 0xd1e3, 0xb163, 0xb163, 0xd1e3,
    0xda03, 0xda03, 0xd9e3, 0xd9e3, 0xd9e3, 0xc9a3, 0xb143, 0xb143, 0x6102, 0x10c2, 0x1ba6, 0x1ba6, 0x10a2, 0x82a6, 0xfd4a, 0xfd4b,
    0xfd4b, 0xfd4b, 0x0061, 0x10a2, 0x1ba6, 0x1ba6, 0x1ba6, 0x1ba6, 0x1ba6, 0x1ba6, 0x1ba6, 0x1ba6, 0x1ba6, 0x1ba6, 0x1ba6, 0x1ba6,
    0x1ba6, 0x1ba6, 0x1ba6, 0x1ba6, 0x1ba6, 0x1ba6, 0x1ba6, 0x1ba6, 0x1ba6, 0x1ba6, 0x1ba6, 0x1ba6, 0x1ba6, 0x1ba6, 0x1ba6, 0x1ba6,
    0x1ba6, 0x1ba6, 0x1ba6, 0x1ba6, 0x1ba6, 0x1ba6, 0x1ba6, 0x1ba6, 0x1ba6, 0x1ba6, 0x1ba6, 0x1ba6, 0x1ba6, 0x1ba6, 0x1ba6, 0x1ba6,
    0x1ba6, 0x1ba6, 0x1ba6, 0x1ba6, 0x1ba6, 0x1ba6, 0x1ba6, 0x1ba6, 0x1ba6, 0x1ba6, 0x1ba6, 0x1ba6, 0x1ba6, 0x1ba6, 0x1ba6, 0x1ba6,
    0x1ba6, 0x1ba6, 0x1ba6, 0x1ba6, 0x1ba6, 0x1ba6, 0x1ba6, 0x1ba6, 0x1ba6, 0x1ba6, 0x1ba6, 0x1ba6, 0x1ba6, 0x1ba6, 0x1ba6, 0x1ba6,
    0x1ba6, 0x1ba6, 0x1ba6, 0x1ba6, 0x1ba6, 0x1ba6, 0x1ba6, 0x1ba6, 0x1ba6, 0x1ba6, 0x1ba6, 0x1ba6, 0x1ba6, 0x1ba6, 0x1ba6, 0x1ba6,
    0x1ba6, 0x1ba6, 0x1ba6, 0x1ba6, 0x1ba6, 0x1ba6, 0x1ba6, 0x1ba6, 0x1ba6, 0x1ba6, 0x1ba6, 0x1ba6, 0x1ba6, 0x1ba6, 0x1ba6, 0x1ba6,
    0x1ba6, 0x1ba6, 0x1ba6, 0x1ba6, 0x1ba6, 0x1ba6, 0x1ba6, 0x1ba6, 0x1ba6, 0x1ba6, 0x1ba6, 0x1ba6, 0x1ba6, 0x1ba6, 0x1ba6, 0x1ba6,
    0x1ba6, 0x1ba6, 0x1ba6, 0x1ba6, 0x1ba6, 0x1ba6, 0x1ba6, 0x1ba6, 0x1ba6, 0x1ba6, 0x1ba6, 0x1ba6, 0x1ba6, 0x1ba6, 0x1ba6, 0x1ba6,
    0x1ba6, 0x1ba6, 0x1ba6, 0x1ba6, 0x1ba6, 0x1ba6, 0x1ba6, 0x1ba6, 0x1ba6, 0x1ba6, 0x1ba6, 0x1ba6, 0x1ba6, 0x1ba6, 0x1ba6, 0x1ba6,
    0x1ba6, 0x1ba6, 0x1ba6, 0x1ba6, 0x1ba6, 0x1ba6, 0x1ba6, 0x1ba6, 0x1ba6, 0x1ba6, 0x1ba6, 0x1ba6, 0x1ba6, 0x1ba6, 0x1ba6, 0x1ba6,
    0x1ba6, 0x1ba6, 0x1ba6, 0x1ba6, 0x1ba6, 0x1ba6, 0x1ba6, 0x1ba6, 0x1ba6, 0x1ba6, 0x1ba6, 0x1ba6, 0x1ba6, 0x1ba6, 0x1ba6, 0x1ba6,
    0x1ba6, 0x1ba6, 0x1ba6, 0x1ba6, 0x1ba6, 0x1ba6, 0x1ba6, 0x1ba6, 0x1ba6, 0x1ba6, 0x1ba6, 0x10a2, 0xc469, 0xfd2b, 0xfd2a, 0xfd0a,
    0x4163, 0x0881, 0x1ba6, 0x1ba6, 0x1102, 0x18a2, 0xb143, 0xb163, 0xa943, 0xb983, 0xc9e3, 0xc9c3, 0xc1a3, 0xb143, 0xb143, 0xc9a3,
    0xd1e3, 0xd1c3, 0xc9a3, 0xc183, 0xb983, 0xa943, 0xa943, 0xb163, 0x5923, 0x18c2, 0x1ba6, 0x1ba6, 0x1081, 0x8ac6, 0xfd4a, 0xfd4b,
    0xfd6b, 0xfd4b, 0x0841, 0x10a2, 0x1ba6, 0x1ba6, 0x1ba6, 0x1ba6, 0x1ba6, 0x1ba6, 0x1ba6, 0x1ba6, 0x1ba6, 0x1ba6, 0x1ba6, 0x1ba6,
    0x1ba6, 0x1ba6, 0x1ba6, 0x1ba6, 0x1ba6, 0x1ba6, 0x1ba6, 0x1ba6, 0x1ba6, 0x1ba6, 0x1ba6, 0x1ba6, 0x1ba6, 0x1ba6, 0x1ba6, 0x1ba6,
    0x1ba6, 0x1ba6, 0x1ba6, 0x1ba6, 0x1ba6, 0x1ba6, 0x1ba6, 0x1ba6, 0x1ba6, 0x1ba6, 0x1ba6, 0x1ba6, 0x1ba6, 0x1ba6, 0x1ba6, 0x1ba6,
    0x1ba6, 0x1ba6, 0x1ba6, 0x1ba6, 0x1ba6, 0x1ba6, 0x1ba6, 0x1ba6, 0x1ba6, 0x1ba6, 0x1ba6, 0x1ba6, 0x1ba6, 0x1ba6, 0x1ba6, 0x1ba6,
    0x1ba6, 0x1ba6, 0x1ba6, 0x1ba6, 0x1ba6, 0x1ba6, 0x1ba6, 0x1ba6, 0x1ba6, 0x1ba6, 0x1ba6, 0x1ba6, 0x1ba6, 0x1ba6, 0x1ba6, 0x1ba6,
    0x1ba6, 0x1ba6, 0x1ba6, 0x1ba6, 0x1ba6, 0x1ba6, 0x1ba6, 0x1ba6, 0x1ba6, 0x1ba6, 0x1ba6, 0x1ba6, 0x1ba6, 0x1ba6, 0x1ba6, 0x1ba6,
    0x1ba6, 0x1ba6, 0x1ba6, 0x1ba6, 0x1ba6, 0x1ba6, 0x1ba6, 0x1ba6, 0x1ba6, 0x1ba6, 0x1ba6, 0x1ba6, 0x1ba6, 0x1ba6, 0x1ba6, 0x1ba6,
    0x1ba6, 0x1ba6, 0x1ba6, 0x1ba6, 0x1ba6, 0x1ba6, 0x1ba6, 0x1ba6, 0x1ba6, 0x1ba6, 0x1ba6, 0x1ba6, 0x1ba6, 0x1ba6, 0x1ba6, 0x1ba6,
    0x1ba6, 0x1ba6, 0x1ba6, 0x1ba6, 0x1ba6, 0x1ba6, 0x1ba6, 0x1ba6, 0x1ba6, 0x1ba6, 0x1ba6, 0x1ba6, 0x1ba6, 0x1ba6, 0x1ba6, 0x1ba6,
    0x1ba6, 0x1ba6, 0x1ba6, 0x1ba6, 0x1ba6, 0x1ba6, 0x1ba6, 0x1ba6, 0x1ba6, 0x1ba6, 0x1ba6, 0x1ba6, 0x1ba6, 0x1ba6, 0x1ba6, 0x1ba6,
    0x1ba6, 0x1ba6, 0x1ba6, 0x1ba6, 0x1ba6, 0x1ba6, 0x1ba6, 0x1ba6, 0x1ba6, 0x1ba6, 0x1ba6, 0x1ba6, 0x1ba6, 0x1ba6, 0x1ba6, 0x1ba6,
    0x1ba6, 0x1ba6, 0x1ba6, 0x1ba6, 0x1ba6, 0x1ba6, 0x1ba6, 0x1ba6, 0x1ba6, 0x1ba6, 0x1ba6, 0x1ba6, 0x1ba6, 0x1ba6, 0x1ba6, 0x1ba6,
    0x1ba6, 0x1ba6, 0x1ba6, 0x1ba6, 0x1ba6, 0x1ba6, 0x1ba6, 0x1ba6, 0x1ba6, 0x1ba6, 0x1ba6, 0x10a2, 0xc449, 0xfd2b, 0xfd2a, 0xf50a,
    0x51a4, 0x10a2, 0x1ba6, 0x1ba6, 0x10c2, 0x10a2, 0xb142, 0xb143, 0xa963, 0xa963, 0xb163, 0xa943, 0xa943, 0xa943, 0xa942, 0xa942,
    0xa942, 0xa942, 0xa943, 0xa942, 0xa942, 0xa943, 0xa943, 0xb963, 0x30c2, 0x10c2, 0x1ba6, 0x1ba6, 0x10a1, 0x7a45, 0xcbe7, 0xfd2a,
    0xfd4b, 0xfd4b, 0x0041, 0x10a2, 0x1ba6, 0x1ba6, 0x1ba6, 0x1ba6, 0x1ba6, 0x1ba6, 0x1ba6, 0x1ba6, 0x1ba6, 0x1ba6, 0x1ba6, 0x1ba6,
    0x1ba6, 0x1ba6, 0x1ba6, 0x1ba6, 0x1ba6, 0x1ba6, 0x1ba6, 0x1ba6, 0x1ba6, 0x1ba6, 0x1ba6, 0x1ba6, 0x1ba6, 0x1ba6, 0x1ba6, 0x1ba6,
    0x1ba6, 0x1ba6, 0x1ba6, 0x1ba6, 0x1ba6, 0x1ba6, 0x1ba6, 0x1ba6, 0x1ba6, 0x1ba6, 0x1ba6, 0x1ba6, 0x1ba6, 0x1ba6, 0x1ba6, 0x1ba6,
    0x1ba6, 0x1ba6, 0x1ba6, 0x1ba6, 0x1ba6, 0x1ba6, 0x1ba6, 0x1ba6, 0x1ba6, 0x1ba6, 0x1ba6, 0x1ba6, 0x1ba6, 0x1ba6, 0x1ba6, 0x1ba6,
    0x1ba6, 0x1ba6, 0x1ba6, 0x1ba6, 0x1ba6, 0x1ba6, 0x1ba6, 0x1ba6, 0x1ba6, 0x1ba6, 0x1ba6, 0x1ba6, 0x1ba6, 0x1ba6, 0x1ba6, 0x1ba6,
    0x1ba6, 0x1ba6, 0x1ba6, 0x1ba6, 0x1ba6, 0x1ba6, 0x1ba6, 0x1ba6, 0x1ba6, 0x1ba6, 0x1ba6, 0x1ba6, 0x1ba6, 0x1ba6, 0x1ba6, 0x1ba6,
    0x1ba6, 0x1ba6, 0x1ba6, 0x1ba6, 0x1ba6, 0x1ba6, 0x1ba6, 0x1ba6, 0x1ba6, 0x1ba6, 0x1ba6, 0x1ba6, 0x1ba6, 0x1ba6, 0x1ba6, 0x1ba6,
    0x1ba6, 0x1ba6, 0x1ba6, 0x1ba6, 0x1ba6, 0x1ba6, 0x1ba6, 0x1ba6, 0x1ba6, 0x1ba6, 0x1ba6, 0x1ba6, 0x1ba6, 0x1ba6, 0x1ba6, 0x1ba6,
    0x1ba6, 0x1ba6, 0x1ba6, 0x1ba6, 0x1ba6, 0x1ba6, 0x1ba6, 0x1ba6, 0x1ba6, 0x1ba6, 0x1ba6, 0x1ba6, 0x1ba6, 0x1ba6, 0x1ba6, 0x1ba6,
    0x1ba6, 0x1ba6, 0x1ba6, 0x1ba6, 0x1ba6, 0x1ba6, 0x1ba6, 0x1ba6, 0x1ba6, 0x1ba6, 0x1ba6, 0x1ba6, 0x1ba6, 0x1ba6, 0x1ba6, 0x1ba6,
    0x1ba6, 0x1ba6, 0x1ba6, 0x1ba6, 0x1ba6, 0x1ba6, 0x1ba6, 0x1ba6, 0x1ba6, 0x1ba6, 0x1ba6, 0x1ba6, 0x1ba6, 0x1ba6, 0x1ba6, 0x1ba6,
    0x1ba6, 0x1ba6, 0x1ba6, 0x1ba6, 0x1ba6, 0x1ba6, 0x1ba6, 0x1ba6, 0x1ba6, 0x1ba6, 0x1ba6, 0x1ba6, 0x1ba6, 0x1ba6, 0x1ba6, 0x1ba6,
    0x1ba6, 0x1ba6, 0x1ba6, 0x1ba6, 0x1ba6, 0x1ba6, 0x1ba6, 0x1ba6, 0x1ba6, 0x1ba6, 0x1ba6, 0x10a2, 0xc449, 0xfd2b, 0xfd4b, 0xfd2b,
    0x20e2, 0x18c2, 0x1ba6, 0x1962, 0x0881, 0xd9c3, 0xd9e3, 0xd9e4, 0xb962, 0xb162, 0xb143, 0xb143, 0xb143, 0xb142, 0xb142, 0xa942,
    0xa942, 0xa942, 0xa942, 0xa942, 0xa942, 0xb142, 0xb142, 0xb963, 0x2861, 0x1081, 0x1ba6, 0x1ba6, 0x1ba6, 0x18a3, 0x3103, 0xfd0a,
    0xfd2b, 0xfd2a, 0x0041, 0x18c2, 0x1ba6, 0x1ba6, 0x1ba6, 0x1ba6, 0x1ba6, 0x1ba6, 0x1ba6, 0x1ba6, 0x1ba6, 0x1ba6, 0x1ba6, 0x1ba6,
    0x1ba6, 0x1ba6, 0x1ba6, 0x1ba6, 0x1ba6, 0x1ba6, 0x1ba6, 0x1ba6, 0x1ba6, 0x1ba6, 0x1ba6, 0x1ba6, 0x1ba6, 0x1ba6, 0x1ba6, 0x1ba6,
    0x1ba6, 0x1ba6, 0x1ba6, 0x1ba6, 0x1ba6, 0x1ba6, 0x1ba6, 0x1ba6, 0x1ba6, 0x1ba6, 0x1ba6, 0x1ba6, 0x1ba6, 0x1ba6, 0x1ba6, 0x1ba6,
    0x1ba6, 0x1ba6, 0x1ba6, 0x1ba6, 0x1ba6, 0x1ba6, 0x1ba6, 0x1ba6, 0x1ba6, 0x1ba6, 0x1ba6, 0x1ba6, 0x1ba6, 0x1ba6, 0x1ba6, 0x1ba6,
    0x1ba6, 0x1ba6, 0x1ba6, 0x1ba6, 0x1ba6, 0x1ba6, 0x1ba6, 0x1ba6, 0x1ba6, 0x1ba6, 0x1ba6, 0x1ba6, 0x1ba6, 0x1ba6, 0x1ba6, 0x1ba6,
    0x1ba6, 0x1ba6, 0x1ba6, 0x1ba6, 0x1ba6, 0x1ba6, 0x1ba6, 0x1ba6, 0x1ba6, 0x1ba6, 0x1ba6, 0x1ba6, 0x1ba6, 0x1ba6, 0x1ba6, 0x1ba6,
    0x1ba6, 0x1ba6, 0x1ba6, 0x1ba6, 0x1ba6, 0x1ba6, 0x1ba6, 0x1ba6, 0x1ba6, 0x1ba6, 0x1ba6, 0x1ba6, 0x1ba6, 0x1ba6, 0x1ba6, 0x1ba6,
    0x1ba6, 0x1ba6, 0x1ba6, 0x1ba6, 0x1ba6, 0x1ba6, 0x1ba6, 0x1ba6, 0x1ba6, 0x1ba6, 0x1ba6, 0x1ba6, 0x1ba6, 0x1ba6, 0x1ba6, 0x1ba6,
    0x1ba6, 0x1ba6, 0x1ba6, 0x1ba6, 0x1ba6, 0x1ba6, 0x1ba6, 0x1ba6, 0x1ba6, 0x1ba6, 0x1ba6, 0x1ba6, 0x1ba6, 0x1ba6, 0x1ba6, 0x1ba6,
    0x1ba6, 0x1ba6, 0x1ba6, 0x1ba6, 0x1ba6, 0x1ba6, 0x1ba6, 0x1ba6, 0x1ba6, 0x1ba6, 0x1ba6, 0x1ba6, 0x1ba6, 0x1ba6, 0x1ba6, 0x1ba6,
    0x1ba6, 0x1ba6, 0x1ba6, 0x1ba6, 0x1ba6, 0x1ba6, 0x1ba6, 0x1ba6, 0x1ba6, 0x1ba6, 0x1ba6, 0x1ba6, 0x1ba6, 0x1ba6, 0x1ba6, 0x1ba6,
    0x1ba6, 0x1ba6, 0x1ba6, 0x1ba6, 0x1ba6, 0x1ba6, 0x1ba6, 0x1ba6, 0x1ba6, 0x1ba6, 0x1ba6, 0x1ba6, 0x1ba6, 0x1ba6, 0x1ba6, 0x1ba6,
    0x1ba6, 0x1ba6, 0x1ba6, 0x1ba6, 0x1ba6, 0x1ba6, 0x1ba6, 0x1ba6, 0x1ba6, 0x1ba6, 0x1ba6, 0x10a2, 0xc449, 0xfd4b, 0xfd6b, 0xf50b,
    0x18c2, 0x18c3, 0x1ba6, 0x1122, 0x0861, 0xd1e3, 0xda03, 0xda04, 0xda04, 0xd9e4, 0xd9e4, 0xd9e4, 0xd9e4, 0xd9e4, 0xd9e4, 0xd9e4,
    0xd9e3, 0xd9e3, 0xda04, 0xda04, 0xda04, 0xda04, 0xda04, 0xda04, 0xd1e4, 0x1081, 0x1061, 0x1ba6, 0x1ba6, 0x18c2, 0x5183, 0xfd0a,
    0xfd0a, 0xf52a, 0x0862, 0x18c3, 0x1ba6, 0x1ba6, 0x1ba6, 0x1ba6, 0x1ba6, 0x1ba6, 0x1ba6, 0x1ba6, 0x1ba6, 0x1ba6, 0x1ba6, 0x1ba6,
    0x1ba6, 0x1ba6, 0x1ba6, 0x1ba6, 0x1ba6, 0x1ba6, 0x1ba6, 0x1ba6, 0x1ba6, 0x1ba6, 0x1ba6, 0x1ba6, 0x1ba6, 0x1ba6, 0x1ba6, 0x1ba6,
    0x1ba6, 0x1ba6, 0x1ba6, 0x1ba6, 0x1ba6, 0x1ba6, 0x1ba6, 0x1ba6, 0x1ba6, 0x1ba6, 0x1ba6, 0x1ba6, 0x1ba6, 0x1ba6, 0x1ba6, 0x1ba6,
    0x1ba6, 0x1ba6, 0x1ba6, 0x1ba6, 0x1ba6, 0x1ba6, 0x1ba6, 0x1ba6, 0x1ba6, 0x1ba6, 0x1ba6, 0x1ba6, 0x1ba6, 0x1ba6, 0x1ba6, 0x1ba6,
    0x1ba6, 0x1ba6, 0x1ba6, 0x1ba6, 0x1ba6, 0x1ba6, 0x1ba6, 0x1ba6, 0x1ba6, 0x1ba6, 0x1ba6, 0x1ba6, 0x1ba6, 0x1ba6, 0x1ba6, 0x1ba6,
    0x1ba6, 0x1ba6, 0x1ba6, 0x1ba6, 0x1ba6, 0x1ba6, 0x1ba6, 0x1ba6, 0x1ba6, 0x1ba6, 0x1ba6, 0x1ba6, 0x1ba6, 0x1ba6, 0x1ba6, 0x1ba6,
    0x1ba6, 0x1ba6, 0x1ba6, 0x1ba6, 0x1ba6, 0x1ba6, 0x1ba6, 0x1ba6, 0x1ba6, 0x1ba6, 0x1ba6, 0x1ba6, 0x1ba6, 0x1ba6, 0x1ba6, 0x1ba6,
    0x1ba6, 0x1ba6, 0x1ba6, 0x1ba6, 0x1ba6, 0x1ba6, 0x1ba6, 0x1ba6, 0x1ba6, 0x1ba6, 0x1ba6, 0x1ba6, 0x1ba6, 0x1ba6, 0x1ba6, 0x1ba6,
    0x1ba6, 0x1ba6, 0x1ba6, 0x1ba6, 0x1ba6, 0x1ba6, 0x1ba6, 0x1ba6, 0x1ba6, 0x1ba6, 0x1ba6, 0x1ba6, 0x1ba6, 0x1ba6, 0x1ba6, 0x1ba6,
    0x1ba6, 0x1ba6, 0x1ba6, 0x1ba6, 0x1ba6, 0x1ba6, 0x1ba6, 0x1ba6, 0x1ba6, 0x1ba6, 0x1ba6, 0x1ba6, 0x1ba6, 0x1ba6, 0x1ba6, 0x1ba6,
    0x1ba6, 0x1ba6, 0x1ba6, 0x1ba6, 0x1ba6, 0x1ba6, 0x1ba6, 0x1ba6, 0x1ba6, 0x1ba6, 0x1ba6, 0x1ba6, 0x1ba6, 0x1ba6, 0x1ba6, 0x1ba6,
    0x1ba6, 0x1ba6, 0x1ba6, 0x1ba6, 0x1ba6, 0x1ba6, 0x1ba6, 0x1ba6, 0x1ba6, 0x1ba6, 0x1ba6, 0x1ba6, 0x1ba6, 0x1ba6, 0x1ba6, 0x1ba6,
    0x1ba6, 0x1ba6, 0x1ba6, 0x1ba6, 0x1ba6, 0x1ba6, 0x1ba6, 0x1ba6, 0x1ba6, 0x1ba6, 0x1ba6, 0x10a2, 0xc449, 0xfd4b, 0xe488, 0xe428,
    0x18c2, 0x18c2, 0x1ba6, 0x1983, 0x10a2, 0xd9e3, 0xda03, 0xda03, 0xda04, 0xda04, 0xda04, 0xda04, 0xda04, 0xda04, 0xda04, 0xda04,
    0xda03, 0xda04, 0xda04, 0xda04, 0xda04, 0xda04, 0xda04, 0xd204, 0xd1e4, 0x1081, 0x1081, 0x1ba6, 0x1ba6, 0x18c2, 0x18c2, 0xf468,
    0xf50a, 0xf52a, 0x0882, 0x18c3, 0x1ba6, 0x1ba6, 0x1ba6, 0x1ba6, 0x1ba6, 0x1ba6, 0x1ba6, 0x1ba6, 0x1ba6, 0x1ba6, 0x1ba6, 0x1ba6,
    0x1ba6, 0x1ba6, 0x1ba6, 0x1ba6, 0x1ba6, 0x1ba6, 0x1ba6, 0x1ba6, 0x1ba6, 0x1ba6, 0x1ba6, 0x1ba6, 0x1ba6, 0x1ba6, 0x1ba6, 0x1ba6,
    0x1ba6, 0x1ba6, 0x1ba6, 0x1ba6, 0x1ba6, 0x1ba6, 0x1ba6, 0x1ba6, 0x1ba6, 0x1ba6, 0x1ba6, 0x1ba6, 0x1ba6, 0x1ba6, 0x1ba6, 0x1ba6,
    0x1ba6, 0x1ba6, 0x1ba6, 0x1ba6, 0x1ba6, 0x1ba6, 0x1ba6, 0x1ba6, 0x1ba6, 0x1ba6, 0x1ba6, 0x1ba6, 0x1ba6, 0x1ba6, 0x1ba6, 0x1ba6,
    0x1ba6, 0x1ba6, 0x1ba6, 0x1ba6, 0x1ba6, 0x1ba6, 0x1ba6, 0x1ba6, 0x1ba6, 0x1ba6, 0x1ba6, 0x1ba6, 0x1ba6, 0x1ba6, 0x1ba6, 0x1ba6,
    0x1ba6, 0x1ba6, 0x1ba6, 0x1ba6, 0x1ba6, 0x1ba6, 0x1ba6, 0x1ba6, 0x1ba6, 0x1ba6, 0x1ba6, 0x1ba6, 0x1ba6, 0x1ba6, 0x1ba6, 0x1ba6,
    0x1ba6, 0x1ba6, 0x1ba6, 0x1ba6, 0x1ba6, 0x1ba6, 0x1ba6, 0x1ba6, 0x1ba6, 0x1ba6, 0x1ba6, 0x1ba6, 0x1ba6, 0x1ba6, 0x1ba6, 0x1ba6,
    0x1ba6, 0x1ba6, 0x1ba6, 0x1ba6, 0x1ba6, 0x1ba6, 0x1ba6, 0x1ba6, 0x1ba6, 0x1ba6, 0x1ba6, 0x1ba6, 0x1ba6, 0x1ba6, 0x1ba6, 0x1ba6,
    0x1ba6, 0x1ba6, 0x1ba6, 0x1ba6, 0x1ba6, 0x1ba6, 0x1ba6, 0x1ba6, 0x1ba6, 0x1ba6, 0x1ba6, 0x1ba6, 0x1ba6, 0x1ba6, 0x1ba6, 0x1ba6,
    0x1ba6, 0x1ba6, 0x1ba6, 0x1ba6, 0x1ba6, 0x1ba6, 0x1ba6, 0x1ba6, 0x1ba6, 0x1ba6, 0x1ba6, 0x1ba6, 0x1ba6, 0x1ba6, 0x1ba6, 0x1ba6,
    0x1ba6, 0x1ba6, 0x1ba6, 0x1ba6, 0x1ba6, 0x1ba6, 0x1ba6, 0x1ba6, 0x1ba6, 0x1ba6, 0x1ba6, 0x1ba6, 0x1ba6, 0x1ba6, 0x1ba6, 0x1ba6,
    0x1ba6, 0x1ba6, 0x1ba6, 0x1ba6, 0x1ba6, 0x1ba6, 0x1ba6, 0x1ba6, 0x1ba6, 0x1ba6, 0x1ba6, 0x1ba6, 0x1ba6, 0x1ba6, 0x1ba6, 0x1ba6,
    0x1ba6, 0x1ba6, 0x1ba6, 0x1ba6, 0x1ba6, 0x1ba6, 0x1ba6, 0x1ba6, 0x1ba6, 0x1ba6, 0x1ba6, 0x10a2, 0xbc09, 0xfd4b, 0xe447, 0xdc08,
    0x7a25, 0x0881, 0x1983, 0x2142, 0x10c2, 0xe203, 0xda03, 0xda04, 0xda04, 0xda04, 0xda04, 0xda04, 0xda04, 0xda04, 0xda04, 0xda04,
    0xda04, 0xda04, 0xda04, 0xda04, 0xda04, 0xda04, 0xda04, 0xd204, 0xd1e4, 0x18c2, 0x18c2, 0x1ba6, 0x1982, 0x10a2, 0x18a2, 0xf488,
    0xfd2b, 0xfd4b, 0x1082, 0x18c3, 0x1ba6, 0x1ba6, 0x1ba6, 0x1ba6, 0x1ba6, 0x1ba6, 0x1ba6, 0x1ba6, 0x1ba6, 0x1ba6, 0x1ba6, 0x1ba6,
    0x1ba6, 0x1ba6, 0x1ba6, 0x1ba6, 0x1ba6, 0x1ba6, 0x1ba6, 0x1ba6, 0x1ba6, 0x1ba6, 0x1ba6, 0x1ba6, 0x1ba6, 0x1ba6, 0x1ba6, 0x1ba6,
    0x1ba6, 0x1ba6, 0x1ba6, 0x1ba6, 0x1ba6, 0x1ba6, 0x1ba6, 0x1ba6, 0x1ba6, 0x1ba6, 0x1ba6, 0x1ba6, 0x1ba6, 0x1ba6, 0x1ba6, 0x1ba6,
    0x1ba6, 0x1ba6, 0x1ba6, 0x1ba6, 0x1ba6, 0x1ba6, 0x1ba6, 0x1ba6, 0x1ba6, 0x1ba6, 0x1ba6, 0x1ba6, 0x1ba6, 0x1ba6, 0x1ba6, 0x1ba6,
    0x1ba6, 0x1ba6, 0x1ba6, 0x1ba6, 0x1ba6, 0x1ba6, 0x1ba6, 0x1ba6, 0x1ba6, 0x1ba6, 0x1ba6, 0x1ba6, 0x1ba6, 0x1ba6, 0x1ba6, 0x1ba6,
    0x1ba6, 0x1ba6, 0x1ba6, 0x1ba6, 0x1ba6, 0x1ba6, 0x1ba6, 0x1ba6, 0x1ba6, 0x1ba6, 0x1ba6, 0x1ba6, 0x1ba6, 0x1ba6, 0x1ba6, 0x1ba6,
    0x1ba6, 0x1ba6, 0x1ba6, 0x1ba6, 0x1ba6, 0x1ba6, 0x1ba6, 0x1ba6, 0x1ba6, 0x1ba6, 0x1ba6, 0x1ba6, 0x1ba6, 0x1ba6, 0x1ba6, 0x1ba6,
    0x1ba6, 0x1ba6, 0x1ba6, 0x1ba6, 0x1ba6, 0x1ba6, 0x1ba6, 0x1ba6, 0x1ba6, 0x1ba6, 0x1ba6, 0x1ba6, 0x1ba6, 0x1ba6, 0x1ba6, 0x1ba6,
    0x1ba6, 0x1ba6, 0x1ba6, 0x1ba6, 0x1ba6, 0x1ba6, 0x1ba6, 0x1ba6, 0x1ba6, 0x1ba6, 0x1ba6, 0x1ba6, 0x1ba6, 0x1ba6, 0x1ba6, 0x1ba6,
    0x1ba6, 0x1ba6, 0x1ba6, 0x1ba6, 0x1ba6, 0x1ba6, 0x1ba6, 0x1ba6, 0x1ba6, 0x1ba6, 0x1ba6, 0x1ba6, 0x1ba6, 0x1ba6, 0x1ba6, 0x1ba6,
    0x1ba6, 0x1ba6, 0x1ba6, 0x1ba6, 0x1ba6, 0x1ba6, 0x1ba6, 0x1ba6, 0x1ba6, 0x1ba6, 0x1ba6, 0x1ba6, 0x1ba6, 0x1ba6, 0x1ba6, 0x1ba6,
    0x1ba6, 0x1ba6, 0x1ba6, 0x1ba6, 0x1ba6, 0x1ba6, 0x1ba6, 0x1ba6, 0x1ba6, 0x1ba6, 0x1ba6, 0x1ba6, 0x1ba6, 0x1ba6, 0x1ba6, 0x1ba6,
    0x1ba6, 0x1ba6, 0x1ba6, 0x1ba6, 0x1ba6, 0x1ba6, 0x1ba6, 0x1ba6, 0x1ba6, 0x1ba6, 0x1ba6, 0x10a2, 0xbc08, 0xfd2a, 0xfd4b, 0xfd6c,
    0xf52c, 0x0861, 0x0881, 0x0881, 0x0882, 0xe203, 0xda03, 0xd9e4, 0xd9e4, 0xda04, 0xda04, 0xda04, 0xda04, 0xda04, 0xda04, 0xda04,
    0xda04, 0xda04, 0xda04, 0xda04, 0xda04, 0xda03, 0xd1e4, 0xd204, 0xd9e4, 0x20e2, 0x20e2, 0x1ba6, 0x1923, 0x1881, 0xfce9, 0xf4e9,
    0xfd2b, 0xf54b, 0x0882, 0x18c2, 0x1ba6, 0x1ba6, 0x1ba6, 0x1ba6, 0x1ba6, 0x1ba6, 0x1ba6, 0x1ba6, 0x1ba6, 0x1ba6, 0x1ba6, 0x1ba6,
    0x1ba6, 0x1ba6, 0x1ba6, 0x1ba6, 0x1ba6, 0x1ba6, 0x1ba6, 0x1ba6, 0x1ba6, 0x1ba6, 0x1ba6, 0x1ba6, 0x1ba6, 0x1ba6, 0x1ba6, 0x1ba6,
    0x1ba6, 0x1ba6, 0x1ba6, 0x1ba6, 0x1ba6, 0x1ba6, 0x1ba6, 0x1ba6, 0x1ba6, 0x1ba6, 0x1ba6, 0x1ba6, 0x1ba6, 0x1ba6, 0x1ba6, 0x1ba6,
    0x1ba6, 0x1ba6, 0x1ba6, 0x1ba6, 0x1ba6, 0x1ba6, 0x1ba6, 0x1ba6, 0x1ba6, 0x1ba6, 0x1ba6, 0x1ba6, 0x1ba6, 0x1ba6, 0x1ba6, 0x1ba6,
    0x1ba6, 0x1ba6, 0x1ba6, 0x1ba6, 0x1ba6, 0x1ba6, 0x1ba6, 0x1ba6, 0x1ba6, 0x1ba6, 0x1ba6, 0x1ba6, 0x1ba6, 0x1ba6, 0x1ba6, 0x1ba6,
    0x1ba6, 0x1ba6, 0x1ba6, 0x1ba6, 0x1ba6, 0x1ba6, 0x1ba6, 0x1ba6, 0x1ba6, 0x1ba6, 0x1ba6, 0x1ba6, 0x1ba6, 0x1ba6, 0x1ba6, 0x1ba6,
    0x1ba6, 0x1ba6, 0x1ba6, 0x1ba6, 0x1ba6, 0x1ba6, 0x1ba6, 0x1ba6, 0x1ba6, 0x1ba6, 0x1ba6, 0x1ba6, 0x1ba6, 0x1ba6, 0x1ba6, 0x1ba6,
    0x1ba6, 0x1ba6, 0x1ba6, 0x1ba6, 0x1ba6, 0x1ba6, 0x1ba6, 0x1ba6, 0x1ba6, 0x1ba6, 0x1ba6, 0x1ba6, 0x1ba6, 0x1ba6, 0x1ba6, 0x1ba6,
    0x1ba6, 0x1ba6, 0x1ba6, 0x1ba6, 0x1ba6, 0x1ba6, 0x1ba6, 0x1ba6, 0x1ba6, 0x1ba6, 0x1ba6, 0x1ba6, 0x1ba6, 0x1ba6, 0x1ba6, 0x1ba6,
    0x1ba6, 0x1ba6, 0x1ba6, 0x1ba6, 0x1ba6, 0x1ba6, 0x1ba6, 0x1ba6, 0x1ba6, 0x1ba6, 0x1ba6, 0x1ba6, 0x1ba6, 0x1ba6, 0x1ba6, 0x1ba6,
    0x1ba6, 0x1ba6, 0x1ba6, 0x1ba6, 0x1ba6, 0x1ba6, 0x1ba6, 0x1ba6, 0x1ba6, 0x1ba6, 0x1ba6, 0x1ba6, 0x1ba6, 0x1ba6, 0x1ba6, 0x1ba6,
    0x1ba6, 0x1ba6, 0x1ba6, 0x1ba6, 0x1ba6, 0x1ba6, 0x1ba6, 0x1ba6, 0x1ba6, 0x1ba6, 0x1ba6, 0x1ba6, 0x1ba6, 0x1ba6, 0x1ba6, 0x1ba6,
    0x1ba6, 0x1ba6, 0x1ba6, 0x1ba6, 0x1ba6, 0x1ba6, 0x1ba6, 0x1ba6, 0x1ba6, 0x1ba6, 0x1ba6, 0x10a2, 0xbbe8, 0xfd4b, 0xfd8c, 0xfd6c,
    0xf4a9, 0x1081, 0x1082, 0x38c2, 0xc183, 0xd9e3, 0xd9e3, 0xd9e3, 0xda04, 0xda04, 0xda04, 0xda04, 0xda04, 0xda04, 0xda04, 0xda04,
    0xda04, 0xda04, 0xda04, 0xda04, 0xda03, 0xda03, 0xd1e4, 0xd204, 0xd9e4, 0xa963, 0x6923, 0x18e2, 0x18c2, 0x1882, 0xf4a8, 0xfcc9,
    0xfd2a, 0xfd2a, 0x0862, 0x10c2, 0x1ba6, 0x1ba6, 0x1ba6, 0x1ba6, 0x1ba6, 0x1ba6, 0x1ba6, 0x1ba6, 0x1ba6, 0x1ba6, 0x1ba6, 0x1ba6,
    0x1ba6, 0x1ba6, 0x1ba6, 0x1ba6, 0x1ba6, 0x1ba6, 0x1ba6, 0x1ba6, 0x1ba6, 0x1ba6, 0x1ba6, 0x1ba6, 0x1ba6, 0x1ba6, 0x1ba6, 0x1ba6,
    0x1ba6, 0x1ba6, 0x1ba6, 0x1ba6, 0x1ba6, 0x1ba6, 0x1ba6, 0x1ba6, 0x1ba6, 0x1ba6, 0x1ba6, 0x1ba6, 0x1ba6, 0x1ba6, 0x1ba6, 0x1ba6,
    0x1ba6, 0x1ba6, 0x1ba6, 0x1ba6, 0x1ba6, 0x1ba6, 0x1ba6, 0x1ba6, 0x1ba6, 0x1ba6, 0x1ba6, 0x1ba6, 0x1ba6, 0x1ba6, 0x1ba6, 0x1ba6,
    0x1ba6, 0x1ba6, 0x1ba6, 0x1ba6, 0x1ba6, 0x1ba6, 0x1ba6, 0x1ba6, 0x1ba6, 0x1ba6, 0x1ba6, 0x1ba6, 0x1ba6, 0x1ba6, 0x1ba6, 0x1ba6,
    0x1ba6, 0x1ba6, 0x1ba6, 0x1ba6, 0x1ba6, 0x1ba6, 0x1ba6, 0x1ba6, 0x1ba6, 0x1ba6, 0x1ba6, 0x1ba6, 0x1ba6, 0x1ba6, 0x1ba6, 0x1ba6,
    0x1ba6, 0x1ba6, 0x1ba6, 0x1ba6, 0x1ba6, 0x1ba6, 0x1ba6, 0x1ba6, 0x1ba6, 0x1ba6, 0x1ba6, 0x1ba6, 0x1ba6, 0x1ba6, 0x1ba6, 0x1ba6,
    0x1ba6, 0x1ba6, 0x1ba6, 0x1ba6, 0x1ba6, 0x1ba6, 0x1ba6, 0x1ba6, 0x1ba6, 0x1ba6, 0x1ba6, 0x1ba6, 0x1ba6, 0x1ba6, 0x1ba6, 0x1ba6,
    0x1ba6, 0x1ba6, 0x1ba6, 0x1ba6, 0x1ba6, 0x1ba6, 0x1ba6, 0x1ba6, 0x1ba6, 0x1ba6, 0x1ba6, 0x1ba6, 0x1ba6, 0x1ba6, 0x1ba6, 0x1ba6,
    0x1ba6, 0x1ba6, 0x1ba6, 0x1ba6, 0x1ba6, 0x1ba6, 0x1ba6, 0x1ba6, 0x1ba6, 0x1ba6, 0x1ba6, 0x1ba6, 0x1ba6, 0x1ba6, 0x1ba6, 0x1ba6,
    0x1ba6, 0x1ba6, 0x1ba6, 0x1ba6, 0x1ba6, 0x1ba6, 0x1ba6, 0x1ba6, 0x1ba6, 0x1ba6, 0x1ba6, 0x1ba6, 0x1ba6, 0x1ba6, 0x1ba6, 0x1ba6,
    0x1ba6, 0x1ba6, 0x1ba6, 0x1ba6, 0x1ba6, 0x1ba6, 0x1ba6, 0x1ba6, 0x1ba6, 0x1ba6, 0x1ba6, 0x1ba6, 0x1ba6, 0x1ba6, 0x1ba6, 0x1ba6,
    0x1ba6, 0x1ba6, 0x1ba6, 0x1ba6, 0x1ba6, 0x1ba6, 0x1ba6, 0x1ba6, 0x1ba6, 0x1ba6, 0x1ba6, 0x10a2, 0xbbe9, 0xfd6c, 0xab06, 0x71e3,
    0xec07, 0x10a2, 0x10a2, 0x5102, 0xd1e3, 0xd1e3, 0xd9e3, 0xd9e3, 0xd9e4, 0xda04, 0xda04, 0xda04, 0xda04, 0xda04, 0xda04, 0xda04,
    0xda04, 0xda04, 0xda04, 0xda03, 0xd9e3, 0xda03, 0xd9e4, 0xd1e4, 0xd9e3, 0xd1c3, 0x6922, 0x10a2, 0x1082, 0x1061, 0xe448, 0xaae5,
    0xfd4c, 0xfd4b, 0x0041, 0x10a2, 0x1ba6, 0x1ba6, 0x1ba6, 0x1ba6, 0x1ba6, 0x1ba6, 0x1ba6, 0x1ba6, 0x1ba6, 0x1ba6, 0x1ba6, 0x1ba6,
    0x1ba6, 0x1ba6, 0x1ba6, 0x1ba6, 0x1ba6, 0x1ba6, 0x1ba6, 0x1ba6, 0x1ba6, 0x1ba6, 0x1ba6, 0x1ba6, 0x1ba6, 0x1ba6, 0x1ba6, 0x1ba6,
    0x1ba6, 0x1ba6, 0x1ba6, 0x1ba6, 0x1ba6, 0x1ba6, 0x1ba6, 0x1ba6, 0x1ba6, 0x1ba6, 0x1ba6, 0x1ba6, 0x1ba6, 0x1ba6, 0x1ba6, 0x1ba6,
    0x1ba6, 0x1ba6, 0x1ba6, 0x1ba6, 0x1ba6, 0x1ba6, 0x1ba6, 0x1ba6, 0x1ba6, 0x1ba6, 0x1ba6, 0x1ba6, 0x1ba6, 0x1ba6, 0x1ba6, 0x1ba6,
    0x1ba6, 0x1ba6, 0x1ba6, 0x1ba6, 0x1ba6, 0x1ba6, 0x1ba6, 0x1ba6, 0x1ba6, 0x1ba6, 0x1ba6, 0x1ba6, 0x1ba6, 0x1ba6, 0x1ba6, 0x1ba6,
    0x1ba6, 0x1ba6, 0x1ba6, 0x1ba6, 0x1ba6, 0x1ba6, 0x1ba6, 0x1ba6, 0x1ba6, 0x1ba6, 0x1ba6, 0x1ba6, 0x1ba6, 0x1ba6, 0x1ba6, 0x1ba6,
    0x1ba6, 0x1ba6, 0x1ba6, 0x1ba6, 0x1ba6, 0x1ba6, 0x1ba6, 0x1ba6, 0x1ba6, 0x1ba6, 0x1ba6, 0x1ba6, 0x1ba6, 0x1ba6, 0x1ba6, 0x1ba6,
    0x1ba6, 0x1ba6, 0x1ba6, 0x1ba6, 0x1ba6, 0x1ba6, 0x1ba6, 0x1ba6, 0x1ba6, 0x1ba6, 0x1ba6, 0x1ba6, 0x1ba6, 0x1ba6, 0x1ba6, 0x1ba6,
    0x1ba6, 0x1ba6, 0x1ba6, 0x1ba6, 0x1ba6, 0x1ba6, 0x1ba6, 0x1ba6, 0x1ba6, 0x1ba6, 0x1ba6, 0x1ba6, 0x1ba6, 0x1ba6, 0x1ba6, 0x1ba6,
    0x1ba6, 0x1ba6, 0x1ba6, 0x1ba6, 0x1ba6, 0x1ba6, 0x1ba6, 0x1ba6, 0x1ba6, 0x1ba6, 0x1ba6, 0x1ba6, 0x1ba6, 0x1ba6, 0x1ba6, 0x1ba6,
    0x1ba6, 0x1ba6, 0x1ba6, 0x1ba6, 0x1ba6, 0x1ba6, 0x1ba6, 0x1ba6, 0x1ba6, 0x1ba6, 0x1ba6, 0x1ba6, 0x1ba6, 0x1ba6, 0x1ba6, 0x1ba6,
    0x1ba6, 0x1ba6, 0x1ba6, 0x1ba6, 0x1ba6, 0x1ba6, 0x1ba6, 0x1ba6, 0x1ba6, 0x1ba6, 0x1ba6, 0x1ba6, 0x1ba6, 0x1ba6, 0x1ba6, 0x1ba6,
    0x1ba6, 0x1ba6, 0x1ba6, 0x1ba6, 0x1ba6, 0x1ba6, 0x1ba6, 0x1ba6, 0x1ba6, 0x1ba6, 0x1ba6, 0x10a2, 0xbc09, 0xfd6d, 0xd3a7, 0x7a24,
    0x0820, 0x1082, 0x18c2, 0x5102, 0xda04, 0xd9e4, 0xd9e3, 0xd9e4, 0xd9e3, 0xda04, 0xda04, 0xda04, 0xda04, 0xda04, 0xda04, 0xda04,
    0xda04, 0xda04, 0xda04, 0xda03, 0xd9e3, 0xd9e3, 0xd1e3, 0xd9e3, 0xd9e3, 0xd1e3, 0x7122, 0x10a2, 0x1081, 0x1061, 0x18c2, 0xec28,
    0xfd8d, 0xfd6c, 0x0841, 0x10a2, 0x1ba6, 0x1ba6, 0x1ba6, 0x1ba6, 0x1ba6, 0x1ba6, 0x1ba6, 0x1ba6, 0x1ba6, 0x1ba6, 0x1ba6, 0x1ba6,
    0x1ba6, 0x1ba6, 0x1ba6, 0x1ba6, 0x1ba6, 0x1ba6, 0x1ba6, 0x1ba6, 0x1ba6, 0x1ba6, 0x1ba6, 0x1ba6, 0x1ba6, 0x1ba6, 0x1ba6, 0x1ba6,
    0x1ba6, 0x1ba6, 0x1ba6, 0x1ba6, 0x1ba6, 0x1ba6, 0x1ba6, 0x1ba6, 0x1ba6, 0x1ba6, 0x1ba6, 0x1ba6, 0x1ba6, 0x1ba6, 0x1ba6, 0x1ba6,
    0x1ba6, 0x1ba6, 0x1ba6, 0x1ba6, 0x1ba6, 0x1ba6, 0x1ba6, 0x1ba6, 0x1ba6, 0x1ba6, 0x1ba6, 0x1ba6, 0x1ba6, 0x1ba6, 0x1ba6, 0x1ba6,
    0x1ba6, 0x1ba6, 0x1ba6, 0x1ba6, 0x1ba6, 0x1ba6, 0x1ba6, 0x1ba6, 0x1ba6, 0x1ba6, 0x1ba6, 0x1ba6, 0x1ba6, 0x1ba6, 0x1ba6, 0x1ba6,
    0x1ba6, 0x1ba6, 0x1ba6, 0x1ba6, 0x1ba6, 0x1ba6, 0x1ba6, 0x1ba6, 0x1ba6, 0x1ba6, 0x1ba6, 0x1ba6, 0x1ba6, 0x1ba6, 0x1ba6, 0x1ba6,
    0x1ba6, 0x1ba6, 0x1ba6, 0x1ba6, 0x1ba6, 0x1ba6, 0x1ba6, 0x1ba6, 0x1ba6, 0x1ba6, 0x1ba6, 0x1ba6, 0x1ba6, 0x1ba6, 0x1ba6, 0x1ba6,
    0x1ba6, 0x1ba6, 0x1ba6, 0x1ba6, 0x1ba6, 0x1ba6, 0x1ba6, 0x1ba6, 0x1ba6, 0x1ba6, 0x1ba6, 0x1ba6, 0x1ba6, 0x1ba6, 0x1ba6, 0x1ba6,
    0x1ba6, 0x1ba6, 0x1ba6, 0x1ba6, 0x1ba6, 0x1ba6, 0x1ba6, 0x1ba6, 0x1ba6, 0x1ba6, 0x1ba6, 0x1ba6, 0x1ba6, 0x1ba6, 0x1ba6, 0x1ba6,
    0x1ba6, 0x1ba6, 0x1ba6, 0x1ba6, 0x1ba6, 0x1ba6, 0x1ba6, 0x1ba6, 0x1ba6, 0x1ba6, 0x1ba6, 0x1ba6, 0x1ba6, 0x1ba6, 0x1ba6, 0x1ba6,
    0x1ba6, 0x1ba6, 0x1ba6, 0x1ba6, 0x1ba6, 0x1ba6, 0x1ba6, 0x1ba6, 0x1ba6, 0x1ba6, 0x1ba6, 0x1ba6, 0x1ba6, 0x1ba6, 0x1ba6, 0x1ba6,
    0x1ba6, 0x1ba6, 0x1ba6, 0x1ba6, 0x1ba6, 0x1ba6, 0x1ba6, 0x1ba6, 0x1ba6, 0x1ba6, 0x1ba6, 0x1ba6, 0x1ba6, 0x1ba6, 0x1ba6, 0x1ba6,
    0x1ba6, 0x1ba6, 0x1ba6, 0x1ba6, 0x1ba6, 0x1ba6, 0x1ba6, 0x1ba6, 0x1ba6, 0x1ba6, 0x1ba6, 0x10c2, 0xcc2a, 0xfd8c, 0xec68, 0x9ae6,
    0x0840, 0x0861, 0x18a2, 0x4902, 0xda04, 0xda03, 0xd9e3, 0xd9e4, 0xd9e3, 0xd1c3, 0xd1c3, 0xd1c3, 0xd1c3, 0xc9c3, 0xc9c3, 0xc9c3,
    0xd1c3, 0xd1a3, 0xd1c3, 0xd9e3, 0xda04, 0xd9e3, 0xd1e3, 0xd1e3, 0xd9e3, 0xd1e3, 0x7123, 0x1082, 0x10a2, 0x1082, 0x20a1, 0xe428,
    0xfd6c, 0xfdad, 0x0861, 0x18a2, 0x1ba6, 0x1ba6, 0x1ba6, 0x1ba6, 0x1ba6, 0x1ba6, 0x1ba6, 0x1ba6, 0x1ba6, 0x1ba6, 0x1ba6, 0x1ba6,
    0x1ba6, 0x1ba6, 0x1ba6, 0x1ba6, 0x1ba6, 0x1ba6, 0x1ba6, 0x1ba6, 0x1ba6, 0x1ba6, 0x1ba6, 0x1ba6, 0x1ba6, 0x1ba6, 0x1ba6, 0x1ba6,
    0x1ba6, 0x1ba6, 0x1ba6, 0x1ba6, 0x1ba6, 0x1ba6, 0x1ba6, 0x1ba6, 0x1ba6, 0x1ba6, 0x1ba6, 0x1ba6, 0x1ba6, 0x1ba6, 0x1ba6, 0x1ba6,
    0x1ba6, 0x1ba6, 0x1ba6, 0x1ba6, 0x1ba6, 0x1ba6, 0x1ba6, 0x1ba6, 0x1ba6, 0x1ba6, 0x1ba6, 0x1ba6, 0x1ba6, 0x1ba6, 0x1ba6, 0x1ba6,
    0x1ba6, 0x1ba6, 0x1ba6, 0x1ba6, 0x1ba6, 0x1ba6, 0x1ba6, 0x1ba6, 0x1ba6, 0x1ba6, 0x1ba6, 0x1ba6, 0x1ba6, 0x1ba6, 0x1ba6, 0x1ba6,
    0x1ba6, 0x1ba6, 0x1ba6, 0x1ba6, 0x1ba6, 0x1ba6, 0x1ba6, 0x1ba6, 0x1ba6, 0x1ba6, 0x1ba6, 0x1ba6, 0x1ba6, 0x1ba6, 0x1ba6, 0x1ba6,
    0x1ba6, 0x1ba6, 0x1ba6, 0x1ba6, 0x1ba6, 0x1ba6, 0x1ba6, 0x1ba6, 0x1ba6, 0x1ba6, 0x1ba6, 0x1ba6, 0x1ba6, 0x1ba6, 0x1ba6, 0x1ba6,
    0x1ba6, 0x1ba6, 0x1ba6, 0x1ba6, 0x1ba6, 0x1ba6, 0x1ba6, 0x1ba6, 0x1ba6, 0x1ba6, 0x1ba6, 0x1ba6, 0x1ba6, 0x1ba6, 0x1ba6, 0x1ba6,
    0x1ba6, 0x1ba6, 0x1ba6, 0x1ba6, 0x1ba6, 0x1ba6, 0x1ba6, 0x1ba6, 0x1ba6, 0x1ba6, 0x1ba6, 0x1ba6, 0x1ba6, 0x1ba6, 0x1ba6, 0x1ba6,
    0x1ba6, 0x1ba6, 0x1ba6, 0x1ba6, 0x1ba6, 0x1ba6, 0x1ba6, 0x1ba6, 0x1ba6, 0x1ba6, 0x1ba6, 0x1ba6, 0x1ba6, 0x1ba6, 0x1ba6, 0x1ba6,
    0x1ba6, 0x1ba6, 0x1ba6, 0x1ba6, 0x1ba6, 0x1ba6, 0x1ba6, 0x1ba6, 0x1ba6, 0x1ba6, 0x1ba6, 0x1ba6, 0x1ba6, 0x1ba6, 0x1ba6, 0x1ba6,
    0x1ba6, 0x1ba6, 0x1ba6, 0x1ba6, 0x1ba6, 0x1ba6, 0x1ba6, 0x1ba6, 0x1ba6, 0x1ba6, 0x1ba6, 0x1ba6, 0x1ba6, 0x1ba6, 0x1ba6, 0x1ba6,
    0x1ba6, 0x1ba6, 0x1ba6, 0x1ba6, 0x1ba6, 0x1ba6, 0x1ba6, 0x1ba6, 0x1ba6, 0x1ba6, 0x1ba6, 0x1ba6, 0x1082, 0x18a2, 0xecc9, 0xf468,
    0xdbe7, 0x1082, 0x10a2, 0x38e2, 0xda04, 0xda03, 0xda03, 0xd9e3, 0xd1e3, 0xc1a3, 0xb943, 0xb943, 0xb943, 0xa943, 0xa143, 0xa122,
    0xa943, 0xb143, 0xb143, 0xda03, 0xd9e3, 0xd9e3, 0xd1e3, 0xd1e3, 0xd1e3, 0xd1c3, 0x7143, 0x10a2, 0x10a2, 0x0061, 0xece9, 0xf4ea,
    0xfcea, 0x18c3, 0x18c2, 0x1902, 0x1ba6, 0x1ba6, 0x1ba6, 0x1ba6, 0xf759, 0xf779, 0xf778, 0xf758, 0xf757, 0xf757, 0xf758, 0xf737,
    0x1ba6, 0x1ba6, 0x1ba6, 0x1ba6, 0x1ba6, 0x1ba6, 0x1ba6, 0x1ba6, 0x1ba6, 0x1ba6, 0x1ba6, 0x1ba6, 0x1ba6, 0x1ba6, 0x1ba6, 0x1ba6,
    0x1ba6, 0x1ba6, 0x1ba6, 0x1ba6, 0x1ba6, 0x1ba6, 0x1ba6, 0x1ba6, 0x1ba6, 0x1ba6, 0x1ba6, 0x1ba6, 0x1ba6, 0x1ba6, 0x1ba6, 0x1ba6,
    0x1ba6, 0x1ba6, 0x1ba6, 0x1ba6, 0x1ba6, 0x1ba6, 0x1ba6, 0x1ba6, 0x1ba6, 0x1ba6, 0x1ba6, 0x1ba6, 0x1ba6, 0x1ba6, 0x1ba6, 0x1ba6,
    0x1ba6, 0x1ba6, 0x1ba6, 0x1ba6, 0x1ba6, 0x1ba6, 0x1ba6, 0x1ba6, 0x1ba6, 0x1ba6, 0x1ba6, 0x1ba6, 0x1ba6, 0x1ba6, 0x1ba6, 0x1ba6,
    0x1ba6, 0x1ba6, 0x1ba6, 0x1ba6, 0x1ba6, 0x1ba6, 0x1ba6, 0x1ba6, 0x1ba6, 0x1ba6, 0x1ba6, 0x1ba6, 0x1ba6, 0x1ba6, 0x1ba6, 0x1ba6,
    0x1ba6, 0x1ba6, 0x1ba6, 0x1ba6, 0x1ba6, 0x1ba6, 0x1ba6, 0x1ba6, 0x1ba6, 0x1ba6, 0x1ba6, 0x1ba6, 0x1ba6, 0x1ba6, 0x1ba6, 0x1ba6,
    0x1ba6, 0x1ba6, 0x1ba6, 0x1ba6, 0x1ba6, 0x1ba6, 0x1ba6, 0x1ba6, 0x1ba6, 0x1ba6, 0x1ba6, 0x1ba6, 0x1ba6, 0x1ba6, 0x1ba6, 0x1ba6,
    0x1ba6, 0x1ba6, 0x1ba6, 0x1ba6, 0x1ba6, 0x1ba6, 0x1ba6, 0x1ba6, 0x1ba6, 0x1ba6, 0x1ba6, 0x1ba6, 0x1ba6, 0x1ba6, 0x1ba6, 0x1ba6,
    0x1ba6, 0x1ba6, 0x1ba6, 0x1ba6, 0x1ba6, 0x1ba6, 0x1ba6, 0x1ba6, 0x1ba6, 0x1ba6, 0x1ba6, 0x1ba6, 0x1ba6, 0x1ba6, 0x1ba6, 0x1ba6,
    0x1ba6, 0x1ba6, 0x1ba6, 0x1ba6, 0x1ba6, 0x1ba6, 0x1ba6, 0x1ba6, 0x1ba6, 0x1ba6, 0x1ba6, 0x1ba6, 0x1ba6, 0x1ba6, 0x1ba6, 0x1ba6,
    0x1ba6, 0x1ba6, 0x1ba6, 0x1ba6, 0x1ba6, 0x1ba6, 0x1ba6, 0x1ba6, 0x1ba6, 0x1ba6, 0x1ba6, 0x1ba6, 0x1ba6, 0x1ba6, 0x1ba6, 0x1ba6,
    0x1ba6, 0x1ba6, 0x1ba6, 0x1ba6, 0x1ba6, 0x1ba6, 0x1ba6, 0x1ba6, 0x1ba6, 0x1ba6, 0x1ba6, 0x1ba6, 0x1943, 0x18c2, 0x0881, 0x0861,
    0x1081, 0x18a2, 0x18a2, 0x38e2, 0xda03, 0xda03, 0xda03, 0xd9e4, 0xd1e3, 0xd9e3, 0xd1e4, 0xb143, 0xb143, 0x1881, 0x0861, 0x6103,
    0xb163, 0xe204, 0xe204, 0xda04, 0xda03, 0xda04, 0xd9e3, 0xd1e4, 0xd1e3, 0xd1c3, 0x8143, 0x18a2, 0x18c2, 0x18e3, 0x1082, 0x0841,
    0x0841, 0x10a2, 0x1ba6, 0x1ba6, 0x1ba6, 0x1ba6, 0x1ba6, 0x1ba6, 0xf737, 0xf758, 0xf758, 0xf757, 0xf757, 0xf757, 0xf737, 0xf737,
    0x1ba6, 0x1ba6, 0x1ba6, 0x1ba6, 0x1ba6, 0x1ba6, 0x1ba6, 0x1ba6, 0x1ba6, 0x1ba6, 0x1ba6, 0x1ba6, 0x1ba6, 0x1ba6, 0x1ba6, 0x1ba6,
    0x1ba6, 0x1ba6, 0x1ba6, 0x1ba6, 0x1ba6, 0x1ba6, 0x1ba6, 0x1ba6, 0x1ba6, 0x1ba6, 0x1ba6, 0x1ba6, 0x1ba6, 0x1ba6, 0x1ba6, 0x1ba6,
    0x1ba6, 0x1ba6, 0x1ba6, 0x1ba6, 0x1ba6, 0x1ba6, 0x1ba6, 0x1ba6, 0x1ba6, 0x1ba6, 0x1ba6, 0x1ba6, 0x1ba6, 0x1ba6, 0x1ba6, 0x1ba6,
    0x1ba6, 0x1ba6, 0x1ba6, 0x1ba6, 0x1ba6, 0x1ba6, 0x1ba6, 0x1ba6, 0x1ba6, 0x1ba6, 0x1ba6, 0x1ba6, 0x1ba6, 0x1ba6, 0x1ba6, 0x1ba6,
    0x1ba6, 0x1ba6, 0x1ba6, 0x1ba6, 0x1ba6, 0x1ba6, 0x1ba6, 0x1ba6, 0x1ba6, 0x1ba6, 0x1ba6, 0x1ba6, 0x1ba6, 0x1ba6, 0x1ba6, 0x1ba6,
    0x1ba6, 0x1ba6, 0x1ba6, 0x1ba6, 0x1ba6, 0x1ba6, 0x1ba6, 0x1ba6, 0x1ba6, 0x1ba6, 0x1ba6, 0x1ba6, 0x1ba6, 0x1ba6, 0x1ba6, 0x1ba6,
    0x1ba6, 0x1ba6, 0x1ba6, 0x1ba6, 0x1ba6, 0x1ba6, 0x1ba6, 0x1ba6, 0x1ba6, 0x1ba6, 0x1ba6, 0x1ba6, 0x1ba6, 0x1ba6, 0x1ba6, 0x1ba6,
    0x1ba6, 0x1ba6, 0x1ba6, 0x1ba6, 0x1ba6, 0x1ba6, 0x1ba6, 0x1ba6, 0x1ba6, 0x1ba6, 0x1ba6, 0x1ba6, 0x1ba6, 0x1ba6, 0x1ba6, 0x1ba6,
    0x1ba6, 0x1ba6, 0x1ba6, 0x1ba6, 0x1ba6, 0x1ba6, 0x1ba6, 0x1ba6, 0x1ba6, 0x1ba6, 0x1ba6, 0x1ba6, 0x1ba6, 0x1ba6, 0x1ba6, 0x1ba6,
    0x1ba6, 0x1ba6, 0x1ba6, 0x1ba6, 0x1ba6, 0x1ba6, 0x1ba6, 0x1ba6, 0x1ba6, 0x1ba6, 0x1ba6, 0x1ba6, 0x1ba6, 0x1ba6, 0x1ba6, 0x1ba6,
    0x1ba6, 0x1ba6, 0x1ba6, 0x1ba6, 0x1ba6, 0x1ba6, 0x1ba6, 0x1ba6, 0x1ba6, 0x1ba6, 0x1ba6, 0x1ba6, 0x1ba6, 0x1ba6, 0x1ba6, 0x1ba6,
    0x1ba6, 0x1ba6, 0x1ba6, 0x1ba6, 0x1ba6, 0x1ba6, 0x1ba6, 0x1ba6, 0x1ba6, 0x1ba6, 0x1ba6, 0x1ba6, 0x1ba6, 0x1ba6, 0x10a2, 0x1081,
    0x0881, 0x1061, 0xe1e4, 0xda04, 0xd9e3, 0xda03, 0xd9e3, 0xd9e3, 0xd9e3, 0xd9e3, 0xc9c3, 0xb143, 0xa943, 0x1882, 0x1082, 0x7123,
    0xb963, 0xe204, 0xd9e3, 0xd9e3, 0xd9e3, 0xd9e3, 0xd9e3, 0xd1e3, 0xd1e3, 0xd1c3, 0xa983, 0x6902, 0x18e3, 0x2103, 0x18a2, 0x1061,
    0x1082, 0x1ba6, 0x1ba6, 0x1ba6, 0x1ba6, 0x1ba6, 0x1ba6, 0x1ba6, 0x1ba6, 0x1ba6, 0x1ba6, 0x1ba6, 0x1ba6, 0x1ba6, 0x1ba6, 0x1ba6,
    0x1ba6, 0x1ba6, 0x1ba6, 0x1ba6, 0x1ba6, 0x1ba6, 0x1ba6, 0x1ba6, 0x1ba6, 0x1ba6, 0x1ba6, 0x1ba6, 0x1ba6, 0x1ba6, 0x1ba6, 0x1ba6,
    0x1ba6, 0x1ba6, 0x1ba6, 0x1ba6, 0x1ba6, 0x1ba6, 0x1ba6, 0x1ba6, 0x1ba6, 0x1ba6, 0x1ba6, 0x1ba6, 0x1ba6, 0x1ba6, 0x1ba6, 0x1ba6,
    0x1ba6, 0x1ba6, 0x1ba6, 0x1ba6, 0x1ba6, 0x1ba6, 0x1ba6, 0x1ba6, 0x1ba6, 0x1ba6, 0x1ba6, 0x1ba6, 0x1ba6, 0x1ba6, 0x1ba6, 0x1ba6,
    0x1ba6, 0x1ba6, 0x1ba6, 0x1ba6, 0x1ba6, 0x1ba6, 0x1ba6, 0x1ba6, 0x1ba6, 0x1ba6, 0x1ba6, 0x1ba6, 0x1ba6, 0x1ba6, 0x1ba6, 0x1ba6,
    0x1ba6, 0x1ba6, 0x1ba6, 0x1ba6, 0x1ba6, 0x1ba6, 0x1ba6, 0x1ba6, 0x1ba6, 0x1ba6, 0x1ba6, 0x1ba6, 0x1ba6, 0x1ba6, 0x1ba6, 0x1ba6,
    0x1ba6, 0x1ba6, 0x1ba6, 0x1ba6, 0x1ba6, 0x1ba6, 0x1ba6, 0x1ba6, 0x1ba6, 0x1ba6, 0x1ba6, 0x1ba6, 0x1ba6, 0x1ba6, 0x1ba6, 0x1ba6,
    0x1ba6, 0x1ba6, 0x1ba6, 0x1ba6, 0x1ba6, 0x1ba6, 0x1ba6, 0x1ba6, 0x1ba6, 0x1ba6, 0x1ba6, 0x1ba6, 0x1ba6, 0x1ba6, 0x1ba6, 0x1ba6,
    0x1ba6, 0x1ba6, 0x1ba6, 0x1ba6, 0x1ba6, 0x1ba6, 0x1ba6, 0x1ba6, 0x1ba6, 0x1ba6, 0x1ba6, 0x1ba6, 0x1ba6, 0x1ba6, 0x1ba6, 0x1ba6,
    0x1ba6, 0x1ba6, 0x1ba6, 0x1ba6, 0x1ba6, 0x1ba6, 0x1ba6, 0x1ba6, 0x1ba6, 0x1ba6, 0x1ba6, 0x1ba6, 0x1ba6, 0x1ba6, 0x1ba6, 0x1ba6,
    0x1ba6, 0x1ba6, 0x1ba6, 0x1ba6, 0x1ba6, 0x1ba6, 0x1ba6, 0x1ba6, 0x1ba6, 0x1ba6, 0x1ba6, 0x1ba6, 0x1ba6, 0x1ba6, 0x1ba6, 0x1ba6,
    0x1ba6, 0x1ba6, 0x1ba6, 0x1ba6, 0x1ba6, 0x1ba6, 0x1ba6, 0x1ba6, 0x1ba6, 0x1ba6, 0x1ba6, 0x1ba6, 0x1ba6, 0x1ba6, 0x1ba6, 0x1ba6,
    0x1ba6, 0x1ba6, 0x1ba6, 0x1ba6, 0x1ba6, 0x1ba6, 0x1ba6, 0x1ba6, 0x1ba6, 0x1ba6, 0x1ba6, 0x1ba6, 0x1ba6, 0x1ba6, 0x1ba6, 0x1ba6,
    0x10e2, 0x0841, 0xd9e3, 0xd9e3, 0xd9e3, 0xd9e3, 0xda03, 0xd9e3, 0xd9e4, 0xd9e4, 0xb9a3, 0xb143, 0xb143, 0x18a2, 0x18c2, 0x28c2,
    0xb943, 0xda03, 0xd9e3, 0xd9e4, 0xda04, 0xda04, 0xda04, 0xd9e3, 0xd1e3, 0xd1c3, 0xc1a3, 0xa943, 0x18e3, 0x1ba6, 0x1ba6, 0x1ba6,
    0x1ba6, 0x1ba6, 0x1ba6, 0x1ba6, 0x1ba6, 0x1ba6, 0x1ba6, 0x1ba6, 0x1ba6, 0x1ba6, 0x0881, 0x0861, 0x08c3, 0x10e4, 0x08a2, 0x08a2,
    0x1ba6, 0x1ba6, 0x1ba6, 0x1ba6, 0x1ba6, 0x1ba6, 0x1ba6, 0x1ba6, 0x1ba6, 0x1ba6, 0x1ba6, 0x1ba6, 0x1ba6, 0x1ba6, 0x1ba6, 0x1ba6,
    0x1ba6, 0x1ba6, 0x1ba6, 0x1ba6, 0x1ba6, 0x1ba6, 0x1ba6, 0x1ba6, 0x1ba6, 0x1ba6, 0x1ba6, 0x1ba6, 0x1ba6, 0x1ba6, 0x1ba6, 0x1ba6,
    0x1ba6, 0x1ba6, 0x1ba6, 0x1ba6, 0x1ba6, 0x1ba6, 0x1ba6, 0x1ba6, 0x1ba6, 0x1ba6, 0x1ba6, 0x1ba6, 0x1ba6, 0x1ba6, 0x1ba6, 0x1ba6,
    0x1ba6, 0x1ba6, 0x1ba6, 0x1ba6, 0x1ba6, 0x1ba6, 0x1ba6, 0x1ba6, 0x1ba6, 0x1ba6, 0x1ba6, 0x1ba6, 0x1ba6, 0x1ba6, 0x1ba6, 0x1ba6,
    0x1ba6, 0x1ba6, 0x1ba6, 0x1ba6, 0x1ba6, 0x1ba6, 0x1ba6, 0x1ba6, 0x1ba6, 0x1ba6, 0x1ba6, 0x1ba6, 0x1ba6, 0x1ba6, 0x1ba6, 0x1ba6,
    0x1ba6, 0x1ba6, 0x1ba6, 0x1ba6, 0x1ba6, 0x1ba6, 0x1ba6, 0x1ba6, 0x1ba6, 0x1ba6, 0x1ba6, 0x1ba6, 0x1ba6, 0x1ba6, 0x1ba6, 0x1ba6,
    0x1ba6, 0x1ba6, 0x1ba6, 0x1ba6, 0x1ba6, 0x1ba6, 0x1ba6, 0x1ba6, 0x1ba6, 0x1ba6, 0x1ba6, 0x1ba6, 0x1ba6, 0x1ba6, 0x1ba6, 0x1ba6,
    0x2c87, 0x2c87, 0x2c87, 0x2c87, 0x2c87, 0x2c87, 0x2c87, 0x2c87, 0x2c87, 0x2c87, 0x2c87, 0x2c87, 0x2c87, 0x2c87, 0x2c87, 0x2c87,
    0x2c87, 0x2c87, 0x2c87, 0x2c87, 0x2c87, 0x2c87, 0x2c87, 0x2c87, 0x2c87, 0x2c87, 0x2c87, 0x2c87, 0x2c87, 0x2c87, 0x2c87, 0x2c87,
    0x2c87, 0x2c87, 0x2c87, 0x2c87, 0x2c87, 0x2c87, 0x2c87, 0x2c87, 0x2c87, 0x2c87, 0x2c87, 0x2c87, 0x2c87, 0x2c87, 0x2c87, 0x2c87,
    0x2c87, 0x2c87, 0x2c87, 0x2c87, 0x2c87, 0x2c87, 0x2c87, 0x2c87, 0x2c87, 0x2c87, 0x2c87, 0x2c87, 0x2c87, 0x2c87, 0x2c87, 0x2c87,
    0x2c87, 0x2c87, 0x2c87, 0x2c87, 0x2c87, 0x2c87, 0x2c87, 0x2c87, 0x2c87, 0x2c87, 0x2c87, 0x2c87, 0x2c87, 0x2c87, 0x2c87, 0x2c87,
    0x1122, 0x1061, 0xd1e3, 0xd9e3, 0xd9e3, 0xd1e3, 0xd9e3, 0xd9e3, 0xda04, 0xd204, 0xa943, 0xb163, 0xb963, 0x18c2, 0x18c3, 0x28e2,
    0xa122, 0xd1c3, 0xd1e3, 0xd9e3, 0xd9e4, 0xd9e4, 0xd9e3, 0xd9e3, 0xd9e3, 0xd9e3, 0xc9c3, 0xb983, 0x10a2, 0x2c87, 0x2c87, 0x2c87,
    0x2c87, 0x2c87, 0x2c87, 0x2c87, 0x2c87, 0x2c87, 0x2c87, 0x0923, 0x0903, 0x08a3, 0xef16, 0xf778, 0xfffc, 0xfffc, 0xfffd, 0x1104,
    0x08c3, 0x0082, 0x1163, 0x2c87, 0x2c87, 0x2c87, 0x2c87, 0x2c87, 0x2c87, 0x2c87, 0x2c87, 0x2c87, 0x2c87, 0x2c87, 0x2c87, 0x2c87,
    0x2c87, 0x2c87, 0x2c87, 0x2c87, 0x2c87, 0x2c87, 0x2c87, 0x2c87, 0x2c87, 0x2c87, 0x2c87, 0x2c87, 0x2c87, 0x2c87, 0x2c87, 0x2c87,
    0x2c87, 0x2c87, 0x2c87, 0x2c87, 0x2c87, 0x2c87, 0x2c87, 0x2c87, 0x2c87, 0x2c87, 0x2c87, 0x2c87, 0x2c87, 0x2c87, 0x2c87, 0x2c87,
    0x2c87, 0x2c87, 0x2c87, 0x2c87, 0x2c87, 0x2c87, 0x2c87, 0x2c87, 0x2c87, 0x2c87, 0x2c87, 0x2c87, 0x2c87, 0x2c87, 0x2c87, 0x2c87,
    0x2c87, 0x2c87, 0x2c87, 0x2c87, 0x2c87, 0x2c87, 0x2c87, 0x2c87, 0x2c87, 0x2c87, 0x2c87, 0x2c87, 0x2c87, 0x2c87, 0x2c87, 0x2c87,
    0x2c87, 0x2c87, 0x2c87, 0x2c87, 0x2c87, 0x2c87, 0x2c87, 0x2c87, 0x2c87, 0x2c87, 0x2c87, 0x2c87, 0x2c87, 0x2c87, 0x2c87, 0x2c87,
    0x2c87, 0x2c87, 0x2c87, 0x2c87, 0x2c87, 0x2c87, 0x2c87, 0x2c87, 0x2c87, 0x2c87, 0x2c87, 0x2c87, 0x2c87, 0x2c87, 0x2c87, 0x2c87,
    0x2c87, 0x2c87, 0x2c87, 0x2c87, 0x2c87, 0x2c87, 0x2c87, 0x2c87, 0x2c87, 0x2c87, 0x2c87, 0x2c87, 0x2c87, 0x2c87, 0x2c87, 0x2c87,
    0x2c87, 0x2c87, 0x2c87, 0x2c87, 0x2c87, 0x2c87, 0x2c87, 0x2c87, 0x2c87, 0x2c87, 0x2c87, 0x2c87, 0x2c87, 0x2c87, 0x2c87, 0x2c87,
    0x2c87, 0x2c87, 0x2c87, 0x2c87, 0x2c87, 0x2c87, 0x2c87, 0x2c87, 0x2c87, 0x2c87, 0x2c87, 0x2c87, 0x2c87, 0x2c87, 0x2c87, 0x2c87,
    0x2c87, 0x2c87, 0x2c87, 0x2c87, 0x2c87, 0x2c87, 0x2c87, 0x2c87, 0x2c87, 0x2c87, 0x2c87, 0x2c87, 0x2c87, 0x2c87, 0x2c87, 0x2c87,
    0x2c87, 0x2c87, 0x2c87, 0x2c87, 0x2c87, 0x2c87, 0x2c87, 0x2c87, 0x2c87, 0x2c87, 0x2c87, 0x2c87, 0x2c87, 0x2c87, 0x2c87, 0x2c87,
    0x1182, 0x18c2, 0xd9e3, 0xd9e3, 0xd9e3, 0xd9e3, 0xd9e3, 0xd9e3, 0xd204, 0xd1e4, 0xa943, 0xb143, 0xb143, 0x18a2, 0x18c2, 0x20a2,
    0x7902, 0xc183, 0xd1c3, 0xd9e3, 0xd9e3, 0xd9e3, 0xd9e3, 0xd9e4, 0xd9e3, 0xd9e3, 0xd1c3, 0xc9c3, 0x0861, 0x2c87, 0x2c87, 0x2c87,
    0x2c87, 0x2c87, 0x2c87, 0x2c87, 0x2c87, 0x2c87, 0x2c87, 0x10e4, 0x10e4, 0x10a2, 0xff58, 0xff78, 0xff99, 0xff9a, 0xfffd, 0x1105,
    0x08a2, 0x0882, 0x1143, 0x2c87, 0x2c87, 0x2c87, 0x2c87, 0x2c87, 0x2c87, 0x2c87, 0x2c87, 0x2c87, 0x2c87, 0x2c87, 0x2c87, 0x2c87,
    0x2c87, 0x2c87, 0x2c87, 0x2c87, 0x2c87, 0x2c87, 0x2c87, 0x2c87, 0x2c87, 0x2c87, 0x2c87, 0x2c87, 0x2c87, 0x2c87, 0x2c87, 0x2c87,
    0x2c87, 0x2c87, 0x2c87, 0x2c87, 0x2c87, 0x2c87, 0x2c87, 0x2c87, 0x2c87, 0x2c87, 0x2c87, 0x2c87, 0x2c87, 0x2c87, 0x2c87, 0x2c87,
    0x2c87, 0x2c87, 0x2c87, 0x2c87, 0x2c87, 0x2c87, 0x2c87, 0x2c87, 0x2c87, 0x2c87, 0x2c87, 0x2c87, 0x2c87, 0x2c87, 0x2c87, 0x2c87,
    0x2c87, 0x2c87, 0x2c87, 0x2c87, 0x2c87, 0x2c87, 0x2c87, 0x2c87, 0x2c87, 0x2c87, 0x2c87, 0x2c87, 0x2c87, 0x2c87, 0x2c87, 0x2c87,
    0x2c87, 0x2c87, 0x2c87, 0x2c87, 0x2c87, 0x2c87, 0x2c87, 0x2c87, 0x2c87, 0x2c87, 0x2c87, 0x2c87, 0x2c87, 0x2c87, 0x2c87, 0x2c87,
    0x2c87, 0x2c87, 0x2c87, 0x2c87, 0x2c87, 0x2c87, 0x2c87, 0x2c87, 0x2c87, 0x2c87, 0x2c87, 0x2c87, 0x2c87, 0x2c87, 0x2c87, 0x2c87,
    0x2c87, 0x2c87, 0x2c87, 0x2c87, 0x2c87, 0x2c87, 0x2c87, 0x2c87, 0x2c87, 0x2c87, 0x2c87, 0x2c87, 0x2c87, 0x2c87, 0x2c87, 0x2c87,
    0x2c87, 0x2c87, 0x2c87, 0x2c87, 0x2c87, 0x2c87, 0x2c87, 0x2c87, 0x2c87, 0x2c87, 0x2c87, 0x2c87, 0x2c87, 0x2c87, 0x2c87, 0x2c87,
    0x2c87, 0x2c87, 0x2c87, 0x2c87, 0x2c87, 0x2c87, 0x2c87, 0x2c87, 0x2c87, 0x2c87, 0x2c87, 0x2c87, 0x2c87, 0x2c87, 0x2c87, 0x2c87,
    0x2c87, 0x2c87, 0x2c87, 0x2c87, 0x2c87, 0x2c87, 0x2c87, 0x2c87, 0x2c87, 0x2c87, 0x2c87, 0x2c87, 0x2c87, 0x2c87, 0x2c87, 0x2c87,
    0x2c87, 0x2c87, 0x2c87, 0x2c87, 0x2c87, 0x2c87, 0x2c87, 0x2c87, 0x2c87, 0x2c87, 0x2c87, 0x2c87, 0x2c87, 0x2c87, 0x2c87, 0x2c87,
    0x18c2, 0x18c3, 0xd9c3, 0xd1e3, 0xd9e3, 0xd9e3, 0xd1c3, 0xd1e3, 0xd1e4, 0xc163, 0xa923, 0xb143, 0x18c2, 0x10a2, 0x2c87, 0x1102,
    0x1061, 0xb163, 0xb163, 0xd9e3, 0xd9e3, 0xd9e3, 0xd9e3, 0xd9e3, 0xd9e3, 0xd9e3, 0xd1c3, 0xc1a3, 0x0861, 0x1081, 0x2c87, 0x2c87,
    0x2c87, 0x2c87, 0x2c87, 0x2c87, 0x2c87, 0x2c87, 0x0882, 0x10c4, 0xf75c, 0xf73a, 0xf759, 0xff7a, 0xff9a, 0xff9a, 0xffbb, 0x9491,
    0x7c0e, 0x0882, 0x10c3, 0x10a2, 0x2c87, 0x2c87, 0x2c87, 0x2c87, 0x2c87, 0x2c87, 0x2c87, 0x2c87, 0x2c87, 0x2c87, 0x2c87, 0x2c87,
    0x2c87, 0x2c87, 0x2c87, 0x2c87, 0x2c87, 0x2c87, 0x2c87, 0x2c87, 0x2c87, 0x2c87, 0x2c87, 0x2c87, 0x2c87, 0x2c87, 0x2c87, 0x2c87,
    0x2c87, 0x2c87, 0x2c87, 0x2c87, 0x2c87, 0x2c87, 0x2c87, 0x2c87, 0x2c87, 0x2c87, 0x2c87, 0x2c87, 0x2c87, 0x2c87, 0x2c87, 0x2c87,
    0x2c87, 0x2c87, 0x2c87, 0x2c87, 0x2c87, 0x2c87, 0x2c87, 0x2c87, 0x2c87, 0x2c87, 0x2c87, 0x2c87, 0x2c87, 0x2c87, 0x2c87, 0x2c87,
    0x2c87, 0x2c87, 0x2c87, 0x2c87, 0x2c87, 0x2c87, 0x2c87, 0x2c87, 0x2c87, 0x2c87, 0x2c87, 0x2c87, 0x2c87, 0x2c87, 0x2c87, 0x2c87,
    0x2c87, 0x2c87, 0x2c87, 0x2c87, 0x2c87, 0x2c87, 0x2c87, 0x2c87, 0x2c87, 0x2c87, 0x2c87, 0x2c87, 0x2c87, 0x2c87, 0x2c87, 0x2c87,
    0x2c87, 0x2c87, 0x2c87, 0x2c87, 0x2c87, 0x2c87, 0x2c87, 0x2c87, 0x2c87, 0x2c87, 0x2c87, 0x2c87, 0x2c87, 0x2c87, 0x2c87, 0x2c87,
    0x2c87, 0x2c87, 0x2c87, 0x2c87, 0x2c87, 0x2c87, 0x2c87, 0x2c87, 0x2c87, 0x2c87, 0x2c87, 0x2c87, 0x2c87, 0x2c87, 0x2c87, 0x2c87,
    0x2c87, 0x2c87, 0x2c87, 0x2c87, 0x2c87, 0x2c87, 0x2c87, 0x2c87, 0x2c87, 0x2c87, 0x2c87, 0x2c87, 0x2c87, 0x2c87, 0x2c87, 0x2c87,
    0x2c87, 0x2c87, 0x2c87, 0x2c87, 0x2c87, 0x2c87, 0x2c87, 0x2c87, 0x2c87, 0x2c87, 0x2c87, 0x2c87, 0x2c87, 0x2c87, 0x2c87, 0x2c87,
    0x2c87, 0x2c87, 0x2c87, 0x2c87, 0x2c87, 0x2c87, 0x2c87, 0x2c87, 0x2c87, 0x2c87, 0x2c87, 0x2c87, 0x2c87, 0x2c87, 0x2c87, 0x2c87,
    0x2c87, 0x2c87, 0x2c87, 0x2c87, 0x2c87, 0x2c87, 0x2c87, 0x2c87, 0x2c87, 0x2c87, 0x2c87, 0x2c87, 0x2c87, 0x2c87, 0x2c87, 0x2c87,
    0x18a2, 0x18a2, 0x6903, 0x8943, 0xc9a3, 0xc9a3, 0xd1c3, 0xd1c4, 0xc983, 0xb143, 0xa122, 0xa922, 0x18c2, 0x10c2, 0x2c87, 0x10c2,
    0x1081, 0xb963, 0xb163, 0xd1c3, 0xd9e3, 0xe1e3, 0xe1e3, 0xe1e3, 0xc9c3, 0xb9a3, 0x9943, 0x7922, 0x0861, 0x1081, 0x2c87, 0x2c87,
    0x2c87, 0x2c87, 0x2c87, 0x2c87, 0x2c87, 0x2c87, 0x0882, 0x10c3, 0xf77c, 0x5288, 0x1904, 0xd656, 0xff7a, 0xff9b, 0xff9b, 0xf77a,
    0xdeb7, 0x1082, 0x10e3, 0x10a2, 0x2c87, 0x2c87, 0x2c87, 0x2c87, 0x2c87, 0x2c87, 0x2c87, 0x2c87, 0x2c87, 0x2c87, 0x2c87, 0x2c87,
    0x2c87, 0x2c87, 0x2c87, 0x2c87, 0x2c87, 0x2c87, 0x2c87, 0x2c87, 0x2c87, 0x2c87, 0x2c87, 0x2c87, 0x2c87, 0x2c87, 0x2c87, 0x2c87,
    0x2c87, 0x2c87, 0x2c87, 0x2c87, 0x2c87, 0x2c87, 0x2c87, 0x2c87, 0x2c87, 0x2c87, 0x2c87, 0x2c87, 0x2c87, 0x2c87, 0x2c87, 0x2c87,
    0x2c87, 0x2c87, 0x2c87, 0x2c87, 0x2c87, 0x2c87, 0x2c87, 0x2c87, 0x2c87, 0x2c87, 0x2c87, 0x2c87, 0x2c87, 0x2c87, 0x2c87, 0x2c87,
    0x2c87, 0x2c87, 0x2c87, 0x2c87, 0x2c87, 0x2c87, 0x2c87, 0x2c87, 0x2c87, 0x2c87, 0x2c87, 0x2c87, 0x2c87, 0x2c87, 0x2c87, 0x2c87,
    0x2c87, 0x2c87, 0x2c87, 0x2c87, 0x2c87, 0x2c87, 0x2c87, 0x2c87, 0x2c87, 0x2c87, 0x2c87, 0x2c87, 0x2c87, 0x2c87, 0x2c87, 0x2c87,
    0x2c87, 0x2c87, 0x2c87, 0x2c87, 0x2c87, 0x2c87, 0x2c87, 0x2c87, 0x2c87, 0x2c87, 0x2c87, 0x2c87, 0x2c87, 0x2c87, 0x2c87, 0x2c87,
    0x2c87, 0x2c87, 0x2c87, 0x2c87, 0x2c87, 0x2c87, 0x2c87, 0x2c87, 0x2c87, 0x2c87, 0x2c87, 0x2c87, 0x2c87, 0x2c87, 0x2c87, 0x2c87,
    0x2c87, 0x2c87, 0x2c87, 0x2c87, 0x2c87, 0x2c87, 0x2c87, 0x2c87, 0x2c87, 0x2c87, 0x2c87, 0x2c87, 0x2c87, 0x2c87, 0x2c87, 0x2c87,
    0x2c87, 0x2c87, 0x2c87, 0x2c87, 0x2c87, 0x2c87, 0x2c87, 0x2c87, 0x2c87, 0x2c87, 0x2c87, 0x2c87, 0x2c87, 0x2c87, 0x2c87, 0x2c87,
    0x2c87, 0x2c87, 0x2c87, 0x2c87, 0x2c87, 0x2c87, 0x2c87, 0x2c87, 0x2c87, 0x2c87, 0x2c87, 0x2c87, 0x2c87, 0x2c87, 0x2c87, 0x2c87,
    0x2c87, 0x2c87, 0x2c87, 0x2c87, 0x2c87, 0x2c87, 0x2c87, 0x2c87, 0x2c87, 0x2c87, 0x2c87, 0x2c87, 0x2c87, 0x2c87, 0x2c87, 0x2c87,
    0x2c87, 0x0882, 0x18c3, 0x18c2, 0x10a2, 0x18a2, 0x18a2, 0x18a2, 0x20e2, 0x20e2, 0x1081, 0x1082, 0x10c2, 0x2c87, 0x2c87, 0x08a1,
    0x1081, 0x20c2, 0x20c2, 0x18a2, 0x18c2, 0x18c2, 0x10a2, 0x10a2, 0x10a2, 0x10a2, 0x18a2, 0x10a2, 0x1082, 0x2c87, 0x2c87, 0x2c87,
    0x2c87, 0x2c87, 0x2c87, 0x2c87, 0x08a3, 0x08a3, 0xff99, 0xf739, 0x10c3, 0x0882, 0x0882, 0x10e4, 0x1904, 0xff9a, 0xff7a, 0xff79,
    0xff78, 0xf738, 0xde97, 0xde76, 0x08a3, 0x10e3, 0x2c87, 0x2c87, 0x2c87, 0x2c87, 0x2c87, 0x2c87, 0x2c87, 0x2c87, 0x2c87, 0x2c87,
    0x2c87, 0x2c87, 0x2c87, 0x2c87, 0x2c87, 0x2c87, 0x2c87, 0x2c87, 0x2c87, 0x2c87, 0x2c87, 0x2c87, 0x2c87, 0x2c87, 0x2c87, 0x2c87,
    0x2c87, 0x2c87, 0x2c87, 0x2c87, 0x2c87, 0x2c87, 0x2c87, 0x2c87, 0x2c87, 0x2c87, 0x2c87, 0x2c87, 0x2c87, 0x2c87, 0x2c87, 0x2c87,
    0x2c87, 0x2c87, 0x2c87, 0x2c87, 0x2c87, 0x2c87, 0x2c87, 0x2c87, 0x2c87, 0x2c87, 0x2c87, 0x2c87, 0x2c87, 0x2c87, 0x2c87, 0x2c87,
    0x2c87, 0x2c87, 0x2c87, 0x2c87, 0x2c87, 0x2c87, 0x2c87, 0x2c87, 0x2c87, 0x2c87, 0x2c87, 0x2c87, 0x2c87, 0x2c87, 0x2c87, 0x2c87,
    0x2c87, 0x2c87, 0x2c87, 0x2c87, 0x2c87, 0x2c87, 0x2c87, 0x2c87, 0x2c87, 0x2c87, 0x2c87, 0x2c87, 0x2c87, 0x2c87, 0x2c87, 0x2c87,
    0x2c87, 0x2c87, 0x2c87, 0x2c87, 0x2c87, 0x2c87, 0x2c87, 0x2c87, 0x2c87, 0x2c87, 0x2c87, 0x2c87, 0x2c87, 0x2c87, 0x2c87, 0x2c87,
    0x2c87, 0x2c87, 0x2c87, 0x2c87, 0x2c87, 0x2c87, 0x2c87, 0x2c87, 0x2c87, 0x2c87, 0x2c87, 0x2c87, 0x2c87, 0x2c87, 0x2c87, 0x2c87,
    0x2c87, 0x2c87, 0x2c87, 0x2c87, 0x2c87, 0x2c87, 0x2c87, 0x2c87, 0x2c87, 0x2c87, 0x2c87, 0x2c87, 0x2c87, 0x2c87, 0x2c87, 0x2c87,
    0x2c87, 0x2c87, 0x2c87, 0x2c87, 0x2c87, 0x2c87, 0x2c87, 0x2c87, 0x2c87, 0x2c87, 0x2c87, 0x2c87, 0x2c87, 0x2c87, 0x2c87, 0x2c87,
    0x2c87, 0x2c87, 0x2c87, 0x2c87, 0x2c87, 0x2c87, 0x2c87, 0x2c87, 0x2c87, 0x2c87, 0x2c87, 0x2c87, 0x2c87, 0x2c87, 0x2c87, 0x2c87,
    0x2c87, 0x2c87, 0x2c87, 0x2c87, 0x2c87, 0x2c87, 0x2c87, 0x2c87, 0x2c87, 0x2c87, 0x2c87, 0x2c87, 0x2c87, 0x2c87, 0x2c87, 0x2c87,
    0x2c87, 0x0861, 0xfce9, 0xfd0a, 0xf4c9, 0xdc28, 0x7224, 0x4963, 0x2902, 0x18a2, 0x1081, 0x1081, 0x10c2, 0x2c87, 0x2c87, 0x08c1,
    0x0881, 0x18a2, 0x18c2, 0x1081, 0x18a1, 0x3963, 0x6204, 0x92e6, 0xbb67, 0xec69, 0xf469, 0x20c2, 0x18a2, 0x2c87, 0x2c87, 0x2c87,
    0x2c87, 0x2c87, 0x2c87, 0x2c87, 0x08c3, 0x10c3, 0xffda, 0xf759, 0x08a3, 0x0882, 0x08a3, 0x10c3, 0x1903, 0xff79, 0xff79, 0xff79,
    0xff79, 0xff79, 0xe6d7, 0xde55, 0x0882, 0x08c2, 0x2c87, 0x2c87, 0x2c87, 0x2c87, 0x2c87, 0x2c87, 0x2c87, 0x2c87, 0x2c87, 0x2c87,
    0x2c87, 0x2c87, 0x2c87, 0x2c87, 0x2c87, 0x2c87, 0x2c87, 0x2c87, 0x2c87, 0x2c87, 0x2c87, 0x2c87, 0x2c87, 0x2c87, 0x2c87, 0x2c87,
    0x2c87, 0x2c87, 0x2c87, 0x2c87, 0x2c87, 0x2c87, 0x2c87, 0x2c87, 0x2c87, 0x2c87, 0x2c87, 0x2c87, 0x2c87, 0x2c87, 0x2c87, 0x2c87,
    0x2c87, 0x2c87, 0x2c87, 0x2c87, 0x2c87, 0x2c87, 0x2c87, 0x2c87, 0x2c87, 0x2c87, 0x2c87, 0x2c87, 0x2c87, 0x2c87, 0x2c87, 0x2c87,
    0x2c87, 0x2c87, 0x2c87, 0x2c87, 0x2c87, 0x2c87, 0x2c87, 0x2c87, 0x2c87, 0x2c87, 0x2c87, 0x2c87, 0x2c87, 0x2c87, 0x2c87, 0x2c87,
    0x2c87, 0x2c87, 0x2c87, 0x2c87, 0x2c87, 0x2c87, 0x2c87, 0x2c87, 0x2c87, 0x2c87, 0x2c87, 0x2c87, 0x2c87, 0x2c87, 0x2c87, 0x2c87,
    0x2c87, 0x2c87, 0x2c87, 0x2c87, 0x2c87, 0x2c87, 0x2c87, 0x2c87, 0x2c87, 0x2c87, 0x2c87, 0x2c87, 0x2c87, 0x2c87, 0x2c87, 0x2c87,
    0x2c87, 0x2c87, 0x2c87, 0x2c87, 0x2c87, 0x2c87, 0x2c87, 0x2c87, 0x2c87, 0x2c87, 0x2c87, 0x2c87, 0x2c87, 0x2c87, 0x2c87, 0x2c87,
    0x2c87, 0x2c87, 0x2c87, 0x2c87, 0x2c87, 0x2c87, 0x2c87, 0x2c87, 0x2c87, 0x2c87, 0x2c87, 0x2c87, 0x2c87, 0x2c87, 0x2c87, 0x2c87,
    0x2c87, 0x2c87, 0x2c87, 0x2c87, 0x2c87, 0x2c87, 0x2c87, 0x2c87, 0x2c87, 0x2c87, 0x2c87, 0x2c87, 0x2c87, 0x2c87, 0x2c87, 0x2c87,
    0x2c87, 0x2c87, 0x2c87, 0x2c87, 0x2c87, 0x2c87, 0x2c87, 0x2c87, 0x2c87, 0x2c87, 0x2c87, 0x2c87, 0x2c87, 0x2c87, 0x2c87, 0x2c87,
    0x2c87, 0x2c87, 0x2c87, 0x2c87, 0x2c87, 0x2c87, 0x2c87, 0x2c87, 0x2c87, 0x2c87, 0x2c87, 0x2c87, 0x2c87, 0x2c87, 0x2c87, 0x2c87,
    0x2c87, 0x0861, 0xfcc9, 0xf4ca, 0xf4a9, 0xf488, 0xec48, 0xf4a9, 0xf4a9, 0xf4ea, 0x18a2, 0x2c87, 0x2c87, 0x2c87, 0x2c87, 0x2c87,
    0x2c87, 0x2c87, 0x18e3, 0x59a3, 0xf489, 0xf489, 0xec69, 0xf468, 0xec27, 0xe3e7, 0xe407, 0x20e2, 0x10a2, 0x2c87, 0x2c87, 0x2c87,
    0x2c87, 0x2c87, 0x2c87, 0x2c87, 0x08c3, 0x08c3, 0xff99, 0xf737, 0x0862, 0x0862, 0x08a3, 0x10e4, 0x2144, 0xff79, 0xff78, 0xff79,
    0xff7a, 0xff79, 0xeef6, 0xe6b6, 0x08a2, 0x08c2, 0x2c87, 0x2c87, 0x2c87, 0x2c87, 0x2c87, 0x2c87, 0x2c87, 0x2c87, 0x2c87, 0x2c87,
    0x2c87, 0x2c87, 0x2c87, 0x2c87, 0x2c87, 0x2c87, 0x2c87, 0x2c87, 0x2c87, 0x2c87, 0x2c87, 0x2c87, 0x2c87, 0x2c87, 0x2c87, 0x2c87,
    0x2c87, 0x2c87, 0x2c87, 0x2c87, 0x2c87, 0x2c87, 0x2c87, 0x2c87, 0x2c87, 0x2c87, 0x2c87, 0x2c87, 0x2c87, 0x2c87, 0x2c87, 0x2c87,
    0x2c87, 0x2c87, 0x2c87, 0x2c87, 0x2c87, 0x2c87, 0x2c87, 0x2c87, 0x2c87, 0x2c87, 0x2c87, 0x2c87, 0x2c87, 0x2c87, 0x2c87, 0x2c87,
    0x2c87, 0x2c87, 0x2c87, 0x2c87, 0x2c87, 0x2c87, 0x2c87, 0x2c87, 0x2c87, 0x2c87, 0x2c87, 0x2c87, 0x2c87, 0x2c87, 0x2c87, 0x2c87,
    0x2c87, 0x2c87, 0x2c87, 0x2c87, 0x2c87, 0x2c87, 0x2c87, 0x2c87, 0x2c87, 0x2c87, 0x2c87, 0x2c87, 0x2c87, 0x2c87, 0x2c87, 0x2c87,
    0x2c87, 0x2c87, 0x2c87, 0x2c87, 0x2c87, 0x2c87, 0x2c87, 0x2c87, 0x2c87, 0x2c87, 0x2c87, 0x2c87, 0x2c87, 0x2c87, 0x2c87, 0x2c87,
    0x2c87, 0x2c87, 0x2c87, 0x2c87, 0x2c87, 0x2c87, 0x2c87, 0x2c87, 0x2c87, 0x2c87, 0x2c87, 0x2c87, 0x2c87, 0x2c87, 0x2c87, 0x2c87,
    0x2c87, 0x2c87, 0x2c87, 0x2c87, 0x2c87, 0x2c87, 0x2c87, 0x2c87, 0x2c87, 0x2c87, 0x2c87, 0x2c87, 0x2c87, 0x2c87, 0x2c87, 0x2c87,
    0x2c87, 0x2c87, 0x2c87, 0x2c87, 0x2c87, 0x2c87, 0x2c87, 0x2c87, 0x2c87, 0x2c87, 0x2c87, 0x2c87, 0x2c87, 0x2c87, 0x2c87, 0x2c87,
    0x2c87, 0x2c87, 0x2c87, 0x2c87, 0x2c87, 0x2c87, 0x2c87, 0x2c87, 0x2c87, 0x2c87, 0x2c87, 0x2c87, 0x2c87, 0x2c87, 0x2c87, 0x2c87,
    0x2c87, 0x2c87, 0x2c87, 0x2c87, 0x2c87, 0x2c87, 0x2c87, 0x2c87, 0x2c87, 0x2c87, 0x2c87, 0x2c87, 0x2c87, 0x2c87, 0x2c87, 0x2c87,
    0x10e2, 0x0861, 0xfd2a, 0xfd6c, 0xfd6c, 0xfd4b, 0xf50a, 0xeca9, 0xf4a9, 0x3943, 0x20e3, 0x2c87, 0x2c87, 0x2c87, 0x2c87, 0x2c87,
    0x2c87, 0x2c87, 0x1902, 0x18c2, 0xf489, 0xf488, 0xfd4b, 0xfd4b, 0xfd4b, 0xfd4b, 0xfd6c, 0x20c2, 0x10a2, 0x3163, 0x2c87, 0x2c87,
    0x2c87, 0x2c87, 0x2c87, 0x2c87, 0x0883, 0x0882, 0x9cf3, 0xff16, 0xf6f6, 0x0862, 0x10c3, 0xef39, 0xff59, 0xff79, 0xff59, 0xf75a,
    0x10c3, 0xa4f1, 0xbdb4, 0xad54, 0x10c3, 0x0903, 0x2c87, 0x2c87, 0x2c87, 0x2c87, 0x2c87, 0x2c87, 0x2c87, 0x2c87, 0x2c87, 0x2c87,
    0x2c87, 0x2c87, 0x2c87, 0x2c87, 0x2c87, 0x2c87, 0x2c87, 0x2c87, 0x2c87, 0x2c87, 0x2c87, 0x2c87, 0x2c87, 0x2c87, 0x2c87, 0x2c87,
    0x2c87, 0x2c87, 0x2c87, 0x2c87, 0x2c87, 0x2c87, 0x2c87, 0x2c87, 0x2c87, 0x2c87, 0x2c87, 0x2c87, 0x2c87, 0x2c87, 0x2c87, 0x2c87,
    0x2c87, 0x2c87, 0x2c87, 0x2c87, 0x2c87, 0x2c87, 0x2c87, 0x2c87, 0x2c87, 0x2c87, 0x2c87, 0x2c87, 0x2c87, 0x2c87, 0x2c87, 0x2c87,
    0x2c87, 0x2c87, 0x2c87, 0x2c87, 0x2c87, 0x2c87, 0x2c87, 0x2c87, 0x2c87, 0x2c87, 0x2c87, 0x2c87, 0x2c87, 0x2c87, 0x2c87, 0x2c87,
    0x2c87, 0x2c87, 0x2c87, 0x2c87, 0x2c87, 0x2c87, 0x2c87, 0x2c87, 0x2c87, 0x2c87, 0x2c87, 0x2c87, 0x2c87, 0x2c87, 0x2c87, 0x2c87,
    0x2c87, 0x2c87, 0x2c87, 0x2c87, 0x2c87, 0x2c87, 0x2c87, 0x2c87, 0x2c87, 0x2c87, 0x2c87, 0x2c87, 0x2c87, 0x2c87, 0x2c87, 0x2c87,
    0x2c87, 0x2c87, 0x2c87, 0x2c87, 0x2c87, 0x2c87, 0x2c87, 0x2c87, 0x2c87, 0x2c87, 0x2c87, 0x2c87, 0x2c87, 0x2c87, 0x2c87, 0x2c87,
    0x2c87, 0x2c87, 0x2c87, 0x2c87, 0x2c87, 0x2c87, 0x2c87, 0x2c87, 0x2c87, 0x2c87, 0x2c87, 0x2c87, 0x2c87, 0x2c87, 0x2c87, 0x2c87,
    0x2c87, 0x2c87, 0x2c87, 0x2c87, 0x2c87, 0x2c87, 0x2c87, 0x2c87, 0x2c87, 0x2c87, 0x2c87, 0x2c87, 0x2c87, 0x2c87, 0x2c87, 0x2c87,
    0x2c87, 0x2c87, 0x2c87, 0x2c87, 0x2c87, 0x2c87, 0x2c87, 0x2c87, 0x2c87, 0x2c87, 0x2c87, 0x2c87, 0x2c87, 0x2c87, 0x2c87, 0x2c87,
    0x2c87, 0x2c87, 0x2c87, 0x2c87, 0x2c87, 0x2c87, 0x2c87, 0x2c87, 0x2c87, 0x2c87, 0x2c87, 0x2c87, 0x2c87, 0x2c87, 0x2c87, 0x2c87,
    0x08c1, 0x0841, 0xfd0a, 0xfd4b, 0xfd4b, 0xfd6c, 0xfd4b, 0xf4c9, 0xec88, 0x1082, 0x18a2, 0x2c87, 0x2c87, 0x2c87, 0x2c87, 0x2c87,
    0x2c87, 0x2c87, 0x1922, 0x18c2, 0xf4a8, 0xf4a8, 0xfd4b, 0xfd4b, 0xfd4b, 0xfd4b, 0xfd6c, 0x20e2, 0x18c2, 0x10a2, 0x2c87, 0x2c87,
    0x2c87, 0x2c87, 0x2c87, 0x2c87, 0x0082, 0x0882, 0x94d2, 0xff38, 0xff58, 0xffdb, 0xfffc, 0xff9a, 0xff79, 0xff79, 0xe6d7, 0x08a2,
    0x0882, 0x0882, 0x9cd3, 0xad75, 0x10e4, 0x10e3, 0x2c87, 0x2c87, 0x2c87, 0x2c87, 0x2c87, 0x2c87, 0x2c87, 0x2c87, 0x2c87, 0x2c87,
    0x2c87, 0x2c87, 0x2c87, 0x2c87, 0x2c87, 0x2c87, 0x2c87, 0x2c87, 0x2c87, 0x2c87, 0x2c87, 0x2c87, 0x2c87, 0x2c87, 0x2c87, 0x2c87,
    0x2c87, 0x2c87, 0x2c87, 0x2c87, 0x2c87, 0x2c87, 0x2c87, 0x2c87, 0x2c87, 0x2c87, 0x2c87, 0x2c87, 0x2c87, 0x2c87, 0x2c87, 0x2c87,
    0x2c87, 0x2c87, 0x2c87, 0x2c87, 0x2c87, 0x2c87, 0x2c87, 0x2c87, 0x2c87, 0x2c87, 0x2c87, 0x2c87, 0x2c87, 0x2c87, 0x2c87, 0x2c87,
    0x2c87, 0x2c87, 0x2c87, 0x2c87, 0x2c87, 0x2c87, 0x2c87, 0x2c87, 0x2c87, 0x2c87, 0x2c87, 0x2c87, 0x2c87, 0x2c87, 0x2c87, 0x2c87,
    0x2c87, 0x2c87, 0x2c87, 0x2c87, 0x2c87, 0x2c87, 0x2c87, 0x2c87, 0x2c87, 0x2c87, 0x2c87, 0x2c87, 0x2c87, 0x2c87, 0x2c87, 0x2c87,
    0x2c87, 0x2c87, 0x2c87, 0x2c87, 0x2c87, 0x2c87, 0x2c87, 0x2c87, 0x2c87, 0x2c87, 0x2c87, 0x2c87, 0x2c87, 0x2c87, 0x2c87, 0x2c87,
    0x2c87, 0x2c87, 0x2c87, 0x2c87, 0x2c87, 0x2c87, 0x2c87, 0x2c87, 0x2c87, 0x2c87, 0x2c87, 0x2c87, 0x2c87, 0x2c87, 0x2c87, 0x2c87,
    0x2c87, 0x2c87, 0x2c87, 0x2c87, 0x2c87, 0x2c87, 0x2c87, 0x2c87, 0x2c87, 0x2c87, 0x2c87, 0x2c87, 0x2c87, 0x2c87, 0x2c87, 0x2c87,
    0x2c87, 0x2c87, 0x2c87, 0x2c87, 0x2c87, 0x2c87, 0x2c87, 0x2c87, 0x2c87, 0x2c87, 0x2c87, 0x2c87, 0x2c87, 0x2c87, 0x2c87, 0x2c87,
    0x2c87, 0x2c87, 0x2c87, 0x2c87, 0x2c87, 0x2c87, 0x2c87, 0x2c87, 0x2c87, 0x2c87, 0x2c87, 0x2c87, 0x2c87, 0x2c87, 0x2c87, 0x2c87,
    0x2c87, 0x2c87, 0x2c87, 0x2c87, 0x2c87, 0x2c87, 0x2c87, 0x2c87, 0x2c87, 0x2c87, 0x2c87, 0x2c87, 0x2c87, 0x2c87, 0x2c87, 0x10e2,
    0x08c2, 0x61e4, 0xfd09, 0xfd4b, 0xfd6b, 0xfd6c, 0xfd6c, 0xfd2b, 0xec88, 0x0841, 0x1061, 0x2c87, 0x2c87, 0x2c87, 0x2c87, 0x2c87,
    0x2c87, 0x2c87, 0x1922, 0x10a2, 0xf4a9, 0xf4a8, 0xfd2a, 0xfd4b, 0xfd4b, 0xfd4b, 0xfd6c, 0xfded, 0x18e3, 0x1902, 0x2c87, 0x2c87,
    0x2c87, 0x2c87, 0x2c87, 0x2c87, 0x0882, 0x0882, 0x9cd3, 0xad54, 0xff9a, 0xff9a, 0xff79, 0xff78, 0xff79, 0xff79, 0xff39, 0x08a3,
    0x08a3, 0x08a3, 0x94d3, 0xad55, 0x10e4, 0x08c2, 0x2c87, 0x2c87, 0x2c87, 0x2c87, 0x2c87, 0x2c87, 0x2c87, 0x2c87, 0x2c87, 0x2c87,
    0x2c87, 0x2c87, 0x2c87, 0x2c87, 0x2c87, 0x2c87, 0x2c87, 0x2c87, 0x2c87, 0x2c87, 0x2c87, 0x2c87, 0x2c87, 0x2c87, 0x2c87, 0x2c87,
    0x2c87, 0x2c87, 0x2c87, 0x2c87, 0x2c87, 0x2c87, 0x2c87, 0x2c87, 0x2c87, 0x2c87, 0x2c87, 0x2c87, 0x2c87, 0x2c87, 0x2c87, 0x2c87,
    0x2c87, 0x2c87, 0x2c87, 0x2c87, 0x2c87, 0x2c87, 0x2c87, 0x2c87, 0x2c87, 0x2c87, 0x2c87, 0x2c87, 0x2c87, 0x2c87, 0x2c87, 0x2c87,
    0x2c87, 0x2c87, 0x2c87, 0x2c87, 0x2c87, 0x2c87, 0x2c87, 0x2c87, 0x2c87, 0x2c87, 0x2c87, 0x2c87, 0x2c87, 0x2c87, 0x2c87, 0x2c87,
    0x2c87, 0x2c87, 0x2c87, 0x2c87, 0x2c87, 0x2c87, 0x2c87, 0x2c87, 0x2c87, 0x2c87, 0x2c87, 0x2c87, 0x2c87, 0x2c87, 0x2c87, 0x2c87,
    0x2c87, 0x2c87, 0x2c87, 0x2c87, 0x2c87, 0x2c87, 0x2c87, 0x2c87, 0x2c87, 0x2c87, 0x2c87, 0x2c87, 0x2c87, 0x2c87, 0x2c87, 0x2c87,
    0x2c87, 0x2c87, 0x2c87, 0x2c87, 0x2c87, 0x2c87, 0x2c87, 0x2c87, 0x2c87, 0x2c87, 0x2c87, 0x2c87, 0x2c87, 0x2c87, 0x2c87, 0x2c87,
    0x2c87, 0x2c87, 0x2c87, 0x2c87, 0x2c87, 0x2c87, 0x2c87, 0x2c87, 0x2c87, 0x2c87, 0x2c87, 0x2c87, 0x2c87, 0x2c87, 0x2c87, 0x2c87,
    0x2c87, 0x2c87, 0x2c87, 0x2c87, 0x2c87, 0x2c87, 0x2c87, 0x2c87, 0x2c87, 0x2c87, 0x2c87, 0x2c87, 0x2c87, 0x2c87, 0x2c87, 0x2c87,
    0x2c87, 0x2c87, 0x2c87, 0x2c87, 0x2c87, 0x2c87, 0x2c87, 0x2c87, 0x2c87, 0x2c87, 0x2c87, 0x2c87, 0x2c87, 0x2c87, 0x2c87, 0x2c87,
    0x2c87, 0x2c87, 0x2c87, 0x2c87, 0x2c87, 0x2c87, 0x2c87, 0x2c87, 0x2c87, 0x2c87, 0x2c87, 0x2c87, 0x2c87, 0x2c87, 0x2c87, 0x18c3,
    0x08a2, 0xf54b, 0xfd2a, 0xfd4b, 0xfd6b, 0xfd6c, 0xfd6c, 0x5a05, 0x0841, 0x1942, 0x2c87, 0x2c87, 0x2c87, 0x2c87, 0x2c87, 0x2c87,
    0x2c87, 0x2c87, 0x2c87, 0x2c87, 0x0861, 0x51e5, 0xfd2a, 0xfd4b, 0xfd4b, 0xfd4b, 0xfd4b, 0xfd8c, 0x18e3, 0x1943, 0x2c87, 0x2c87,
    0x2c87, 0x2c87, 0x2c87, 0x2c87, 0x0862, 0x0841, 0x94d3, 0x9cf4, 0xffbb, 0xffba, 0xff59, 0xff58, 0xff78, 0xff58, 0xff7a, 0x08a3,
    0x08a3, 0x08a3, 0x9cf4, 0xa534, 0x10a3, 0x08a2, 0x2c87, 0x2c87, 0x2c87, 0x2c87, 0x2c87, 0x2c87, 0x2c87, 0x2c87, 0x2c87, 0x2c87,
    0x2c87, 0x2c87, 0x2c87, 0x2c87, 0x2c87, 0x2c87, 0x2c87, 0x2c87, 0x2c87, 0x2c87, 0x2c87, 0x2c87, 0x2c87, 0x2c87, 0x2c87, 0x2c87,
    0x2c87, 0x2c87, 0x2c87, 0x2c87, 0x2c87, 0x2c87, 0x2c87, 0x2c87, 0x2c87, 0x2c87, 0x2c87, 0x2c87, 0x2c87, 0x2c87, 0x2c87, 0x2c87,
    0x2c87, 0x2c87, 0x2c87, 0x2c87, 0x2c87, 0x2c87, 0x2c87, 0x2c87, 0x2c87, 0x2c87, 0x2c87, 0x2c87, 0x2c87, 0x2c87, 0x2c87, 0x2c87,
    0x2c87, 0x2c87, 0x2c87, 0x2c87, 0x2c87, 0x2c87, 0x2c87, 0x2c87, 0x2c87, 0x2c87, 0x2c87, 0x2c87, 0x2c87, 0x2c87, 0x2c87, 0x2c87,
    0x2c87, 0x2c87, 0x2c87, 0x2c87, 0x2c87, 0x2c87, 0x2c87, 0x2c87, 0x2c87, 0x2c87, 0x2c87, 0x2c87, 0x2c87, 0x2c87, 0x2c87, 0x2c87,
    0x2c87, 0x2c87, 0x2c87, 0x2c87, 0x2c87, 0x2c87, 0x2c87, 0x2c87, 0x2c87, 0x2c87, 0x2c87, 0x2c87, 0x2c87, 0x2c87, 0x2c87, 0x2c87,
    0x2c87, 0x2c87, 0x2c87, 0x2c87, 0x2c87, 0x2c87, 0x2c87, 0x2c87, 0x2c87, 0x2c87, 0x2c87, 0x2c87, 0x2c87, 0x2c87, 0x2c87, 0x2c87,
    0x2c87, 0x2c87, 0x2c87, 0x2c87, 0x2c87, 0x2c87, 0x2c87, 0x2c87, 0x2c87, 0x2c87, 0x2c87, 0x2c87, 0x2c87, 0x2c87, 0x2c87, 0x2c87,
    0x2c87, 0x2c87, 0x2c87, 0x2c87, 0x2c87, 0x2c87, 0x2c87, 0x2c87, 0x2c87, 0x2c87, 0x2c87, 0x2c87, 0x2c87, 0x2c87, 0x2c87, 0x2c87,
    0x2c87, 0x2c87, 0x2c87, 0x2c87, 0x2c87, 0x2c87, 0x2c87, 0x2c87, 0x2c87, 0x2c87, 0x2c87, 0x2c87, 0x2c87, 0x2c87, 0x2c87, 0x2c87,
    0x2c87, 0x2c87, 0x2c87, 0x2c87, 0x2c87, 0x2c87, 0x2c87, 0x2c87, 0x2c87, 0x2c87, 0x2c87, 0x2c87, 0x2c87, 0x2c87, 0x2c87, 0x10c2,
    0x10a2, 0xf58d, 0xfd4b, 0xfd4b, 0xfd6c, 0xfd6c, 0xfd6b, 0x6225, 0x1081, 0x2c87, 0x2c87, 0x2c87, 0x2c87, 0x2c87, 0x2c87, 0x2c87,
    0x2c87, 0x2c87, 0x2c87, 0x2c87, 0x0861, 0x51c4, 0xfd2a, 0xfd4b, 0xfd4b, 0xfd4b, 0xfd2a, 0xf52a, 0x18c2, 0x1962, 0x2c87, 0x2c87,
    0x2c87, 0x2c87, 0x2c87, 0x2c87, 0x1122, 0x1162, 0x52ec, 0x5b0c, 0x08c4, 0x0083, 0x7bcc, 0xeef7, 0xff58, 0xe6d8, 0xad75, 0x52eb,
    0x31e7, 0x7bef, 0x5aec, 0x4aaa, 0x1983, 0x2c87, 0x2c87, 0x2c87, 0x2c87, 0x2c87, 0x2c87, 0x2c87, 0x2c87, 0x2c87, 0x2c87, 0x2c87,
    0x2c87, 0x2c87, 0x2c87, 0x2c87, 0x2c87, 0x2c87, 0x2c87, 0x2c87, 0x2c87, 0x2c87, 0x2c87, 0x2c87, 0x2c87, 0x2c87, 0x2c87, 0x2c87,
    0x2c87, 0x2c87, 0x2c87, 0x2c87, 0x2c87, 0x2c87, 0x2c87, 0x2c87, 0x2c87, 0x2c87, 0x2c87, 0x2c87, 0x2c87, 0x2c87, 0x2c87, 0x2c87,
    0x2c87, 0x2c87, 0x2c87, 0x2c87, 0x2c87, 0x2c87, 0x2c87, 0x2c87, 0x2c87, 0x2c87, 0x2c87, 0x2c87, 0x2c87, 0x2c87, 0x2c87, 0x2c87,
    0x2c87, 0x2c87, 0x2c87, 0x2c87, 0x2c87, 0x2c87, 0x2c87, 0x2c87, 0x2c87, 0x2c87, 0x2c87, 0x2c87, 0x2c87, 0x2c87, 0x2c87, 0x2c87,
    0x2c87, 0x2c87, 0x2c87, 0x2c87, 0x2c87, 0x2c87, 0x2c87, 0x2c87, 0x2c87, 0x2c87, 0x2c87, 0x2c87, 0x2c87, 0x2c87, 0x2c87, 0x2c87,
    0x2c87, 0x2c87, 0x2c87, 0x2c87, 0x2c87, 0x2c87, 0x2c87, 0x2c87, 0x2c87, 0x2c87, 0x2c87, 0x2c87, 0x2c87, 0x2c87, 0x2c87, 0x2c87,
    0x2c87, 0x2c87, 0x2c87, 0x2c87, 0x2c87, 0x2c87, 0x2c87, 0x2c87, 0x2c87, 0x2c87, 0x2c87, 0x2c87, 0x2c87, 0x2c87, 0x2c87, 0x2c87,
    0x2c87, 0x2c87, 0x2c87, 0x2c87, 0x2c87, 0x2c87, 0x2c87, 0x2c87, 0x2c87, 0x2c87, 0x2c87, 0x2c87, 0x2c87, 0x2c87, 0x2c87, 0x2c87,
    0x2c87, 0x2c87, 0x2c87, 0x2c87, 0x2c87, 0x2c87, 0x2c87, 0x2c87, 0x2c87, 0x2c87, 0x2c87, 0x2c87, 0x2c87, 0x2c87, 0x2c87, 0x2c87,
    0x2c87, 0x2c87, 0x2c87, 0x2c87, 0x2c87, 0x2c87, 0x2c87, 0x2c87, 0x2c87, 0x2c87, 0x2c87, 0x2c87, 0x2c87, 0x2c87, 0x2c87, 0x2c87,
    0x2c87, 0x2c87, 0x2c87, 0x2c87, 0x2c87, 0x2c87, 0x2c87, 0x2c87, 0x2c87, 0x2c87, 0x2c87, 0x2c87, 0x2c87, 0x2c87, 0x2c87, 0x1082,
    0x10a2, 0xfdad, 0xfd8c, 0xfd4b, 0xfd6b, 0xfd4b, 0xfd4a, 0x6225, 0x10a2, 0x2c87, 0x2c87, 0x2c87, 0x2c87, 0x2c87, 0x2c87, 0x2c87,
    0x2c87, 0x2c87, 0x2c87, 0x2c87, 0x1081, 0x59c4, 0xfd4b, 0xfd4b, 0xfd4b, 0xfd2b, 0xf4e9, 0xf50a, 0x10a2, 0x2162, 0x2c87, 0x2c87,
    0x2c87, 0x2c87, 0x2c87, 0x2c87, 0x2c87, 0x2c87, 0x0882, 0x08c3, 0x08c3, 0x0882, 0x0882, 0xa533, 0xb575, 0xad54, 0xad55, 0xad75,
    0x7c30, 0x94b3, 0x0883, 0x0062, 0x2c87, 0x2c87, 0x2c87, 0x2c87, 0x2c87, 0x2c87, 0x2c87, 0x2c87, 0x2c87, 0x2c87, 0x2c87, 0x2c87,
    0x2c87, 0x2c87, 0x2c87, 0x2c87, 0x2c87, 0x2c87, 0x2c87, 0x2c87, 0x2c87, 0x2c87, 0x2c87, 0x2c87, 0x2c87, 0x2c87, 0x2c87, 0x2c87,
    0x2c87, 0x2c87, 0x2c87, 0x2c87, 0x2c87, 0x2c87, 0x2c87, 0x2c87, 0x2c87, 0x2c87, 0x2c87, 0x2c87, 0x2c87, 0x2c87, 0x2c87, 0x2c87,
    0x2c87, 0x2c87, 0x2c87, 0x2c87, 0x2c87, 0x2c87, 0x2c87, 0x2c87, 0x2c87, 0x2c87, 0x2c87, 0x2c87, 0x2c87, 0x2c87, 0x2c87, 0x2c87,
    0x2c87, 0x2c87, 0x2c87, 0x2c87, 0x2c87, 0x2c87, 0x2c87, 0x2c87, 0x2c87, 0x2c87, 0x2c87, 0x2c87, 0x2c87, 0x2c87, 0x2c87, 0x2c87,
    0x2c87, 0x2c87, 0x2c87, 0x2c87, 0x2c87, 0x2c87, 0x2c87, 0x2c87, 0x2c87, 0x2c87, 0x2c87, 0x2c87, 0x2c87, 0x2c87, 0x2c87, 0x2c87,
    0x2c87, 0x2c87, 0x2c87, 0x2c87, 0x2c87, 0x2c87, 0x2c87, 0x2c87, 0x2c87, 0x2c87, 0x2c87, 0x2c87, 0x2c87, 0x2c87, 0x2c87, 0x2c87,
    0x2c87, 0x2c87, 0x2c87, 0x2c87, 0x2c87, 0x2c87, 0x2c87, 0x2c87, 0x2c87, 0x2c87, 0x2c87, 0x2c87, 0x2c87, 0x2c87, 0x2c87, 0x2c87,
    0x2c87, 0x2c87, 0x2c87, 0x2c87, 0x2c87, 0x2c87, 0x2c87, 0x2c87, 0x2c87, 0x2c87, 0x2c87, 0x2c87, 0x2c87, 0x2c87, 0x2c87, 0x2c87,
    0x2c87, 0x2c87, 0x2c87, 0x2c87, 0x2c87, 0x2c87, 0x2c87, 0x2c87, 0x2c87, 0x2c87, 0x2c87, 0x2c87, 0x2c87, 0x2c87, 0x2c87, 0x2c87,
    0x2c87, 0x2c87, 0x2c87, 0x2c87, 0x2c87, 0x2c87, 0x2c87, 0x2c87, 0x2c87, 0x2c87, 0x2c87, 0x2c87, 0x2c87, 0x2c87, 0x2c87, 0x2c87,
    0x2c87, 0x2c87, 0x2c87, 0x2c87, 0x2c87, 0x2c87, 0x2c87, 0x2c87, 0x2c87, 0x2c87, 0x2c87, 0x2c87, 0x2c87, 0x2c87, 0x1082, 0x0841,
    0xb963, 0xc9c3, 0xd1c3, 0xc9c3, 0xb983, 0xca64, 0xcaa4, 0x3143, 0x10c2, 0x2c87, 0x2c87, 0x2c87, 0x2c87, 0x2c87, 0x2c87, 0x2c87,
    0x2c87, 0x2c87, 0x2c87, 0x2c87, 0x10a2, 0x5183, 0xd2c5, 0xc1c3, 0xb983, 0xc1a3, 0xc1a3, 0xc9e4, 0xc9e4, 0x9163, 0x18e3, 0x2c87,
    0x2c87, 0x2c87, 0x2c87, 0x2c87, 0x2c87, 0x2c87, 0x2c87, 0x2c87, 0x0042, 0x0041, 0x08a3, 0xad54, 0xb575, 0xad54, 0xad75, 0x4acb,
    0x1925, 0x0883, 0x2c87, 0x2c87, 0x2c87, 0x2c87, 0x2c87, 0x2c87, 0x2c87, 0x2c87, 0x2c87, 0x2c87, 0x2c87, 0x2c87, 0x2c87, 0x2c87,
    0x2c87, 0x2c87, 0x2c87, 0x2c87, 0x2c87, 0x2c87, 0x2c87, 0x2c87, 0x2c87, 0x2c87, 0x2c87, 0x2c87, 0x2c87, 0x2c87, 0x2c87, 0x2c87,
    0x2c87, 0x2c87, 0x2c87, 0x2c87, 0x2c87, 0x2c87, 0x2c87, 0x2c87, 0x2c87, 0x2c87, 0x2c87, 0x2c87, 0x2c87, 0x2c87, 0x2c87, 0x2c87,
    0x2c87, 0x2c87, 0x2c87, 0x2c87, 0x2c87, 0x2c87, 0x2c87, 0x2c87, 0x2c87, 0x2c87, 0x2c87, 0x2c87, 0x2c87, 0x2c87, 0x2c87, 0x2c87,
    0x2c87, 0x2c87, 0x2c87, 0x2c87, 0x2c87, 0x2c87, 0x2c87, 0x2c87, 0x2c87, 0x2c87, 0x2c87, 0x2c87, 0x2c87, 0x2c87, 0x2c87, 0x2c87,
    0x2c87, 0x2c87, 0x2c87, 0x2c87, 0x2c87, 0x2c87, 0x2c87, 0x2c87, 0x2c87, 0x2c87, 0x2c87, 0x2c87, 0x2c87, 0x2c87, 0x2c87, 0x2c87,
    0x2c87, 0x2c87, 0x2c87, 0x2c87, 0x2c87, 0x2c87, 0x2c87, 0x2c87, 0x2c87, 0x2c87, 0x2c87, 0x2c87, 0x2c87, 0x2c87, 0x2c87, 0x2c87,
    0x2c87, 0x2c87, 0x2c87, 0x2c87, 0x2c87, 0x2c87, 0x2c87, 0x2c87, 0x2c87, 0x2c87, 0x2c87, 0x2c87, 0x2c87, 0x2c87, 0x2c87, 0x2c87,
    0x2c87, 0x2c87, 0x2c87, 0x2c87, 0x2c87, 0x2c87, 0x2c87, 0x2c87, 0x2c87, 0x2c87, 0x2c87, 0x2c87, 0x2c87, 0x2c87, 0x2c87, 0x2c87,
    0x2c87, 0x2c87, 0x2c87, 0x2c87, 0x2c87, 0x2c87, 0x2c87, 0x2c87, 0x2c87, 0x2c87, 0x2c87, 0x2c87, 0x2c87, 0x2c87, 0x2c87, 0x2c87,
    0x2c87, 0x2c87, 0x2c87, 0x2c87, 0x2c87, 0x2c87, 0x2c87, 0x2c87, 0x2c87, 0x2c87, 0x2c87, 0x2c87, 0x2c87, 0x2c87, 0x2c87, 0x2c87,
    0x2c87, 0x2c87, 0x2c87, 0x2c87, 0x2c87, 0x2c87, 0x2c87, 0x2c87, 0x2c87, 0x2c87, 0x2c87, 0x2c87, 0x2c87, 0x2c87, 0x10a2, 0x1061,
    0xb962, 0xc9a3, 0xd1c3, 0xc9c3, 0xc183, 0xb983, 0xc1a3, 0x18c2, 0x18c2, 0x2c87, 0x2c87, 0x2c87, 0x2c87, 0x2c87, 0x2c87, 0x2c87,
    0x2c87, 0x2c87, 0x2c87, 0x2c87, 0x10a2, 0x4102, 0xc983, 0xb983, 0xb983, 0xc1a3, 0xc9c3, 0xd1e4, 0xd204, 0x9983, 0x18c2, 0x2c87,
    0x2c87, 0x2c87, 0x2c87, 0x2c87, 0x2c87, 0x2c87, 0x2c87, 0x2c87, 0x0021, 0x0882, 0x08a3, 0x6b6d, 0x736d, 0x6b6d, 0x73ae, 0x10e4,
    0x08a3, 0x0082, 0x2c87, 0x2c87, 0x2c87, 0x2c87, 0x2c87, 0x2c87, 0x2c87, 0x2c87, 0x2c87, 0x2c87, 0x2c87, 0x2c87, 0x2c87, 0x2c87,
    0x2c87, 0x2c87, 0x2c87, 0x2c87, 0x2c87, 0x2c87, 0x2c87, 0x2c87, 0x2c87, 0x2c87, 0x2c87, 0x2c87, 0x2c87, 0x2c87, 0x2c87, 0x2c87,
    0x2c87, 0x2c87, 0x2c87, 0x2c87, 0x2c87, 0x2c87, 0x2c87, 0x2c87, 0x2c87, 0x2c87, 0x2c87, 0x2c87, 0x2c87, 0x2c87, 0x2c87, 0x2c87,
    0x2c87, 0x2c87, 0x2c87, 0x2c87, 0x2c87, 0x2c87, 0x2c87, 0x2c87, 0x2c87, 0x2c87, 0x2c87, 0x2c87, 0x2c87, 0x2c87, 0x2c87, 0x2c87,
    0x2c87, 0x2c87, 0x2c87, 0x2c87, 0x2c87, 0x2c87, 0x2c87, 0x2c87, 0x2c87, 0x2c87, 0x2c87, 0x2c87, 0x2c87, 0x2c87, 0x2c87, 0x2c87,
    0x2c87, 0x2c87, 0x2c87, 0x2c87, 0x2c87, 0x2c87, 0x2c87, 0x2c87, 0x2c87, 0x2c87, 0x2c87, 0x2c87, 0x2c87, 0x2c87, 0x2c87, 0x2c87,
    0x2c87, 0x2c87, 0x2c87, 0x2c87, 0x2c87, 0x2c87, 0x2c87, 0x2c87, 0x2c87, 0x2c87, 0x2c87, 0x2c87, 0x2c87, 0x2c87, 0x2c87, 0x2c87,
    0x2c87, 0x2c87, 0x2c87, 0x2c87, 0x2c87, 0x2c87, 0x2c87, 0x2c87, 0x2c87, 0x2c87, 0x2c87, 0x2c87, 0x2c87, 0x2c87, 0x2c87, 0x2c87,
    0x2c87, 0x2c87, 0x2c87, 0x2c87, 0x2c87, 0x2c87, 0x2c87, 0x2c87, 0x2c87, 0x2c87, 0x2c87, 0x2c87, 0x2c87, 0x2c87, 0x2c87, 0x2c87,
    0x2c87, 0x2c87, 0x2c87, 0x2c87, 0x2c87, 0x2c87, 0x2c87, 0x2c87, 0x2c87, 0x2c87, 0x2c87, 0x2c87, 0x2c87, 0x2c87, 0x2c87, 0x2c87,
    0x2c87, 0x2c87, 0x2c87, 0x2c87, 0x2c87, 0x2c87, 0x2c87, 0x2c87, 0x2c87, 0x2c87, 0x2c87, 0x2c87, 0x2c87, 0x2c87, 0x2c87, 0x2c87,
    0x2c87, 0x2c87, 0x2c87, 0x2c87, 0x2c87, 0x2c87, 0x2c87, 0x2c87, 0x2c87, 0x2c87, 0x2c87, 0x2c87, 0x2c87, 0x2c87, 0x10a2, 0xeaa3,
    0xeaa3, 0xeac3, 0xf304, 0xf324, 0xeae4, 0xb982, 0xc9c3, 0x10c2, 0x18c2, 0x2c87, 0x2c87, 0x2c87, 0x2c87, 0x2c87, 0x2c87, 0x2c87,
    0x2c87, 0x2c87, 0x2c87, 0x2c87, 0x1082, 0x38c2, 0xc182, 0xe2c4, 0xeae4, 0xeb04, 0xeb04, 0xeb25, 0xeac4, 0xb204, 0x10a2, 0x2c87,
    0x2c87, 0x2c87, 0x2c87, 0x2c87, 0x2c87, 0x2c87, 0x2c87, 0x2c87, 0x2c87, 0x2c87, 0x0882, 0x0861, 0x0041, 0x0882, 0x10e3, 0x08e3,
    0x0923, 0x2c87, 0x2c87, 0x2c87, 0x2c87, 0x2c87, 0x2c87, 0x2c87, 0x2c87, 0x2c87, 0x2c87, 0x2c87, 0x2c87, 0x2c87, 0x2c87, 0x2c87,
    0x2c87, 0x2c87, 0x2c87, 0x2c87, 0x2c87, 0x2c87, 0x2c87, 0x2c87, 0x2c87, 0x2c87, 0x2c87, 0x2c87, 0x2c87, 0x2c87, 0x2c87, 0x2c87,
    0x2c87, 0x2c87, 0x2c87, 0x2c87, 0x2c87, 0x2c87, 0x2c87, 0x2c87, 0x2c87, 0x2c87, 0x2c87, 0x2c87, 0x2c87, 0x2c87, 0x2c87, 0x2c87,
    0x2c87, 0x2c87, 0x2c87, 0x2c87, 0x2c87, 0x2c87, 0x2c87, 0x2c87, 0x2c87, 0x2c87, 0x2c87, 0x2c87, 0x2c87, 0x2c87, 0x2c87, 0x2c87,
    0x2c87, 0x2c87, 0x2c87, 0x2c87, 0x2c87, 0x2c87, 0x2c87, 0x2c87, 0x2c87, 0x2c87, 0x2c87, 0x2c87, 0x2c87, 0x2c87, 0x2c87, 0x2c87,
    0x2c87, 0x2c87, 0x2c87, 0x2c87, 0x2c87, 0x2c87, 0x2c87, 0x2c87, 0x2c87, 0x2c87, 0x2c87, 0x2c87, 0x2c87, 0x2c87, 0x2c87, 0x2c87,
    0x2c87, 0x2c87, 0x2c87, 0x2c87, 0x2c87, 0x2c87, 0x2c87, 0x2c87, 0x2c87, 0x2c87, 0x2c87, 0x2c87, 0x2c87, 0x2c87, 0x2c87, 0x2c87,
    0x2c87, 0x2c87, 0x2c87, 0x2c87, 0x2c87, 0x2c87, 0x2c87, 0x2c87, 0x2c87, 0x2c87, 0x2c87, 0x2c87, 0x2c87, 0x2c87, 0x2c87, 0x2c87,
    0x2c87, 0x2c87, 0x2c87, 0x2c87, 0x2c87, 0x2c87, 0x2c87, 0x2c87, 0x2c87, 0x2c87, 0x2c87, 0x2c87, 0x2c87, 0x2c87, 0x2c87, 0x2c87,
    0x2c87, 0x2c87, 0x2c87, 0x2c87, 0x2c87, 0x2c87, 0x2c87, 0x2c87, 0x2c87, 0x2c87, 0x2c87, 0x2c87, 0x2c87, 0x2c87, 0x2c87, 0x2c87,
    0x2c87, 0x2c87, 0x2c87, 0x2c87, 0x2c87, 0x2c87, 0x2c87, 0x2c87, 0x2c87, 0x2c87, 0x2c87, 0x2c87, 0x2c87, 0x2c87, 0x2c87, 0x2c87,
    0x2c87, 0x2c87, 0x2c87, 0x2c87, 0x2c87, 0x2c87, 0x2c87, 0x2c87, 0x2c87, 0x2c87, 0x2c87, 0x2c87, 0x2c87, 0x1902, 0x1881, 0xeaa4,
    0xeaa4, 0xeaa4, 0xeae4, 0xf304, 0xf324, 0xeb04, 0xeb04, 0x10a2, 0x1082, 0x2c87, 0x2c87, 0x2c87, 0x2c87, 0x2c87, 0x2c87, 0x2c87,
    0x2c87, 0x2c87, 0x2c87, 0x2c87, 0x10a2, 0x4922, 0xeae4, 0xeb04, 0xeb04, 0xeb04, 0xf304, 0xeb04, 0xe284, 0xb204, 0x10a2, 0x2c87,
    0x2c87, 0x2c87, 0x2c87, 0x2c87, 0x2c87, 0x2c87, 0x2c87, 0x2c87, 0x2c87, 0x2c87, 0x2c87, 0x2c87, 0x2c87, 0x2c87, 0x2c87, 0x2c87,
    0x2c87, 0x2c87, 0x2c87, 0x2c87, 0x2c87, 0x2c87, 0x2c87, 0x2c87, 0x2c87, 0x2c87, 0x2c87, 0x2c87, 0x2c87, 0x2c87, 0x2c87, 0x2c87,
    0x2c87, 0x2c87, 0x2c87, 0x2c87, 0x2c87, 0x2c87, 0x2c87, 0x2c87, 0x2c87, 0x2c87, 0x2c87, 0x2c87, 0x2c87, 0x2c87, 0x2c87, 0x2c87,
    0x2c87, 0x2c87, 0x2c87, 0x2c87, 0x2c87, 0x2c87, 0x2c87, 0x2c87, 0x2c87, 0x2c87, 0x2c87, 0x2c87, 0x2c87, 0x2c87, 0x2c87, 0x2c87,
    0x2c87, 0x2c87, 0x2c87, 0x2c87, 0x2c87, 0x2c87, 0x2c87, 0x2c87, 0x2c87, 0x2c87, 0x2c87, 0x2c87, 0x2c87, 0x2c87, 0x2c87, 0x2c87,
    0x2c87, 0x2c87, 0x2c87, 0x2c87, 0x2c87, 0x2c87, 0x2c87, 0x2c87, 0x2c87, 0x2c87, 0x2c87, 0x2c87, 0x2c87, 0x2c87, 0x2c87, 0x2c87,
    0x2c87, 0x2c87, 0x2c87, 0x2c87, 0x2c87, 0x2c87, 0x2c87, 0x2c87, 0x2c87, 0x2c87, 0x2c87, 0x2c87, 0x2c87, 0x2c87, 0x2c87, 0x2c87,
    0x2c87, 0x2c87, 0x2c87, 0x2c87, 0x2c87, 0x2c87, 0x2c87, 0x2c87, 0x2c87, 0x2c87, 0x2c87, 0x2c87, 0x2c87, 0x2c87, 0x2c87, 0x2c87,
    0x2c87, 0x2c87, 0x2c87, 0x2c87, 0x2c87, 0x2c87, 0x2c87, 0x2c87, 0x2c87, 0x2c87, 0x2c87, 0x2c87, 0x2c87, 0x2c87, 0x2c87, 0x2c87,
    0x2c87, 0x2c87, 0x2c87, 0x2c87, 0x2c87, 0x2c87, 0x2c87, 0x2c87, 0x2c87, 0x2c87, 0x2c87, 0x2c87, 0x2c87, 0x2c87, 0x2c87, 0x2c87,
    0x2c87, 0x2c87, 0x2c87, 0x2c87, 0x2c87, 0x2c87, 0x2c87, 0x2c87, 0x2c87, 0x2c87, 0x2c87, 0x2c87, 0x2c87, 0x2c87, 0x2c87, 0x2c87,
    0x2c87, 0x2c87, 0x2c87, 0x2c87, 0x2c87, 0x2c87, 0x2c87, 0x2c87, 0x2c87, 0x2c87, 0x2c87, 0x2c87, 0x2c87, 0x2c87, 0x2c87, 0x2c87,
    0x2c87, 0x2c87, 0x2c87, 0x2c87, 0x2c87, 0x2c87, 0x2c87, 0x2c87, 0x2c87, 0x2c87, 0x2c87, 0x2c87, 0x2c87, 0x1082, 0x20a1, 0xd9e4,
    0xda03, 0xda03, 0xda04, 0xda24, 0xda44, 0xda44, 0xd243, 0x0882, 0x0861, 0x2c87, 0x2c87, 0x2c87, 0x2c87, 0x2c87, 0x2c87, 0x2c87,
    0x2c87, 0x2c87, 0x2c87, 0x2c87, 0x18c2, 0x38e2, 0xd203, 0xda24, 0xda24, 0xda04, 0xda04, 0xda04, 0xd1e4, 0xa163, 0x10a2, 0x2c87,
    0x2c87, 0x2c87, 0x2c87, 0x2c87, 0x2c87, 0x2c87, 0x2c87, 0x2c87, 0x2c87, 0x2c87, 0x2c87, 0x2c87, 0x2c87, 0x2c87, 0x2c87, 0x2c87,
    0x2c87, 0x2c87, 0x2c87, 0x2c87, 0x2c87, 0x2c87, 0x2c87, 0x2c87, 0x2c87, 0x2c87, 0x2c87, 0x2c87, 0x2c87, 0x2c87, 0x2c87, 0x2c87,
    0x2c87, 0x2c87, 0x2c87, 0x2c87, 0x2c87, 0x2c87, 0x2c87, 0x2c87, 0x2c87, 0x2c87, 0x2c87, 0x2c87, 0x2c87, 0x2c87, 0x2c87, 0x2c87,
    0x2c87, 0x2c87, 0x2c87, 0x2c87, 0x2c87, 0x2c87, 0x2c87, 0x2c87, 0x2c87, 0x2c87, 0x2c87, 0x2c87, 0x2c87, 0x2c87, 0x2c87, 0x2c87,
    0x2c87, 0x2c87, 0x2c87, 0x2c87, 0x2c87, 0x2c87, 0x2c87, 0x2c87, 0x2c87, 0x2c87, 0x2c87, 0x2c87, 0x2c87, 0x2c87, 0x2c87, 0x2c87,
    0x2c87, 0x2c87, 0x2c87, 0x2c87, 0x2c87, 0x2c87, 0x2c87, 0x2c87, 0x2c87, 0x2c87, 0x2c87, 0x2c87, 0x2c87, 0x2c87, 0x2c87, 0x2c87,
    0x2c87, 0x2c87, 0x2c87, 0x2c87, 0x2c87, 0x2c87, 0x2c87, 0x2c87, 0x2c87, 0x2c87, 0x2c87, 0x2c87, 0x2c87, 0x2c87, 0x2c87, 0x2c87,
    0x2c87, 0x2c87, 0x2c87, 0x2c87, 0x2c87, 0x2c87, 0x2c87, 0x2c87, 0x2c87, 0x2c87, 0x2c87, 0x2c87, 0x2c87, 0x2c87, 0x2c87, 0x2c87,
    0x1ba6, 0x1ba6, 0x1ba6, 0x1ba6, 0x1ba6, 0x1ba6, 0x1ba6, 0x1ba6, 0x1ba6, 0x1ba6, 0x1ba6, 0x1ba6, 0x1ba6, 0x1ba6, 0x1ba6, 0x1ba6,
    0x1ba6, 0x1ba6, 0x1ba6, 0x1ba6, 0x1ba6, 0x1ba6, 0x1ba6, 0x1ba6, 0x1ba6, 0x1ba6, 0x1ba6, 0x1ba6, 0x1ba6, 0x1ba6, 0x1ba6, 0x1ba6,
    0x1ba6, 0x1ba6, 0x1ba6, 0x1ba6, 0x1ba6, 0x1ba6, 0x1ba6, 0x1ba6, 0x1ba6, 0x1ba6, 0x1ba6, 0x1ba6, 0x1ba6, 0x1ba6, 0x1ba6, 0x1ba6,
    0x1ba6, 0x1ba6, 0x1ba6, 0x1ba6, 0x1ba6, 0x1ba6, 0x1ba6, 0x1ba6, 0x1ba6, 0x1ba6, 0x1ba6, 0x1ba6, 0x1ba6, 0x1ba6, 0x1ba6, 0x1ba6,
    0x1ba6, 0x1ba6, 0x1ba6, 0x1ba6, 0x1ba6, 0x1ba6, 0x1ba6, 0x1ba6, 0x1ba6, 0x1ba6, 0x1ba6, 0x1ba6, 0x1ba6, 0x10a2, 0x30c2, 0xd9e4,
    0xd9e3, 0xd9e3, 0xda04, 0xda04, 0xda24, 0xda44, 0xda24, 0x0861, 0x0841, 0x1ba6, 0x1ba6, 0x1ba6, 0x1ba6, 0x1ba6, 0x1ba6, 0x1ba6,
    0x1ba6, 0x1ba6, 0x1ba6, 0x1ba6, 0x18c2, 0x30c2, 0xc9c3, 0xd1e4, 0xda04, 0xda04, 0xda04, 0xd204, 0xd1e3, 0xa183, 0x1082, 0x1ba6,
    0x1ba6, 0x1ba6, 0x1ba6, 0x1ba6, 0x1ba6, 0x1ba6, 0x1ba6, 0x1ba6, 0x1ba6, 0x1ba6, 0x1ba6, 0x1ba6, 0x1ba6, 0x1ba6, 0x1ba6, 0x1ba6,
    0x1ba6, 0x1ba6, 0x1ba6, 0x1ba6, 0x1ba6, 0x1ba6, 0x1ba6, 0x1ba6, 0x1ba6, 0x1ba6, 0x1ba6, 0x1ba6, 0x1ba6, 0x1ba6, 0x1ba6, 0x1ba6,
    0x1ba6, 0x1ba6, 0x1ba6, 0x1ba6, 0x1ba6, 0x1ba6, 0x1ba6, 0x1ba6, 0x1ba6, 0x1ba6, 0x1ba6, 0x1ba6, 0x1ba6, 0x1ba6, 0x1ba6, 0x1ba6,
    0x1ba6, 0x1ba6, 0x1ba6, 0x1ba6, 0x1ba6, 0x1ba6, 0x1ba6, 0x1ba6, 0x1ba6, 0x1ba6, 0x1ba6, 0x1ba6, 0x1ba6, 0x1ba6, 0x1ba6, 0x1ba6,
    0x1ba6, 0x1ba6, 0x1ba6, 0x1ba6, 0x1ba6, 0x1ba6, 0x1ba6, 0x1ba6, 0x1ba6, 0x1ba6, 0x1ba6, 0x1ba6, 0x1ba6, 0x1ba6, 0x1ba6, 0x1ba6,
    0x1ba6, 0x1ba6, 0x1ba6, 0x1ba6, 0x1ba6, 0x1ba6, 0x1ba6, 0x1ba6, 0x1ba6, 0x1ba6, 0x1ba6, 0x1ba6, 0x1ba6, 0x1ba6, 0x1ba6, 0x1ba6,
    0x1ba6, 0x1ba6, 0x1ba6, 0x1ba6, 0x1ba6, 0x1ba6, 0x1ba6, 0x1ba6, 0x1ba6, 0x1ba6, 0x1ba6, 0x1ba6, 0x1ba6, 0x1ba6, 0x1ba6, 0x1ba6,
    0x1ba6, 0x1ba6, 0x1ba6, 0x1ba6, 0x1ba6, 0x1ba6, 0x1ba6, 0x1ba6, 0x1ba6, 0x1ba6, 0x1ba6, 0x1ba6, 0x1ba6, 0x1ba6, 0x1ba6, 0x1ba6,
    0x750a, 0x1ba6, 0x1ba6, 0x1ba6, 0x1ba6, 0x1ba6, 0x1ba6, 0x1ba6, 0x1ba6, 0x1ba6, 0x1ba6, 0x1ba6, 0x1ba6, 0x1ba6, 0x1ba6, 0x1ba6,
    0x1ba6, 0x1ba6, 0x1ba6, 0x1ba6, 0x1ba6, 0x1ba6, 0x1ba6, 0x1ba6, 0x1ba6, 0x1ba6, 0x1ba6, 0x1ba6, 0x1ba6, 0x1ba6, 0x1ba6, 0x1ba6,
    0x1ba6, 0x1ba6, 0x1ba6, 0x1ba6, 0x1ba6, 0x1ba6, 0x1ba6, 0x1ba6, 0x1ba6, 0x1ba6, 0x1ba6, 0x1ba6, 0x1ba6, 0x1ba6, 0x1ba6, 0x1ba6,
    0x1ba6, 0x1ba6, 0x1ba6, 0x1ba6, 0x1ba6, 0x1ba6, 0x1ba6, 0x1ba6, 0x1ba6, 0x1ba6, 0x1ba6, 0x1ba6, 0x1ba6, 0x1ba6, 0x1ba6, 0x1ba6,
    0x1ba6, 0x1ba6, 0x1ba6, 0x1ba6, 0x1ba6, 0x1ba6, 0x1ba6, 0x1ba6, 0x1ba6, 0x1ba6, 0x1ba6, 0x1ba6, 0x1ba6, 0x18a2, 0x4102, 0xd1e3,
    0xd9e3, 0xda04, 0xda04, 0xda04, 0xda24, 0xda44, 0xa184, 0x1081, 0x0861, 0x1ba6, 0x1ba6, 0x1ba6, 0x1ba6, 0x1ba6, 0x1ba6, 0x1ba6,
    0x1ba6, 0x1ba6, 0x1ba6, 0x1ba6, 0x10a2, 0x30c2, 0xc9c3, 0xd1e3, 0xd9e4, 0xd1e4, 0xd1e3, 0xd1e4, 0xd9e4, 0xa983, 0x1082, 0x1ba6,
    0x1ba6, 0x1ba6, 0x1ba6, 0x1ba6, 0x1ba6, 0x1ba6, 0x1ba6, 0x1ba6, 0x1ba6, 0x1ba6, 0x1ba6, 0x1ba6, 0x1ba6, 0x1ba6, 0x1ba6, 0x1ba6,
    0x1ba6, 0x1ba6, 0x1ba6, 0x1ba6, 0x1ba6, 0x1ba6, 0x1ba6, 0x1ba6, 0x1ba6, 0x1ba6, 0x1ba6, 0x1ba6, 0x1ba6, 0x1ba6, 0x1ba6, 0x1ba6,
    0x1ba6, 0x1ba6, 0x1ba6, 0x1ba6, 0x1ba6, 0x1ba6, 0x1ba6, 0x1ba6, 0x1ba6, 0x1ba6, 0x1ba6, 0x1ba6, 0x1ba6, 0x1ba6, 0x1ba6, 0x1ba6,
    0x1ba6, 0x1ba6, 0x1ba6, 0x1ba6, 0x1ba6, 0x1ba6, 0x1ba6, 0x1ba6, 0x1ba6, 0x1ba6, 0x1ba6, 0x1ba6, 0x1ba6, 0x1ba6, 0x1ba6, 0x1ba6,
    0x1ba6, 0x1ba6, 0x1ba6, 0x1ba6, 0x1ba6, 0x1ba6, 0x1ba6, 0x1ba6, 0x1ba6, 0x1ba6, 0x1ba6, 0x1ba6, 0x1ba6, 0x1ba6, 0x1ba6, 0x1ba6,
    0x1ba6, 0x1ba6, 0x1ba6, 0x1ba6, 0x1ba6, 0x1ba6, 0x1ba6, 0x1ba6, 0x1ba6, 0x1ba6, 0x1ba6, 0x1ba6, 0x1ba6, 0x1ba6, 0x1ba6, 0x1ba6,
    0x1ba6, 0x1ba6, 0x1ba6, 0x1ba6, 0x1ba6, 0x1ba6, 0x1ba6, 0x1ba6, 0x1ba6, 0x1ba6, 0x1ba6, 0x1ba6, 0x1ba6, 0x1ba6, 0x1ba6, 0x1ba6,
    0x1ba6, 0x1ba6, 0x1ba6, 0x1ba6, 0x1ba6, 0x1ba6, 0x1ba6, 0x1ba6, 0x1ba6, 0x1ba6, 0x1ba6, 0x1ba6, 0x1ba6, 0x1ba6, 0x1ba6, 0x1ba6,
    0xff78, 0xff99, 0x1ba6, 0x1ba6, 0x1ba6, 0x1ba6, 0x1ba6, 0x1ba6, 0x1ba6, 0x1ba6, 0x1ba6, 0x1ba6, 0x1ba6, 0x1ba6, 0x1ba6, 0x1ba6,
    0x1ba6, 0x1ba6, 0x1ba6, 0x1ba6, 0x1ba6, 0x1ba6, 0x1ba6, 0x1ba6, 0x1ba6, 0x1ba6, 0x1ba6, 0x1ba6, 0x1ba6, 0x1ba6, 0x1ba6, 0x1ba6,
    0x1ba6, 0x1ba6, 0x1ba6, 0x1ba6, 0x1ba6, 0x1ba6, 0x1ba6, 0x1ba6, 0x1ba6, 0x1ba6, 0x1ba6, 0x1ba6, 0x1ba6, 0x1ba6, 0x1ba6, 0x1ba6,
    0x1ba6, 0x1ba6, 0x1ba6, 0x1ba6, 0x1ba6, 0x1ba6, 0x1ba6, 0x1ba6, 0x1ba6, 0x1ba6, 0x1ba6, 0x1ba6, 0x1ba6, 0x1ba6, 0x1ba6, 0x1ba6,
    0x1ba6, 0x1ba6, 0x1ba6, 0x1ba6, 0x1ba6, 0x1ba6, 0x1ba6, 0x1ba6, 0x1ba6, 0x1ba6, 0x1ba6, 0x1ba6, 0x1ba6, 0x10a2, 0x5923, 0xd1e3,
    0xd9e3, 0xda04, 0xda04, 0xda04, 0xda04, 0xda24, 0xa983, 0x10c2, 0x10a2, 0x1ba6, 0x1ba6, 0x1ba6, 0x1ba6, 0x1ba6, 0x1ba6, 0x1ba6,
    0x1ba6, 0x1ba6, 0x1ba6, 0x1ba6, 0x10a2, 0x40e2, 0xd1c3, 0xd9e3, 0xd1e3, 0xd1e3, 0xd1e3, 0xd1e3, 0xda04, 0xb183, 0x10a2, 0x1ba6,
    0x1ba6, 0x1ba6, 0x1ba6, 0x1ba6, 0x1ba6, 0x1ba6, 0x1ba6, 0x1ba6, 0x1ba6, 0x1ba6, 0x1ba6, 0x1ba6, 0x1ba6, 0x1ba6, 0x1ba6, 0x1ba6,
    0x1ba6, 0x1ba6, 0x1ba6, 0x1ba6, 0x1ba6, 0x1ba6, 0x1ba6, 0x1ba6, 0x1ba6, 0x1ba6, 0x1ba6, 0x1ba6, 0x1ba6, 0x1ba6, 0x1ba6, 0x1ba6,
    0x1ba6, 0x1ba6, 0x1ba6, 0x1ba6, 0x1ba6, 0x1ba6, 0x1ba6, 0x1ba6, 0x1ba6, 0x1ba6, 0x1ba6, 0x1ba6, 0x1ba6, 0x1ba6, 0x1ba6, 0x1ba6,
    0x1ba6, 0x1ba6, 0x1ba6, 0x1ba6, 0x1ba6, 0x1ba6, 0x1ba6, 0x1ba6, 0x1ba6, 0x1ba6, 0x1ba6, 0x1ba6, 0x1ba6, 0x1ba6, 0x1ba6, 0x1ba6,
    0x1ba6, 0x1ba6, 0x1ba6, 0x1ba6, 0x1ba6, 0x1ba6, 0x1ba6, 0x1ba6, 0x1ba6, 0x1ba6, 0x1ba6, 0x1ba6, 0x1ba6, 0x1ba6, 0x1ba6, 0x1ba6,
    0x1ba6, 0x1ba6, 0x1ba6, 0x1ba6, 0x1ba6, 0x1ba6, 0x1ba6, 0x1ba6, 0x1ba6, 0x1ba6, 0x1ba6, 0x1ba6, 0x1ba6, 0x1ba6, 0x1ba6, 0x1ba6,
    0x1ba6, 0x1ba6, 0x1ba6, 0x1ba6, 0x1ba6, 0x1ba6, 0x1ba6, 0x1ba6, 0x1ba6, 0x1ba6, 0x1ba6, 0x1ba6, 0x1ba6, 0x1ba6, 0x1ba6, 0x1ba6,
    0x1ba6, 0x1ba6, 0x1ba6, 0x1ba6, 0x1ba6, 0x1ba6, 0x1ba6, 0x1ba6, 0x1ba6, 0x1ba6, 0x1ba6, 0x1ba6, 0x1ba6, 0x1ba6, 0xf777, 0xff78,
    0xf778, 0xff78, 0xff78, 0xff58, 0x1ba6, 0x1ba6, 0x1ba6, 0x1ba6, 0x1ba6, 0x1ba6, 0x1ba6, 0x1ba6, 0x1ba6, 0x1ba6, 0x1ba6, 0x1ba6,
    0x1ba6, 0x1ba6, 0x1ba6, 0x1ba6, 0x1ba6, 0x1ba6, 0x1ba6, 0x1ba6, 0x1ba6, 0x1ba6, 0x1ba6, 0x1ba6, 0x1ba6, 0x1ba6, 0x1ba6, 0x1ba6,
    0x1ba6, 0x1ba6, 0x1ba6, 0x1ba6, 0x1ba6, 0x1ba6, 0x1ba6, 0x1ba6, 0x1ba6, 0x1ba6, 0x1ba6, 0x1ba6, 0x1ba6, 0x1ba6, 0x1ba6, 0x1ba6,
    0x1ba6, 0x1ba6, 0x1ba6, 0x1ba6, 0x1ba6, 0x1ba6, 0x1ba6, 0x1ba6, 0x1ba6, 0x1ba6, 0x1ba6, 0x1ba6, 0x1ba6, 0x1ba6, 0x1ba6, 0x1ba6,
    0x1ba6, 0x1ba6, 0x1ba6, 0x1ba6, 0x1ba6, 0x1ba6, 0x1ba6, 0x1ba6, 0x1ba6, 0x1ba6, 0x1ba6, 0x1ba6, 0x1ba6, 0x10a2, 0x7143, 0xd9e3,
    0xd9e3, 0xd9e3, 0xda04, 0xda04, 0xd1e3, 0x1082, 0x10c2, 0x1ba6, 0x1ba6, 0x1ba6, 0x1ba6, 0x1ba6, 0x1ba6, 0x1ba6, 0x1ba6, 0x1ba6,
    0x1ba6, 0x1ba6, 0x1ba6, 0x1ba6, 0x1ba6, 0x18e2, 0x18a2, 0xd1c3, 0xd1c3, 0xd1e3, 0xd1e3, 0xd9e3, 0xd9e4, 0xa983, 0x10a2, 0x1ba6,
    0x1ba6, 0x1ba6, 0x1ba6, 0x1ba6, 0x1ba6, 0x1ba6, 0x1ba6, 0x1ba6, 0x1ba6, 0x1ba6, 0x1ba6, 0x1ba6, 0x1ba6, 0x1ba6, 0x1ba6, 0x1ba6,
    0x1ba6, 0x1ba6, 0x1ba6, 0x1ba6, 0x1ba6, 0x1ba6, 0x1ba6, 0x1ba6, 0x1ba6, 0x1ba6, 0x1ba6, 0x1ba6, 0x1ba6, 0x1ba6, 0x1ba6, 0x1ba6,
    0x1ba6, 0x1ba6, 0x1ba6, 0x1ba6, 0x1ba6, 0x1ba6, 0x1ba6, 0x1ba6, 0x1ba6, 0x1ba6, 0x1ba6, 0x1ba6, 0x1ba6, 0x1ba6, 0x1ba6, 0x1ba6,
    0x1ba6, 0x1ba6, 0x1ba6, 0x1ba6, 0x1ba6, 0x1ba6, 0x1ba6, 0x1ba6, 0x1ba6, 0x1ba6, 0x1ba6, 0x1ba6, 0x1ba6, 0x1ba6, 0x1ba6, 0x1ba6,
    0x1ba6, 0x1ba6, 0x1ba6, 0x1ba6, 0x1ba6, 0x1ba6, 0x1ba6, 0x1ba6, 0x1ba6, 0x1ba6, 0x1ba6, 0x1ba6, 0x1ba6, 0x1ba6, 0x1ba6, 0x1ba6,
    0x1ba6, 0x1ba6, 0x1ba6, 0x1ba6, 0x1ba6, 0x1ba6, 0x1ba6, 0x1ba6, 0x1ba6, 0x1ba6, 0x1ba6, 0x1ba6, 0x1ba6, 0x1ba6, 0x1ba6, 0x1ba6,
    0x1ba6, 0x1ba6, 0x1ba6, 0x1ba6, 0x1ba6, 0x1ba6, 0x1ba6, 0x1ba6, 0x1ba6, 0x1ba6, 0x1ba6, 0x1ba6, 0x1ba6, 0x1ba6, 0x1ba6, 0x1ba6,
    0x1ba6, 0x1ba6, 0x1ba6, 0x1ba6, 0x1ba6, 0x1ba6, 0x1ba6, 0x1ba6, 0x1ba6, 0x1ba6, 0x1ba6, 0x1ba6, 0xff78, 0xff79, 0xff79, 0xff78,
    0xf758, 0xf778, 0xf758, 0xf758, 0xff58, 0xff79, 0xff79, 0xff79, 0x1ba6, 0x1ba6, 0x1ba6, 0x1ba6, 0x1ba6, 0x1ba6, 0x1ba6, 0x1ba6,
    0x1ba6, 0x1ba6, 0x1ba6, 0x1ba6, 0x1ba6, 0x1ba6, 0x1ba6, 0x1ba6, 0x1ba6, 0x1ba6, 0x1ba6, 0x1ba6, 0x1ba6, 0x1ba6, 0x1ba6, 0x1ba6,
    0x1ba6, 0x1ba6, 0x1ba6, 0x1ba6, 0x1ba6, 0x1ba6, 0x1ba6, 0x1ba6, 0x1ba6, 0x1ba6, 0x1ba6, 0x1ba6, 0x1ba6, 0x1ba6, 0x1ba6, 0x1ba6,
    0x1ba6, 0x1ba6, 0x1ba6, 0x1ba6, 0x1ba6, 0x1ba6, 0x1ba6, 0x1ba6, 0x1ba6, 0x1ba6, 0x1ba6, 0x1ba6, 0x1ba6, 0x1ba6, 0x1ba6, 0x1ba6,
    0x1ba6, 0x1ba6, 0x1ba6, 0x1ba6, 0x1ba6, 0x1ba6, 0x1ba6, 0x1ba6, 0x1ba6, 0x1ba6, 0x1ba6, 0x1ba6, 0x1ba6, 0x1082, 0x8963, 0xd9e3,
    0xd1e3, 0xd9e4, 0xda04, 0xda04, 0xd204, 0x0861, 0x1082, 0x1ba6, 0x1ba6, 0x1ba6, 0x1ba6, 0x1ba6, 0x1ba6, 0x1ba6, 0x1ba6, 0x1ba6,
    0x1ba6, 0x1ba6, 0x1ba6, 0x1ba6, 0x1ba6, 0x1ba6, 0x1082, 0xc9c3, 0xd1c3, 0xd1e3, 0xd9e3, 0xd1e3, 0xd9e4, 0xa983, 0x10a2, 0x1ba6,
    0x1ba6, 0x1ba6, 0x1ba6, 0x1ba6, 0x1ba6, 0x1ba6, 0x1ba6, 0x1ba6, 0x1ba6, 0x1ba6, 0x1ba6, 0x1ba6, 0x1ba6, 0x1ba6, 0x1ba6, 0x1ba6,
    0x1ba6, 0x1ba6, 0x1ba6, 0x1ba6, 0x1ba6, 0x1ba6, 0x1ba6, 0x1ba6, 0x1ba6, 0x1ba6, 0x1ba6, 0x1ba6, 0x1ba6, 0x1ba6, 0x1ba6, 0x1ba6,
    0x1ba6, 0x1ba6, 0x1ba6, 0x1ba6, 0x1ba6, 0x1ba6, 0x1ba6, 0x1ba6, 0x1ba6, 0x1ba6, 0x1ba6, 0x1ba6, 0x1ba6, 0x1ba6, 0x1ba6, 0x1ba6,
    0x1ba6, 0x1ba6, 0x1ba6, 0x1ba6, 0x1ba6, 0x1ba6, 0x1ba6, 0x1ba6, 0x1ba6, 0x1ba6, 0x1ba6, 0x1ba6, 0x1ba6, 0x1ba6, 0x1ba6, 0x1ba6,
    0x1ba6, 0x1ba6, 0x1ba6, 0x1ba6, 0x1ba6, 0x1ba6, 0x1ba6, 0x1ba6, 0x1ba6, 0x1ba6, 0x1ba6, 0x1ba6, 0x1ba6, 0x1ba6, 0x1ba6, 0x1ba6,
    0x1ba6, 0x1ba6, 0x1ba6, 0x1ba6, 0x1ba6, 0x1ba6, 0x1ba6, 0x1ba6, 0x1ba6, 0x1ba6, 0x1ba6, 0x1ba6, 0x1ba6, 0x1ba6, 0x1ba6, 0x1ba6,
    0x1ba6, 0x1ba6, 0x1ba6, 0x1ba6, 0x1ba6, 0x1ba6, 0x1ba6, 0x1ba6, 0x1ba6, 0x1ba6, 0x1ba6, 0x1ba6, 0x1ba6, 0x1ba6, 0x1ba6, 0x1ba6,
    0x1ba6, 0x1ba6, 0x1ba6, 0x1ba6, 0x1ba6, 0x1ba6, 0x1ba6, 0x1ba6, 0xf759, 0xff78, 0xff59, 0xff58, 0xff78, 0xff79, 0xff79, 0xff79,
    0x1ba6, 0x1ba6, 0x1ba6, 0x858c, 0xdef5, 0xf778, 0xf778, 0xf779, 0xe737, 0xe736, 0xe715, 0xded5, 0x1ba6, 0x1ba6, 0x1ba6, 0x1ba6,
    0x1ba6, 0x1ba6, 0x1ba6, 0x1ba6, 0x1ba6, 0x1ba6, 0x1ba6, 0x1ba6, 0x1ba6, 0x1ba6, 0x1ba6, 0x1ba6, 0x1ba6, 0x1ba6, 0x1ba6, 0x1ba6,
    0x1ba6, 0x1ba6, 0x1ba6, 0x1ba6, 0x1ba6, 0x1ba6, 0x1ba6, 0x1ba6, 0x1ba6, 0x1ba6, 0x1ba6, 0x1ba6, 0x1ba6, 0x1ba6, 0x1ba6, 0x1ba6,
    0x1ba6, 0x1ba6, 0x1ba6, 0x1ba6, 0x1ba6, 0x1ba6, 0x1ba6, 0x1ba6, 0x1ba6, 0x1ba6, 0x1ba6, 0x1ba6, 0x1ba6, 0x1ba6, 0x1ba6, 0x1ba6,
    0x1ba6, 0x1ba6, 0x1ba6, 0x1ba6, 0x1ba6, 0x1ba6, 0x1ba6, 0x1ba6, 0x1ba6, 0x1ba6, 0x1ba6, 0x1ba6, 0x1ba6, 0x1082, 0xb1c4, 0xd9e3,
    0xd9e3, 0xd1e3, 0xda03, 0xda04, 0xd1e3, 0x0881, 0x0861, 0x1ba6, 0x1ba6, 0x1ba6, 0x1ba6, 0x1ba6, 0x1ba6, 0x1ba6, 0x1ba6, 0x1ba6,
    0x1ba6, 0x1ba6, 0x1ba6, 0x1ba6, 0x1ba6, 0x1ba6, 0x1061, 0xc9a3, 0xc9c3, 0xd1e3, 0xd1e3, 0xd1e3, 0xd1e4, 0xa983, 0x10a2, 0x1ba6,
    0x1ba6, 0x1ba6, 0x1ba6, 0x1ba6, 0x1ba6, 0x1ba6, 0x1ba6, 0x1ba6, 0x1ba6, 0x1ba6, 0x1ba6, 0x1ba6, 0x1ba6, 0x1ba6, 0x1ba6, 0x1ba6,
    0x1ba6, 0x1ba6, 0x1ba6, 0x1ba6, 0x1ba6, 0x1ba6, 0x1ba6, 0x1ba6, 0x1ba6, 0x1ba6, 0x1ba6, 0x1ba6, 0x1ba6, 0x1ba6, 0x1ba6, 0x1ba6,
    0x1ba6, 0x1ba6, 0x1ba6, 0x1ba6, 0x1ba6, 0x1ba6, 0x1ba6, 0x1ba6, 0x1ba6, 0x1ba6, 0x1ba6, 0x1ba6, 0x1ba6, 0x1ba6, 0x1ba6, 0x1ba6,
    0x1ba6, 0x1ba6, 0x1ba6, 0x1ba6, 0x1ba6, 0x1ba6, 0x1ba6, 0x1ba6, 0x1ba6, 0x1ba6, 0x1ba6, 0x1ba6, 0x1ba6, 0x1ba6, 0x1ba6, 0x1ba6,
    0x1ba6, 0x1ba6, 0x1ba6, 0x1ba6, 0x1ba6, 0x1ba6, 0x1ba6, 0x1ba6, 0x1ba6, 0x1ba6, 0x1ba6, 0x1ba6, 0x1ba6, 0x1ba6, 0x1ba6, 0x1ba6,
    0x1ba6, 0x1ba6, 0x1ba6, 0x1ba6, 0x1ba6, 0x1ba6, 0x1ba6, 0x1ba6, 0x1ba6, 0x1ba6, 0x1ba6, 0x1ba6, 0x1ba6, 0x1ba6, 0x1ba6, 0x1ba6,
    0x1ba6, 0x1ba6, 0x1ba6, 0x1ba6, 0x1ba6, 0x1ba6, 0x1ba6, 0x1ba6, 0x1ba6, 0x1ba6, 0x1ba6, 0x1ba6, 0x1ba6, 0x1ba6, 0x1ba6, 0x1ba6,
    0x1ba6, 0x1ba6, 0x1ba6, 0x1ba6, 0xef36, 0xef36, 0xf757, 0xf777, 0xff79, 0xf779, 0xf778, 0xd6d5, 0x1ba6, 0x1ba6, 0x1ba6, 0x1ba6,
    0x1ba6, 0x1ba6, 0x1ba6, 0x1ba6, 0xdef5, 0xff78, 0xff79, 0xff79, 0xff79, 0xf758, 0xf758, 0xf757, 0x1ba6, 0x1ba6, 0x1ba6, 0x1ba6,
    0x1ba6, 0x1ba6, 0x1ba6, 0x1ba6, 0x1ba6, 0x1ba6, 0x1ba6, 0x1ba6, 0x1ba6, 0x1ba6, 0x1ba6, 0x1ba6, 0x1ba6, 0x1ba6, 0x1ba6, 0x1ba6,
    0x1ba6, 0x1ba6, 0x1ba6, 0x1ba6, 0x1ba6, 0x1ba6, 0x1ba6, 0x1ba6, 0x1ba6, 0x1ba6, 0x1ba6, 0x1ba6, 0x1ba6, 0x1ba6, 0x1ba6, 0x1ba6,
    0x1ba6, 0x1ba6, 0x1ba6, 0x1ba6, 0x1ba6, 0x1ba6, 0x1ba6, 0x1ba6, 0x1ba6, 0x1ba6, 0x1ba6, 0x1ba6, 0x1ba6, 0x1ba6, 0x1ba6, 0x1ba6,
    0x1ba6, 0x1ba6, 0x1ba6, 0x1ba6, 0x1ba6, 0x1ba6, 0x1ba6, 0x1ba6, 0x1ba6, 0x1ba6, 0x1ba6, 0x1ba6, 0x1ba6, 0x1082, 0xc1c3, 0xd1e3,
    0xd9e3, 0xd1e3, 0xd1e3, 0xda04, 0xd9e4, 0x10a2, 0x1081, 0x1ba6, 0x1ba6, 0x1ba6, 0x1ba6, 0x1ba6, 0x1ba6, 0x1ba6, 0x1ba6, 0x1ba6,
    0x1ba6, 0x1ba6, 0x1ba6, 0x1ba6, 0x1ba6, 0x1ba6, 0x10a2, 0xc9c3, 0xd1c3, 0xd1e3, 0xd1e3, 0xd1e3, 0xd1e3, 0xa983, 0x10a2, 0x1ba6,
    0x1ba6, 0x1ba6, 0x1ba6, 0x1ba6, 0x1ba6, 0x1ba6, 0x1ba6, 0x1ba6, 0x1ba6, 0x1ba6, 0x1ba6, 0x1ba6, 0x1ba6, 0x1ba6, 0x1ba6, 0x1ba6,
    0x1ba6, 0x1ba6, 0x1ba6, 0x1ba6, 0x1ba6, 0x1ba6, 0x1ba6, 0x1ba6, 0x1ba6, 0x1ba6, 0x1ba6, 0x1ba6, 0x1ba6, 0x1ba6, 0x1ba6, 0x1ba6,
    0x1ba6, 0x1ba6, 0x1ba6, 0x1ba6, 0x1ba6, 0x1ba6, 0x1ba6, 0x1ba6, 0x1ba6, 0x1ba6, 0x1ba6, 0x1ba6, 0x1ba6, 0x1ba6, 0x1ba6, 0x1ba6,
    0x1ba6, 0x1ba6, 0x1ba6, 0x1ba6, 0x1ba6, 0x1ba6, 0x1ba6, 0x1ba6, 0x1ba6, 0x1ba6, 0x1ba6, 0x1ba6, 0x1ba6, 0x1ba6, 0x1ba6, 0x1ba6,
    0x1ba6, 0x1ba6, 0x1ba6, 0x1ba6, 0x1ba6, 0x1ba6, 0x1ba6, 0x1ba6, 0x1ba6, 0x1ba6, 0x1ba6, 0x1ba6, 0x1ba6, 0x1ba6, 0x1ba6, 0x1ba6,
    0x1ba6, 0x1ba6, 0x1ba6, 0x1ba6, 0x1ba6, 0x1ba6, 0x1ba6, 0x1ba6, 0x1ba6, 0x1ba6, 0x1ba6, 0x1ba6, 0x1ba6, 0x1ba6, 0x1ba6, 0x1ba6,
    0x1ba6, 0x1ba6, 0x1ba6, 0x1ba6, 0x1ba6, 0x1ba6, 0x1ba6, 0x1ba6, 0x1ba6, 0x1ba6, 0x1ba6, 0x1ba6, 0x1ba6, 0x1ba6, 0x1ba6, 0x1ba6,
    0x1ba6, 0x1ba6, 0x1ba6, 0x1ba6, 0xf758, 0xf757, 0xf757, 0xff78, 0xff99, 0xff79, 0xff78, 0xdef5, 0x1ba6, 0x1ba6, 0x1ba6, 0x1ba6,
    0x1ba6, 0x1ba6, 0x1ba6, 0x1ba6, 0x1ba6, 0x1ba6, 0x1ba6, 0x1ba6, 0x1ba6, 0xf758, 0xf757, 0xf737, 0xf758, 0xff9a, 0xff99, 0xff99,
    0xffbb, 0x1ba6, 0x1ba6, 0x1ba6, 0x1ba6, 0x1ba6, 0x1ba6, 0x1ba6, 0x1ba6, 0x1ba6, 0x1ba6, 0x1ba6, 0x1ba6, 0x1ba6, 0x1ba6, 0x1ba6,
    0x1ba6, 0x1ba6, 0x1ba6, 0x1ba6, 0x1ba6, 0x1ba6, 0x1ba6, 0x1ba6, 0x1ba6, 0x1ba6, 0x1ba6, 0x1ba6, 0x1ba6, 0x1ba6, 0x1ba6, 0x1ba6,
    0x1ba6, 0x1ba6, 0x1ba6, 0x1ba6, 0x1ba6, 0x1ba6, 0x1ba6, 0x1ba6, 0x1ba6, 0x1ba6, 0x1ba6, 0x1ba6, 0x1ba6, 0x1ba6, 0x1ba6, 0x1ba6,
    0x1ba6, 0x1ba6, 0x1ba6, 0x1ba6, 0x1ba6, 0x1ba6, 0x1ba6, 0x1ba6, 0x1ba6, 0x1ba6, 0x1ba6, 0x1ba6, 0x1983, 0x1082, 0xd1e3, 0xd1e3,
    0xd9e3, 0xd1e3, 0xd1e3, 0xd1e3, 0x9943, 0x10e2, 0x10c2, 0x1ba6, 0x1ba6, 0x1ba6, 0x1ba6, 0x1ba6, 0x1ba6, 0x1ba6, 0x1ba6, 0x1ba6,
    0x1ba6, 0x1ba6, 0x1ba6, 0x1ba6, 0x1ba6, 0x1ba6, 0x18c2, 0xa163, 0xd1a3, 0xd1e3, 0xd1c3, 0xd1e3, 0xd9e3, 0xb183, 0x10a2, 0x1ba6,
    0x1ba6, 0x1ba6, 0x1ba6, 0x1ba6, 0x1ba6, 0x1ba6, 0x1ba6, 0x1ba6, 0x1ba6, 0x1ba6, 0x1ba6, 0x1ba6, 0x1ba6, 0x1ba6, 0x1ba6, 0x1ba6,
    0x1ba6, 0x1ba6, 0x1ba6, 0x1ba6, 0x1ba6, 0x1ba6, 0x1ba6, 0x1ba6, 0x1ba6, 0x1ba6, 0x1ba6, 0x1ba6, 0x1ba6, 0x1ba6, 0x1ba6, 0x1ba6,
    0x1ba6, 0x1ba6, 0x1ba6, 0x1ba6, 0x1ba6, 0x1ba6, 0x1ba6, 0x1ba6, 0x1ba6, 0x1ba6, 0x1ba6, 0x1ba6, 0x1ba6, 0x1ba6, 0x1ba6, 0x1ba6,
    0x1ba6, 0x1ba6, 0x1ba6, 0x1ba6, 0x1ba6, 0x1ba6, 0x1ba6, 0x1ba6, 0x1ba6, 0x1ba6, 0x1ba6, 0x1ba6, 0x1ba6, 0x1ba6, 0x1ba6, 0x1ba6,
    0x1ba6, 0x1ba6, 0x1ba6, 0x1ba6, 0x1ba6, 0x1ba6, 0x1ba6, 0x1ba6, 0x1ba6, 0x1ba6, 0x1ba6, 0x1ba6, 0x1ba6, 0x1ba6, 0x1ba6, 0x1ba6,
    0x1ba6, 0x1ba6, 0x1ba6, 0x1ba6, 0x1ba6, 0x1ba6, 0x1ba6, 0x1ba6, 0x1ba6, 0x1ba6, 0x1ba6, 0x1ba6, 0x1ba6, 0x1ba6, 0x1ba6, 0x1ba6,
    0x1ba6, 0x1ba6, 0x1ba6, 0x1ba6, 0x1ba6, 0x1ba6, 0x1ba6, 0x1ba6, 0x1ba6, 0x1ba6, 0x1ba6, 0x1ba6, 0x1ba6, 0x1ba6, 0x1ba6, 0xffba,
    0xff99, 0xff78, 0xff79, 0xff9a, 0xf758, 0xf737, 0xff57, 0x1ba6, 0x1ba6, 0x1ba6, 0x1ba6, 0x1ba6, 0x1ba6, 0x1ba6, 0x1ba6, 0x1ba6,
    0x1ba6, 0x1ba6, 0x1ba6, 0x1ba6, 0x1ba6, 0x1ba6, 0x1ba6, 0x1ba6, 0x1ba6, 0x1ba6, 0x1ba6, 0x1ba6, 0x1ba6, 0xff9a, 0xff99, 0xff99,
    0xff9a, 0xff99, 0xff57, 0xff78, 0xff98, 0xffba, 0x1ba6, 0x1ba6, 0x1ba6, 0x1ba6, 0x1ba6, 0x1ba6, 0x1ba6, 0x1ba6, 0x1ba6, 0x1ba6,
    0x1ba6, 0x1ba6, 0x1ba6, 0x1ba6, 0x1ba6, 0x1ba6, 0x1ba6, 0x1ba6, 0x1ba6, 0x1ba6, 0x1ba6, 0x1ba6, 0x1ba6, 0x1ba6, 0x1ba6, 0x1ba6,
    0x1ba6, 0x1ba6, 0x1ba6, 0x1ba6, 0x1ba6, 0x1ba6, 0x1ba6, 0x1ba6, 0x1ba6, 0x1ba6, 0x1ba6, 0x1ba6, 0x1ba6, 0x1ba6, 0x1ba6, 0x1ba6,
    0x1ba6, 0x1ba6, 0x1ba6, 0x1ba6, 0x1ba6, 0x1ba6, 0x1ba6, 0x1ba6, 0x1ba6, 0x1ba6, 0x1ba6, 0x1ba6, 0x1122, 0x1082, 0xd1e3, 0xd1e3,
    0xd9e3, 0xd1e3, 0xd1e3, 0x40e2, 0x10a2, 0x1ba6, 0x1ba6, 0x1ba6, 0x1ba6, 0x1ba6, 0x1ba6, 0x1ba6, 0x1ba6, 0x1ba6, 0x1ba6, 0x1ba6,
    0x1ba6, 0x1ba6, 0x1ba6, 0x1ba6, 0x1ba6, 0x1ba6, 0x1ba6, 0x0861, 0x0061, 0xd1e3, 0xd1e3, 0xd1e3, 0xd9e3, 0xa963, 0x10a2, 0x1ba6,
    0x1ba6, 0x1ba6, 0x1ba6, 0x1ba6, 0x1ba6, 0x1ba6, 0x1ba6, 0x1ba6, 0x1ba6, 0x1ba6, 0x1ba6, 0x1ba6, 0x1ba6, 0x1ba6, 0x1ba6, 0x1ba6,
    0x1ba6, 0x1ba6, 0x1ba6, 0x1ba6, 0x1ba6, 0x1ba6, 0x1ba6, 0x1ba6, 0x1ba6, 0x1ba6, 0x1ba6, 0x1ba6, 0x1ba6, 0x1ba6, 0x1ba6, 0x1ba6,
    0x1ba6, 0x1ba6, 0x1ba6, 0x1ba6, 0x1ba6, 0x1ba6, 0x1ba6, 0x1ba6, 0x1ba6, 0x1ba6, 0x1ba6, 0x1ba6, 0x1ba6, 0x1ba6, 0x1ba6, 0x1ba6,
    0x1ba6, 0x1ba6, 0x1ba6, 0x1ba6, 0x1ba6, 0x1ba6, 0x1ba6, 0x1ba6, 0x1ba6, 0x1ba6, 0x1ba6, 0x1ba6, 0x1ba6, 0x1ba6, 0x1ba6, 0x1ba6,
    0x1ba6, 0x1ba6, 0x1ba6, 0x1ba6, 0x1ba6, 0x1ba6, 0x1ba6, 0x1ba6, 0x1ba6, 0x1ba6, 0x1ba6, 0x1ba6, 0x1ba6, 0x1ba6, 0x1ba6, 0x1ba6,
    0x1ba6, 0x1ba6, 0x1ba6, 0x1ba6, 0x1ba6, 0x1ba6, 0x1ba6, 0x1ba6, 0x1ba6, 0x1ba6, 0x1ba6, 0x1ba6, 0x1ba6, 0x1ba6, 0x1ba6, 0x1ba6,
    0x1ba6, 0x1ba6, 0x1ba6, 0x1ba6, 0x1ba6, 0x1ba6, 0x1ba6, 0x1ba6, 0x1ba6, 0x1ba6, 0xf758, 0xffb9, 0xff99, 0xff78, 0xff79, 0xff79,
    0xff79, 0xff79, 0xff79, 0xe736, 0x1ba6, 0x1ba6, 0x1ba6, 0x1ba6, 0x1ba6, 0x1ba6, 0x1ba6, 0x1ba6, 0x1ba6, 0x1ba6, 0x1ba6, 0x1ba6,
    0x1ba6, 0x1ba6, 0x1ba6, 0x1ba6, 0x1ba6, 0x1ba6, 0x1ba6, 0x1ba6, 0x1ba6, 0x1ba6, 0x1ba6, 0x1ba6, 0x1ba6, 0xceb4, 0xced4, 0xe716,
    0xe736, 0xf757, 0xf736, 0xf757, 0xff78, 0xff78, 0xff78, 0x1ba6, 0x1ba6, 0x1ba6, 0x1ba6, 0x1ba6, 0x1ba6, 0x1ba6, 0x1ba6, 0x1ba6,
    0x1ba6, 0x1ba6, 0x1ba6, 0x1ba6, 0x1ba6, 0x1ba6, 0x1ba6, 0x1ba6, 0x1ba6, 0x1ba6, 0x1ba6, 0x1ba6, 0x1ba6, 0x1ba6, 0x1ba6, 0x1ba6,
    0x1ba6, 0x1ba6, 0x1ba6, 0x1ba6, 0x1ba6, 0x1ba6, 0x1ba6, 0x1ba6, 0x1ba6, 0x1ba6, 0x1ba6, 0x1ba6, 0x1ba6, 0x1ba6, 0x1ba6, 0x1ba6,
    0x1ba6, 0x1ba6, 0x1ba6, 0x1ba6, 0x1ba6, 0x1ba6, 0x1ba6, 0x1ba6, 0x1ba6, 0x1ba6, 0x1ba6, 0x1ba6, 0x1122, 0x10a2, 0xe1e3, 0xd1e3,
    0xd1e3, 0xd1e3, 0xd1e3, 0x40e2, 0x0881, 0x1ba6, 0x1ba6, 0x1ba6, 0x1ba6, 0x1ba6, 0x1ba6, 0x1ba6, 0x1ba6, 0x1ba6, 0x1ba6, 0x1ba6,
    0x1ba6, 0x1ba6, 0x1ba6, 0x1ba6, 0x1ba6, 0x1ba6, 0x1ba6, 0x0861, 0x0061, 0xc9c3, 0xd1e3, 0xd9e3, 0xd1e3, 0xa143, 0x0882, 0x1ba6,
    0x1ba6, 0x1ba6, 0x1ba6, 0x1ba6, 0x1ba6, 0x1ba6, 0x1ba6, 0x1ba6, 0x1ba6, 0x1ba6, 0x1ba6, 0x1ba6, 0x1ba6, 0x1ba6, 0x1ba6, 0x1ba6,
    0x1ba6, 0x1ba6, 0x1ba6, 0x1ba6, 0x1ba6, 0x1ba6, 0x1ba6, 0x1ba6, 0x1ba6, 0x1ba6, 0x1ba6, 0x1ba6, 0x1ba6, 0x1ba6, 0x1ba6, 0x1ba6,
    0x1ba6, 0x1ba6, 0x1ba6, 0x1ba6, 0x1ba6, 0x1ba6, 0x1ba6, 0x1ba6, 0x1ba6, 0x1ba6, 0x1ba6, 0x1ba6, 0x1ba6, 0x1ba6, 0x1ba6, 0x1ba6,
    0x1ba6, 0x1ba6, 0x1ba6, 0x1ba6, 0x1ba6, 0x1ba6, 0x1ba6, 0x1ba6, 0x1ba6, 0x1ba6, 0x1ba6, 0x1ba6, 0x1ba6, 0x1ba6, 0x1ba6, 0x1ba6,
    0x1ba6, 0x1ba6, 0x1ba6, 0x1ba6, 0x1ba6, 0x1ba6, 0x1ba6, 0x1ba6, 0x1ba6, 0x1ba6, 0x1ba6, 0x1ba6, 0x1ba6, 0x1ba6, 0x1ba6, 0x1ba6,
    0x1ba6, 0x1ba6, 0x1ba6, 0x1ba6, 0x1ba6, 0x1ba6, 0x1ba6, 0x1ba6, 0x1ba6, 0x1ba6, 0x1ba6, 0x1ba6, 0x1ba6, 0x1ba6, 0x1ba6, 0x1ba6,
    0x1ba6, 0x1ba6, 0x1ba6, 0x1ba6, 0x1ba6, 0x1ba6, 0x1ba6, 0x1ba6, 0x8d6e, 0xf798, 0xff78, 0xff79, 0xff78, 0xf757, 0xf777, 0xef37,
    0xe736, 0xe736, 0xe717, 0xd6f5, 0x1ba6, 0x1ba6, 0x1ba6, 0x1ba6, 0x1ba6, 0x1ba6, 0x1ba6, 0x1ba6, 0x1ba6, 0x1ba6, 0x1ba6, 0x1ba6,
    0x1ba6, 0x1ba6, 0x1ba6, 0x1ba6, 0x1ba6, 0x1ba6, 0x1ba6, 0x1ba6, 0x1ba6, 0x1ba6, 0x1ba6, 0x1ba6, 0x1ba6, 0x1ba6, 0x1ba6, 0x1ba6,
    0x1ba6, 0x1ba6, 0xe6f4, 0xf758, 0xff79, 0xf758, 0xf758, 0xff7a, 0xff9a, 0xf778, 0xf757, 0xf757, 0xc694, 0x1ba6, 0x1ba6, 0x1ba6,
    0x1ba6, 0x1ba6, 0x1ba6, 0x1ba6, 0x1ba6, 0x1ba6, 0x1ba6, 0x1ba6, 0x1ba6, 0x1ba6, 0x1ba6, 0x1ba6, 0x1ba6, 0x1ba6, 0x1ba6, 0x1ba6,
    0x1ba6, 0x1ba6, 0x1ba6, 0x1ba6, 0x1ba6, 0x1ba6, 0x1ba6, 0x1ba6, 0x1ba6, 0x1ba6, 0x1ba6, 0x1ba6, 0x1ba6, 0x1ba6, 0x1ba6, 0x1ba6,
    0x1ba6, 0x1ba6, 0x1ba6, 0x1ba6, 0x1ba6, 0x1ba6, 0x1ba6, 0x1ba6, 0x1ba6, 0x1ba6, 0x1ba6, 0x1ba6, 0x1903, 0x18e3, 0xda24, 0xd1e3,
    0xc9c3, 0xd1c3, 0xd1e4, 0x38c2, 0x1081, 0x1ba6, 0x1ba6, 0x1ba6, 0x1ba6, 0x1ba6, 0x1ba6, 0x1ba6, 0x1ba6, 0x1ba6, 0x1ba6, 0x1ba6,
    0x1ba6, 0x1ba6, 0x1ba6, 0x1ba6, 0x1ba6, 0x1ba6, 0x1ba6, 0x1082, 0x0882, 0xc9e3, 0xd1e3, 0xd1e3, 0xd1e3, 0xa143, 0x10a2, 0x1ba6,
    0x1ba6, 0x1ba6, 0x1ba6, 0x1ba6, 0x1ba6, 0x1ba6, 0x1ba6, 0x1ba6, 0x1ba6, 0x1ba6, 0x1ba6, 0x1ba6, 0x1ba6, 0x1ba6, 0x1ba6, 0x1ba6,
    0x1ba6, 0x1ba6, 0x1ba6, 0x1ba6, 0x1ba6, 0x1ba6, 0x1ba6, 0x1ba6, 0x1ba6, 0x1ba6, 0x1ba6, 0x1ba6, 0x1ba6, 0x1ba6, 0x1ba6, 0x1ba6,
    0x1ba6, 0x1ba6, 0x1ba6, 0x1ba6, 0x1ba6, 0x1ba6, 0x1ba6, 0x1ba6, 0x1ba6, 0x1ba6, 0x1ba6, 0x1ba6, 0x1ba6, 0x1ba6, 0x1ba6, 0x1ba6,
    0x1ba6, 0x1ba6, 0x1ba6, 0x1ba6, 0x1ba6, 0x1ba6, 0x1ba6, 0x1ba6, 0x1ba6, 0x1ba6, 0x1ba6, 0x1ba6, 0x1ba6, 0x1ba6, 0x1ba6, 0x1ba6,
    0x1ba6, 0x1ba6, 0x1ba6, 0x1ba6, 0x1ba6, 0x1ba6, 0x1ba6, 0x1ba6, 0x1ba6, 0x1ba6, 0x1ba6, 0x1ba6, 0x1ba6, 0x1ba6, 0x1ba6, 0x1ba6,
    0x1ba6, 0x1ba6, 0x1ba6, 0x1ba6, 0x1ba6, 0x1ba6, 0x1ba6, 0x1ba6, 0x1ba6, 0x1ba6, 0x1ba6, 0x1ba6, 0x1ba6, 0x1ba6, 0x1ba6, 0x1ba6,
    0x1ba6, 0x1ba6, 0x1ba6, 0xe757, 0xff79, 0xff78, 0xff78, 0xf779, 0xf79a, 0xff99, 0xf758, 0xf758, 0xf758, 0xef15, 0x1ba6, 0x1ba6,
    0x1ba6, 0x1ba6, 0x1ba6, 0x1ba6, 0x1ba6, 0x1ba6, 0x1ba6, 0x1ba6, 0x1ba6, 0x1ba6, 0x1ba6, 0x1ba6, 0x1ba6, 0x1ba6, 0x1ba6, 0x1ba6,
    0x1ba6, 0x1ba6, 0x1ba6, 0x1ba6, 0x1ba6, 0x1ba6, 0x1ba6, 0x1ba6, 0x1ba6, 0x1ba6, 0x1ba6, 0x1ba6, 0x1ba6, 0x1ba6, 0x1ba6, 0x1ba6,
    0x1ba6, 0x1ba6, 0x1ba6, 0x1ba6, 0x1ba6, 0x1ba6, 0x1ba6, 0xceb3, 0xffb9, 0xff97, 0xf757, 0xf778, 0xff79, 0xf779, 0xf779, 0xff78,
    0xff99, 0xf798, 0xf778, 0xdef6, 0x1ba6, 0x1ba6, 0x1ba6, 0x1ba6, 0x1ba6, 0x1ba6, 0x1ba6, 0x1ba6, 0x1ba6, 0x1ba6, 0x1ba6, 0x1ba6,
    0x1ba6, 0x1ba6, 0x1ba6, 0x1ba6, 0x1ba6, 0x1ba6, 0x1ba6, 0x1ba6, 0x1ba6, 0x1ba6, 0x1ba6, 0x1ba6, 0x1ba6, 0x1ba6, 0x1ba6, 0x1ba6,
    0x1ba6, 0x1ba6, 0x1ba6, 0x1ba6, 0x1ba6, 0x1ba6, 0x1ba6, 0x1ba6, 0x1ba6, 0x1ba6, 0x1ba6, 0x1ba6, 0x10c2, 0x18c2, 0xea23, 0xd1c3,
    0xc9a3, 0xd1c3, 0xda04, 0x30c2, 0x10a2, 0x1ba6, 0x1ba6, 0x1ba6, 0x1ba6, 0x1ba6, 0x1ba6, 0x1ba6, 0x1ba6, 0x1ba6, 0x1ba6, 0x1ba6,
    0x1ba6, 0x1ba6, 0x1ba6, 0x1ba6, 0x1ba6, 0x1ba6, 0x1ba6, 0x10c2, 0x10a2, 0xc9c3, 0xc9c3, 0xc9c3, 0xc9e3, 0xa983, 0x10c3, 0x1ba6,
    0x1ba6, 0x1ba6, 0x1ba6, 0x1ba6, 0x1ba6, 0x1ba6, 0x1ba6, 0x1ba6, 0x1ba6, 0x1ba6, 0x1ba6, 0x1ba6, 0x1ba6, 0x1ba6, 0x1ba6, 0x1ba6,
    0x1ba6, 0x1ba6, 0x1ba6, 0x1ba6, 0x1ba6, 0x1ba6, 0x1ba6, 0x1ba6, 0x1ba6, 0x1ba6, 0x1ba6, 0x1ba6, 0x1ba6, 0x1ba6, 0x1ba6, 0x1ba6,
    0x1ba6, 0x1ba6, 0x1ba6, 0x1ba6, 0x1ba6, 0x1ba6, 0x1ba6, 0x1ba6, 0x1ba6, 0x1ba6, 0x1ba6, 0x1ba6, 0x1ba6, 0x1ba6, 0x1ba6, 0x1ba6,
    0x1ba6, 0x1ba6, 0x1ba6, 0x1ba6, 0x1ba6, 0x1ba6, 0x1ba6, 0x1ba6, 0x1ba6, 0x1ba6, 0x1ba6, 0x1ba6, 0x1ba6, 0x1ba6, 0x1ba6, 0x1ba6,
    0x1ba6, 0x1ba6, 0x1ba6, 0x1ba6, 0x1ba6, 0x1ba6, 0x1ba6, 0x1ba6, 0x1ba6, 0x1ba6, 0x1ba6, 0x1ba6, 0x1ba6, 0x1ba6, 0x1ba6, 0x1ba6,
    0x1ba6, 0x1ba6, 0x1ba6, 0x1ba6, 0x1ba6, 0x1ba6, 0x1ba6, 0x1ba6, 0x1ba6, 0x1ba6, 0x1ba6, 0x1ba6, 0x95cf, 0xf777, 0xff99, 0xff98,
    0xff78, 0xff79, 0xf779, 0xff57, 0xff79, 0xff78, 0xf736, 0xef57, 0xf778, 0xbeb2, 0x1ba6, 0x1ba6, 0x1ba6, 0x1ba6, 0x1ba6, 0x1ba6,
    0x1ba6, 0x1ba6, 0x1ba6, 0x1ba6, 0x1ba6, 0x1ba6, 0x1ba6, 0x1ba6, 0x1ba6, 0x1ba6, 0x1ba6, 0x1ba6, 0x1ba6, 0x1ba6, 0x1ba6, 0x1ba6,
    0x1ba6, 0x1ba6, 0x1ba6, 0x1ba6, 0x1ba6, 0x1ba6, 0x1ba6, 0x1ba6, 0x1ba6, 0x1ba6, 0x1ba6, 0x1ba6, 0x1ba6, 0x1ba6, 0x1ba6, 0x1ba6,
    0x1ba6, 0x1ba6, 0x1ba6, 0x1ba6, 0x1ba6, 0x1ba6, 0x1ba6, 0x1ba6, 0x1ba6, 0x958c, 0xffb8, 0xfffa, 0xfffa, 0xffda, 0xff98, 0xf737,
    0xff78, 0xf779, 0xf758, 0xe716, 0x9dd0, 0x95af, 0x1ba6, 0x1ba6, 0x1ba6, 0x1ba6, 0x1ba6, 0x1ba6, 0x1ba6, 0x1ba6, 0x1ba6, 0x1ba6,
    0x1ba6, 0x1ba6, 0x1ba6, 0x1ba6, 0x1ba6, 0x1ba6, 0x1ba6, 0x1ba6, 0x1ba6, 0x1ba6, 0x1ba6, 0x1ba6, 0x1ba6, 0x1ba6, 0x1ba6, 0x1ba6,
    0x1ba6, 0x1ba6, 0x1ba6, 0x1ba6, 0x1ba6, 0x1ba6, 0x1ba6, 0x1ba6, 0x1ba6, 0x1ba6, 0x1ba6, 0x1ba6, 0x0861, 0x0041, 0x10a2, 0x1081,
    0x1082, 0x10c3, 0x10e3, 0x18e3, 0x18c2, 0x1ba6, 0x1ba6, 0x1ba6, 0x1ba6, 0x1ba6, 0x1ba6, 0x1ba6, 0x1ba6, 0x1ba6, 0x1ba6, 0x1ba6,
    0x1ba6, 0x1ba6, 0x1ba6, 0x1ba6, 0x1ba6, 0x1ba6, 0x1ba6, 0x18e3, 0x18e3, 0x18e3, 0x0861, 0x0841, 0x10a3, 0x18e4, 0x08a3, 0x10a3,
    0x0841, 0x1ba6, 0x1ba6, 0x1ba6, 0x1ba6, 0x1ba6, 0x1ba6, 0x1ba6, 0x1ba6, 0x1ba6, 0x1ba6, 0x1ba6, 0x1ba6, 0x1ba6, 0x1ba6, 0x1ba6,
    0x1ba6, 0x1ba6, 0x1ba6, 0x1ba6, 0x1ba6, 0x1ba6, 0x1ba6, 0x1ba6, 0x1ba6, 0x1ba6, 0x1ba6, 0x1ba6, 0x1ba6, 0x1ba6, 0x1ba6, 0x1ba6,
    0x1ba6, 0x1ba6, 0x1ba6, 0x1ba6, 0x1ba6, 0x1ba6, 0x1ba6, 0x1ba6, 0x1ba6, 0x1ba6, 0x1ba6, 0x1ba6, 0x1ba6, 0x1ba6, 0x1ba6, 0x1ba6,
    0x1ba6, 0x1ba6, 0x1ba6, 0x1ba6, 0x1ba6, 0x1ba6, 0x1ba6, 0x1ba6, 0x1ba6, 0x1ba6, 0x1ba6, 0x1ba6, 0x1ba6, 0x1ba6, 0x1ba6, 0x1ba6,
    0x1ba6, 0x1ba6, 0x1ba6, 0x1ba6, 0x1ba6, 0x1ba6, 0x1ba6, 0x1ba6, 0x1ba6, 0x1ba6, 0x1ba6, 0x1ba6, 0x1ba6, 0x1ba6, 0x1ba6, 0x1ba6,
    0x1ba6, 0x1ba6, 0x1ba6, 0x1ba6, 0x1ba6, 0x1ba6, 0x1ba6, 0x1ba6, 0x1ba6, 0x1ba6, 0x8d6e, 0xa611, 0xd6d5, 0xff58, 0xff78, 0xff58,
    0xff57, 0xffb9, 0xffda, 0xffb9, 0xffda, 0xff98, 0xf756, 0x1ba6, 0x1ba6, 0x1ba6, 0x1ba6, 0x1ba6, 0x1ba6, 0x1ba6, 0x1ba6, 0x1ba6,
    0x1ba6, 0x1ba6, 0x1ba6, 0x1ba6, 0x1ba6, 0x1ba6, 0x1ba6, 0x1ba6, 0x1ba6, 0x1ba6, 0x1ba6, 0x1ba6, 0x1ba6, 0x1ba6, 0x1ba6, 0x1ba6,
    0x1ba6, 0x1ba6, 0x1ba6, 0x1ba6, 0x1ba6, 0x1ba6, 0x1ba6, 0x1ba6, 0x1ba6, 0x1ba6, 0x1ba6, 0x1ba6, 0x1ba6, 0x1ba6, 0x1ba6, 0x1ba6,
    0x1ba6, 0x1ba6, 0x1ba6, 0x1ba6, 0x1ba6, 0x1ba6, 0x1ba6, 0x1ba6, 0x1ba6, 0x1ba6, 0x1ba6, 0x1ba6, 0x1ba6, 0x1ba6, 0x1ba6, 0xf737,
    0xff79, 0xff79, 0xf758, 0xf757, 0xf757, 0xff79, 0xff59, 0xf758, 0xf737, 0xf758, 0xf758, 0x7ccc, 0x1ba6, 0x1ba6, 0x1ba6, 0x1ba6,
    0x1ba6, 0x1ba6, 0x1ba6, 0x1ba6, 0x1ba6, 0x1ba6, 0x1ba6, 0x1ba6, 0x1ba6, 0x1ba6, 0x1ba6, 0x1ba6, 0x1ba6, 0x1ba6, 0x1ba6, 0x1ba6,
    0x1ba6, 0x1ba6, 0x1ba6, 0x1ba6, 0x1ba6, 0x1ba6, 0x1ba6, 0x1ba6, 0x1ba6, 0x1ba6, 0x1102, 0x10a3, 0x6b4c, 0xf75a, 0x1082, 0x1082,
    0x10c3, 0x10e4, 0x10c3, 0x10c3, 0x18e3, 0x1ba6, 0x1ba6, 0x1ba6, 0x1ba6, 0x1ba6, 0x1ba6, 0x1ba6, 0x1ba6, 0x1ba6, 0x1ba6, 0x1ba6,
    0x1ba6, 0x1ba6, 0x1ba6, 0x1ba6, 0x1ba6, 0x1ba6, 0x1ba6, 0x10e3, 0x10c3, 0x10c3, 0x0861, 0x0841, 0x10a3, 0x31a6, 0xff9b, 0x18e3,
    0x0861, 0x0862, 0x1ba6, 0x1ba6, 0x1ba6, 0x1ba6, 0x1ba6, 0x1ba6, 0x1ba6, 0x1ba6, 0x1ba6, 0x1ba6, 0x1ba6, 0x1ba6, 0x1ba6, 0x1ba6,
    0x1ba6, 0x1ba6, 0x1ba6, 0x1ba6, 0x1ba6, 0x1ba6, 0x1ba6, 0x1ba6, 0x1ba6, 0x1ba6, 0x1ba6, 0x1ba6, 0x1ba6, 0x1ba6, 0x1ba6, 0x1ba6,
    0x1ba6, 0x1ba6, 0x1ba6, 0x1ba6, 0x1ba6, 0x1ba6, 0x1ba6, 0x1ba6, 0x1ba6, 0x1ba6, 0x1ba6, 0x1ba6, 0x1ba6, 0x1ba6, 0x1ba6, 0x1ba6,
    0x1ba6, 0x1ba6, 0x1ba6, 0x1ba6, 0x1ba6, 0x1ba6, 0x1ba6, 0x1ba6, 0x1ba6, 0x1ba6, 0x1ba6, 0x1ba6, 0x1ba6, 0x1ba6, 0x1ba6, 0x1ba6,
    0x1ba6, 0x1ba6, 0x1ba6, 0x1ba6, 0x1ba6, 0x1ba6, 0x1ba6, 0x1ba6, 0x1ba6, 0x1ba6, 0x1ba6, 0x1ba6, 0x1ba6, 0x1ba6, 0x1ba6, 0x1ba6,
    0x1ba6, 0x1ba6, 0x1ba6, 0x1ba6, 0x1ba6, 0xf759, 0xf758, 0xf737, 0xf758, 0xf779, 0xf779, 0xf778, 0xf757, 0xff57, 0xff78, 0xff78,
    0xf757, 0x1ba6, 0x1ba6, 0x1ba6, 0x1ba6, 0x1ba6, 0x1ba6, 0x1ba6, 0x1ba6, 0x1ba6, 0x1ba6, 0x1ba6, 0x1ba6, 0x1ba6, 0x1ba6, 0x1ba6,
    0x1ba6, 0x1ba6, 0x1ba6, 0x1ba6, 0x1ba6, 0x1ba6, 0x1ba6, 0x1ba6, 0x1ba6, 0x1ba6, 0x1ba6, 0x1ba6, 0x1ba6, 0x1ba6, 0x1ba6, 0x1ba6,
    0x1ba6, 0x1ba6, 0x1ba6, 0x1ba6, 0x1ba6, 0x1ba6, 0x1ba6, 0x1ba6, 0x1ba6, 0x1ba6, 0x1ba6, 0x1ba6, 0x1ba6, 0x1ba6, 0x1ba6, 0x1ba6,
    0x1ba6, 0x1ba6, 0x1ba6, 0x1ba6, 0x1ba6, 0x1ba6, 0x1ba6, 0x1ba6, 0x1ba6, 0x1ba6, 0x1ba6, 0x1ba6, 0x1ba6, 0x1ba6, 0x1ba6, 0x1ba6,
    0x1ba6, 0x1ba6, 0x1ba6, 0x1ba6, 0x850c, 0x95ae, 0xf779, 0xff78, 0xf757, 0xff57, 0xff58, 0xff99, 0xffba, 0xffb9, 0xf798, 0xef77,
    0xe757, 0xdf16, 0xe737, 0xdf16, 0x1ba6, 0x1ba6, 0x1ba6, 0x1ba6, 0x1ba6, 0x1ba6, 0x1ba6, 0x1ba6, 0x1ba6, 0x1ba6, 0x1ba6, 0x1ba6,
    0x1ba6, 0x1ba6, 0x1ba6, 0x1ba6, 0x1ba6, 0x1ba6, 0x1ba6, 0x1ba6, 0x1ba6, 0x1ba6, 0x1904, 0x39c7, 0xb552, 0x4a48, 0xff78, 0xff99,
    0xffdb, 0x08a4, 0x10c3, 0x10c3, 0x10e3, 0x1ba6, 0x1ba6, 0x1ba6, 0x1ba6, 0x1ba6, 0x1ba6, 0x1ba6, 0x1ba6, 0x1ba6, 0x1ba6, 0x1ba6,
    0x1ba6, 0x1ba6, 0x1ba6, 0x1ba6, 0x1ba6, 0x1ba6, 0x1ba6, 0x10a2, 0x08a2, 0x10c3, 0xded8, 0xff99, 0xf758, 0xf717, 0xb573, 0xe6b7,
    0xe73a, 0x10e4, 0x1103, 0x08c2, 0x1ba6, 0x1ba6, 0x1ba6, 0x1ba6, 0x1ba6, 0x1ba6, 0x1ba6, 0x1ba6, 0x1ba6, 0x1ba6, 0x1ba6, 0x1ba6,
    0x1ba6, 0x1ba6, 0x1ba6, 0x1ba6, 0x1ba6, 0x1ba6, 0x1ba6, 0x1ba6, 0x1ba6, 0x1ba6, 0x1ba6, 0x1ba6, 0x1ba6, 0x1ba6, 0x1ba6, 0x1ba6,
    0x1ba6, 0x1ba6, 0x1ba6, 0x1ba6, 0x1ba6, 0x1ba6, 0x1ba6, 0x1ba6, 0x1ba6, 0x1ba6, 0x1ba6, 0x1ba6, 0x1ba6, 0x1ba6, 0x1ba6, 0x1ba6,
    0x1ba6, 0x1ba6, 0x1ba6, 0x1ba6, 0x1ba6, 0x1ba6, 0x1ba6, 0x1ba6, 0x1ba6, 0x1ba6, 0x1ba6, 0x1ba6, 0x1ba6, 0x1ba6, 0x1ba6, 0x1ba6,
    0x1ba6, 0x1ba6, 0x1ba6, 0x1ba6, 0x1ba6, 0x1ba6, 0x1ba6, 0x1ba6, 0x1ba6, 0x1ba6, 0x1ba6, 0x1ba6, 0xdf16, 0xd6f4, 0xdf16, 0xe737,
    0xe757, 0xef78, 0xffba, 0xffda, 0xffda, 0xff99, 0xff58, 0xff57, 0xff78, 0xff78, 0x7d0c, 0x1ba6, 0x1ba6, 0x1ba6, 0x1ba6, 0x1ba6,
    0x1ba6, 0x1ba6, 0x1ba6, 0x1ba6, 0x1ba6, 0x1ba6, 0x1ba6, 0x1ba6, 0x1ba6, 0x1ba6, 0x1ba6, 0x1ba6, 0x1ba6, 0x1ba6, 0x1ba6, 0x1ba6,
    0x1ba6, 0x1ba6, 0x1ba6, 0x1ba6, 0x1ba6, 0x1ba6, 0x1ba6, 0x1ba6, 0x1ba6, 0x1ba6, 0x1ba6, 0x1ba6, 0x1ba6, 0x1ba6, 0x1ba6, 0x1ba6,
    0x1ba6, 0x1ba6, 0x1ba6, 0x1ba6, 0x1ba6, 0x1ba6, 0x1ba6, 0x1ba6, 0x1ba6, 0x1ba6, 0x1ba6, 0x1ba6, 0x1ba6, 0x1ba6, 0x1ba6, 0x1ba6,
    0x1ba6, 0x1ba6, 0x1ba6, 0x1ba6, 0x1ba6, 0x1ba6, 0x1ba6, 0x1ba6, 0x1ba6, 0x1ba6, 0x1ba6, 0x1ba6, 0x1ba6, 0x1ba6, 0x1ba6, 0x1ba6,
    0x1ba6, 0x1ba6, 0x1ba6, 0x1ba6, 0x1ba6, 0x1ba6, 0xf758, 0xf778, 0xf737, 0xf757, 0xf758, 0xf779, 0xf778, 0xff78, 0xf778, 0xf778,
    0xf779, 0xff78, 0xff78, 0xf779, 0x1ba6, 0x1ba6, 0x1ba6, 0x1ba6, 0x1ba6, 0x1ba6, 0x1ba6, 0x1ba6, 0x1ba6, 0x1ba6, 0x1ba6, 0x1ba6,
    0x1ba6, 0x1ba6, 0x1ba6, 0x1ba6, 0x1ba6, 0x1ba6, 0x1ba6, 0x1ba6, 0x1ba6, 0x1ba6, 0x1904, 0x3a08, 0xad53, 0x10a2, 0xf738, 0xf759,
    0xf79b, 0x08a3, 0x10c3, 0x10a2, 0x10e3, 0x1ba6, 0x1ba6, 0x1ba6, 0x1ba6, 0x1ba6, 0x1ba6, 0x1ba6, 0x1ba6, 0x1ba6, 0x1ba6, 0x1ba6,
    0x1ba6, 0x1ba6, 0x1ba6, 0x1ba6, 0x1ba6, 0x1ba6, 0x1ba6, 0x0882, 0x0882, 0x08a2, 0xdeb7, 0xff9a, 0xff9a, 0xf737, 0x0041, 0xffba,
    0xffdd, 0x10e4, 0x08a3, 0x10a3, 0x1ba6, 0x1ba6, 0x1ba6, 0x1ba6, 0x1ba6, 0x1ba6, 0x1ba6, 0x1ba6, 0x1ba6, 0x1ba6, 0x1ba6, 0x1ba6,
    0x1ba6, 0x1ba6, 0x1ba6, 0x1ba6, 0x1ba6, 0x1ba6, 0x1ba6, 0x1ba6, 0x1ba6, 0x1ba6, 0x1ba6, 0x1ba6, 0x1ba6, 0x1ba6, 0x1ba6, 0x1ba6,
    0x1ba6, 0x1ba6, 0x1ba6, 0x1ba6, 0x1ba6, 0x1ba6, 0x1ba6, 0x1ba6, 0x1ba6, 0x1ba6, 0x1ba6, 0x1ba6, 0x1ba6, 0x1ba6, 0x1ba6, 0x1ba6,
    0x1ba6, 0x1ba6, 0x1ba6, 0x1ba6, 0x1ba6, 0x1ba6, 0x1ba6, 0x1ba6, 0x1ba6, 0x1ba6, 0x1ba6, 0x1ba6, 0x1ba6, 0x1ba6, 0x1ba6, 0x1ba6,
    0x1ba6, 0x1ba6, 0x1ba6, 0x1ba6, 0x1ba6, 0x1ba6, 0x1ba6, 0x1ba6, 0x1ba6, 0x1ba6, 0x1ba6, 0x1ba6, 0xffba, 0xff58, 0xf778, 0xff99,
    0xff99, 0xff78, 0xff78, 0xff79, 0xf779, 0xf779, 0xf758, 0xf757, 0xf758, 0xf757, 0x1ba6, 0x1ba6, 0x1ba6, 0x1ba6, 0x1ba6, 0x1ba6,
    0x1ba6, 0x1ba6, 0x1ba6, 0x1ba6, 0x1ba6, 0x1ba6, 0x1ba6, 0x1ba6, 0x1ba6, 0x1ba6, 0x1ba6, 0x1ba6, 0x1ba6, 0x1ba6, 0x1ba6, 0x1ba6,
    0x1ba6, 0x1ba6, 0x1ba6, 0x1ba6, 0x1ba6, 0x1ba6, 0x1ba6, 0x1ba6, 0x1ba6, 0x1ba6, 0x1ba6, 0x1ba6, 0x1ba6, 0x1ba6, 0x1ba6, 0x1ba6,
    0x1ba6, 0x1ba6, 0x1ba6, 0x1ba6, 0x1ba6, 0x1ba6, 0x1ba6, 0x1ba6, 0x1ba6, 0x1ba6, 0x1ba6, 0x1ba6, 0x1ba6, 0x1ba6, 0x1ba6, 0x1ba6,
    0x1ba6, 0x1ba6, 0x1ba6, 0x1ba6, 0x1ba6, 0x1ba6, 0x1ba6, 0x1ba6, 0x1ba6, 0x1ba6, 0x1ba6, 0x1ba6, 0x1ba6, 0x1ba6, 0x1ba6, 0x1ba6,
    0x1ba6, 0x1ba6, 0x1ba6, 0x1ba6, 0x1ba6, 0x1ba6, 0x1ba6, 0x1ba6, 0x1ba6, 0x1ba6, 0x1ba6, 0x1ba6, 0x1ba6, 0xf758, 0xff57, 0xff78,
    0xff79, 0xff78, 0xff58, 0xff79, 0xff79, 0xff79, 0xff78, 0xffb9, 0xffba, 0xffba, 0xffba, 0xffb9, 0xff98, 0xffb9, 0xded5, 0x1ba6,
    0x1ba6, 0x1ba6, 0x1ba6, 0x1ba6, 0x1ba6, 0x1ba6, 0x1ba6, 0x1ba6, 0x1ba6, 0x1ba6, 0x10c3, 0x1904, 0x1904, 0x0882, 0x2965, 0x3a07,
    0x39e7, 0x08a3, 0x10c3, 0x10a2, 0x10c3, 0x1ba6, 0x1ba6, 0x1ba6, 0x1ba6, 0x1ba6, 0x1ba6, 0x1ba6, 0x1ba6, 0x1ba6, 0x1ba6, 0x1ba6,
    0x1ba6, 0x1ba6, 0x1ba6, 0x1ba6, 0x1ba6, 0x1ba6, 0x1ba6, 0x0882, 0x0882, 0x10a3, 0x3a28, 0x5289, 0x4a48, 0x2924, 0x0882, 0x4a69,
    0x4a69, 0x10a3, 0x08a3, 0x10a3, 0x1ba6, 0x1ba6, 0x1ba6, 0x1ba6, 0x1ba6, 0x1ba6, 0x1ba6, 0x1ba6, 0x1ba6, 0x1ba6, 0x1ba6, 0x1ba6,
    0x1ba6, 0x1ba6, 0x1ba6, 0x1ba6, 0x1ba6, 0x1ba6, 0x1ba6, 0x1ba6, 0x1ba6, 0x1ba6, 0x1ba6, 0x1ba6, 0x1ba6, 0x1ba6, 0x1ba6, 0x1ba6,
    0x1ba6, 0x1ba6, 0x1ba6, 0x1ba6, 0x1ba6, 0x1ba6, 0x1ba6, 0x1ba6, 0x1ba6, 0x1ba6, 0x1ba6, 0x1ba6, 0x1ba6, 0x1ba6, 0x1ba6, 0x1ba6,
    0x1ba6, 0x1ba6, 0x1ba6, 0x1ba6, 0x1ba6, 0x1ba6, 0x1ba6, 0x1ba6, 0x1ba6, 0x1ba6, 0x1ba6, 0x1ba6, 0x1ba6, 0x1ba6, 0x1ba6, 0x1ba6,
    0x1ba6, 0xf799, 0xffba, 0xffba, 0xffba, 0xffb9, 0xffb9, 0xffb9, 0xffba, 0xffda, 0xff78, 0xff99, 0xff99, 0xff57, 0xf778, 0xff79,
    0xff79, 0xff78, 0xf758, 0xef37, 0x1ba6, 0x1ba6, 0x1ba6, 0x1ba6, 0x1ba6, 0x1ba6, 0x1ba6, 0x1ba6, 0x1ba6, 0x1ba6, 0x1ba6, 0x1ba6,
    0x1ba6, 0x1ba6, 0x1ba6, 0x1ba6, 0x1ba6, 0x1ba6, 0x1ba6, 0x1ba6, 0x1ba6, 0x1ba6, 0x1ba6, 0x1ba6, 0x1ba6, 0x1ba6, 0x1ba6, 0x1ba6,
    0x1ba6, 0x1ba6, 0x1ba6, 0x1ba6, 0x1ba6, 0x1ba6, 0x1ba6, 0x1ba6, 0x1ba6, 0x1ba6, 0x1ba6, 0x1ba6, 0x1ba6, 0x1ba6, 0x1ba6, 0x1ba6,
    0x1ba6, 0x1ba6, 0x1ba6, 0x1ba6, 0x1ba6, 0x1ba6, 0x1ba6, 0x1ba6, 0x1ba6, 0x1ba6, 0x1ba6, 0x1ba6, 0x1ba6, 0x1ba6, 0x1ba6, 0x1ba6,
    0x1ba6, 0x1ba6, 0x1ba6, 0x1ba6, 0x1ba6, 0x1ba6, 0x1ba6, 0x1ba6, 0x1ba6, 0x1ba6, 0x1ba6, 0x1ba6, 0x1ba6, 0x1ba6, 0x1ba6, 0x1ba6,
    0x1ba6, 0x1ba6, 0x1ba6, 0x1ba6, 0x1ba6, 0x1ba6, 0x1ba6, 0x1ba6, 0x1ba6, 0x1ba6, 0x1ba6, 0x1ba6, 0x1ba6, 0x1ba6, 0x1ba6, 0x1ba6,
    0x1ba6, 0x1ba6, 0x1ba6, 0x7d0b, 0x1ba6, 0xf758, 0xf758, 0xf778, 0xf778, 0xf778, 0xf778, 0xf757, 0xf736, 0xff78, 0xd6f6, 0x1ba6,
    0x1ba6, 0x1ba6, 0x1ba6, 0x1ba6, 0x1ba6, 0x1ba6, 0x1ba6, 0x1ba6, 0x1ba6, 0x1ba6, 0x1082, 0x10c3, 0x10a2, 0x0862, 0x10a3, 0x18e4,
    0x10c3, 0x08a3, 0x10c3, 0x10a2, 0x10a2, 0x1ba6, 0x1ba6, 0x1ba6, 0x1ba6, 0x1ba6, 0x1ba6, 0x1ba6, 0x1ba6, 0x1ba6, 0x1ba6, 0x1ba6,
    0x1ba6, 0x1ba6, 0x1ba6, 0x1ba6, 0x1ba6, 0x1ba6, 0x1ba6, 0x1082, 0x0882, 0x10c3, 0x10e4, 0x10a3, 0x0862, 0x0861, 0x08a3, 0x10c4,
    0x10c3, 0x0882, 0x08a3, 0x10c3, 0x1ba6, 0x1ba6, 0x1ba6, 0x1ba6, 0x1ba6, 0x1ba6, 0x1ba6, 0x1ba6, 0x1ba6, 0x1ba6, 0x1ba6, 0x1ba6,
    0x1ba6, 0x1ba6, 0x1ba6, 0x1ba6, 0x1ba6, 0x1ba6, 0x1ba6, 0x1ba6, 0x1ba6, 0x1ba6, 0x1ba6, 0x1ba6, 0x1ba6, 0x1ba6, 0x1ba6, 0x1ba6,
    0x1ba6, 0x1ba6, 0x1ba6, 0x1ba6, 0x1ba6, 0x1ba6, 0x1ba6, 0x1ba6, 0x1ba6, 0x1ba6, 0x1ba6, 0x1ba6, 0x1ba6, 0x1ba6, 0x1ba6, 0x1ba6,
    0x1ba6, 0x1ba6, 0x1ba6, 0x1ba6, 0x1ba6, 0x1ba6, 0x1ba6, 0x1ba6, 0x1ba6, 0x1ba6, 0x1ba6, 0x1ba6, 0x1ba6, 0x1ba6, 0x1ba6, 0x1ba6,
    0x1ba6, 0xe737, 0xf779, 0xf779, 0xf779, 0xf778, 0xf758, 0xf758, 0xf779, 0xff79, 0xf758, 0xf758, 0xadd1, 0x1ba6, 0x1ba6, 0x1ba6,
    0x1ba6, 0x1ba6, 0x1ba6, 0x1ba6, 0x1ba6, 0x1ba6, 0x1ba6, 0x1ba6, 0x1ba6, 0x1ba6, 0x1ba6, 0x1ba6, 0x1ba6, 0x1ba6, 0x1ba6, 0x1ba6,
    0x1ba6, 0x1ba6, 0x1ba6, 0x1ba6, 0x1ba6, 0x1ba6, 0x1ba6, 0x1ba6, 0x1ba6, 0x1ba6, 0x1ba6, 0x1ba6, 0x1ba6, 0x1ba6, 0x1ba6, 0x1ba6,
    0x1ba6, 0x1ba6, 0x1ba6, 0x1ba6, 0x1ba6, 0x1ba6, 0x1ba6, 0x1ba6, 0x1ba6, 0x1ba6, 0x1ba6, 0x1ba6, 0x1ba6, 0x1ba6, 0x1ba6, 0x1ba6,
    0x2c87, 0x2c87, 0x2c87, 0x2c87, 0x2c87, 0x2c87, 0x2c87, 0x2c87, 0x2c87, 0x2c87, 0x2c87, 0x2c87, 0x2c87, 0x2c87, 0x2c87, 0x2c87,
    0x2c87, 0x2c87, 0x2c87, 0x2c87, 0x2c87, 0x2c87, 0x2c87, 0x2c87, 0x2c87, 0x2c87, 0x2c87, 0x2c87, 0x2c87, 0x2c87, 0x2c87, 0x2c87,
    0x2c87, 0x2c87, 0x2c87, 0x2c87, 0x2c87, 0x2c87, 0x2c87, 0x2c87, 0x2c87, 0x2c87, 0x2c87, 0x2c87, 0x2c87, 0x2c87, 0x2c87, 0x2c87,
    0x2c87, 0x2c87, 0x2c87, 0x2c87, 0x2c87, 0xff99, 0xffba, 0xffba, 0xffda, 0xffba, 0xffba, 0xff98, 0xff77, 0xffba, 0xff9a, 0xf779,
    0xf778, 0xf799, 0xff79, 0xf758, 0xf758, 0xf779, 0xf758, 0x2c87, 0x2c87, 0x2c87, 0x08e2, 0x08c2, 0x0841, 0x0882, 0x10e3, 0x10c3,
    0x0882, 0x0862, 0x10c3, 0x1923, 0x1102, 0x2c87, 0x2c87, 0x2c87, 0x2c87, 0x2c87, 0x2c87, 0x2c87, 0x2c87, 0x2c87, 0x2c87, 0x2c87,
    0x2c87, 0x2c87, 0x2c87, 0x2c87, 0x2c87, 0x2c87, 0x2c87, 0x1142, 0x1123, 0x10c3, 0x10c3, 0x0882, 0x0862, 0x0861, 0x08a3, 0x10c3,
    0x1082, 0x0881, 0x2c87, 0x2c87, 0x2c87, 0x2c87, 0x2c87, 0x2c87, 0x2c87, 0x2c87, 0x2c87, 0x2c87, 0x2c87, 0x2c87, 0x2c87, 0x2c87,
    0x2c87, 0x2c87, 0x2c87, 0x2c87, 0x2c87, 0x2c87, 0x2c87, 0x2c87, 0x2c87, 0x2c87, 0x2c87, 0x2c87, 0x2c87, 0x2c87, 0x2c87, 0x2c87,
    0x2c87, 0x2c87, 0x2c87, 0x2c87, 0x2c87, 0x2c87, 0x2c87, 0x2c87, 0x2c87, 0x2c87, 0x2c87, 0x2c87, 0x2c87, 0x2c87, 0x2c87, 0x2c87,
    0x2c87, 0x2c87, 0x2c87, 0x2c87, 0x2c87, 0xffda, 0xf738, 0xf737, 0xf758, 0xf758, 0xf758, 0xf758, 0xf758, 0xf778, 0xf779, 0xf779,
    0xf779, 0xff79, 0xff78, 0xff99, 0xffba, 0xffba, 0xffb9, 0xff99, 0xffda, 0xffba, 0xf778, 0xff58, 0xa5d1, 0x2c87, 0x2c87, 0x2c87,
    0x2c87, 0x2c87, 0x2c87, 0x2c87, 0x2c87, 0x2c87, 0x2c87, 0x2c87, 0x2c87, 0x2c87, 0x2c87, 0x2c87, 0x2c87, 0x2c87, 0x2c87, 0x2c87,
    0x2c87, 0x2c87, 0x2c87, 0x2c87, 0x2c87, 0x2c87, 0x2c87, 0x2c87, 0x2c87, 0x2c87, 0x2c87, 0x2c87, 0x2c87, 0x2c87, 0x2c87, 0x2c87,
    0x2c87, 0x2c87, 0x2c87, 0x2c87, 0x2c87, 0x2c87, 0x2c87, 0x2c87, 0x2c87, 0x2c87, 0x2c87, 0x2c87, 0x2c87, 0x2c87, 0x2c87, 0x2c87,
    0x2c87, 0x2c87, 0x2c87, 0x2c87, 0x2c87, 0x2c87, 0x2c87, 0x2c87, 0x2c87, 0x2c87, 0x2c87, 0x2c87, 0x2c87, 0x2c87, 0x2c87, 0x2c87,
    0x2c87, 0x2c87, 0x2c87, 0x2c87, 0x2c87, 0x2c87, 0x2c87, 0x2c87, 0x2c87, 0x2c87, 0x2c87, 0x2c87, 0x2c87, 0x2c87, 0x2c87, 0x2c87,
    0x2c87, 0x2c87, 0x2c87, 0x2c87, 0x2c87, 0x2c87, 0x2c87, 0x2c87, 0x2c87, 0x2c87, 0x2c87, 0x2c87, 0x2c87, 0x2c87, 0x2c87, 0x2c87,
    0x2c87, 0x2c87, 0x2c87, 0x2c87, 0x2c87, 0x2c87, 0x2c87, 0x2c87, 0x2c87, 0x2c87, 0x2c87, 0x2c87, 0x2c87, 0x2c87, 0xf779, 0xf778,
    0xf779, 0xf799, 0xff99, 0xf778, 0xf778, 0xf779, 0xf778, 0xf737, 0xff9a, 0x2c87, 0x2c87, 0x2c87, 0x0841, 0x08a2, 0x10c2, 0x10a2,
    0x0841, 0x0881, 0x10c2, 0x2c87, 0x2c87, 0x2c87, 0x2c87, 0x2c87, 0x2c87, 0x2c87, 0x2c87, 0x2c87, 0x2c87, 0x2c87, 0x2c87, 0x2c87,
    0x2c87, 0x2c87, 0x2c87, 0x2c87, 0x2c87, 0x2c87, 0x2c87, 0x2c87, 0x2c87, 0x10a2, 0x0882, 0x0841, 0x0841, 0x0861, 0x08a2, 0x08a2,
    0x10a1, 0x2c87, 0x2c87, 0x2c87, 0x2c87, 0x2c87, 0x2c87, 0x2c87, 0x2c87, 0x2c87, 0x2c87, 0x2c87, 0x2c87, 0x2c87, 0x2c87, 0x2c87,
    0x2c87, 0x2c87, 0x2c87, 0x2c87, 0x2c87, 0x2c87, 0x2c87, 0x2c87, 0x2c87, 0x2c87, 0x2c87, 0x2c87, 0x2c87, 0x2c87, 0x2c87, 0x2c87,
    0x2c87, 0x2c87, 0x2c87, 0x2c87, 0x2c87, 0x2c87, 0x2c87, 0x2c87, 0x2c87, 0x2c87, 0x2c87, 0x2c87, 0x2c87, 0x2c87, 0x2c87, 0x2c87,
    0x2c87, 0x2c87, 0x2c87, 0x2c87, 0x2c87, 0xffba, 0xf779, 0xf758, 0xf778, 0xff79, 0xf779, 0xf778, 0xf778, 0xf778, 0xf778, 0xf779,
    0xf779, 0xf778, 0xef78, 0x2c87, 0x2c87, 0x2c87, 0x2c87, 0x2c87, 0x2c87, 0x2c87, 0x2c87, 0x2c87, 0x2c87, 0x2c87, 0x2c87, 0x2c87,
    0x2c87, 0x2c87, 0x2c87, 0x2c87, 0x2c87, 0x2c87, 0x2c87, 0x2c87, 0x2c87, 0x2c87, 0x2c87, 0x2c87, 0x2c87, 0x2c87, 0x2c87, 0x2c87,
    0x2c87, 0x2c87, 0x2c87, 0x2c87, 0x2c87, 0x2c87, 0x2c87, 0x2c87, 0x2c87, 0x2c87, 0x2c87, 0x2c87, 0x2c87, 0x2c87, 0x2c87, 0x2c87,
    0x2c87, 0x2c87, 0x2c87, 0x2c87, 0x2c87, 0x2c87, 0x2c87, 0x2c87, 0x2c87, 0x2c87, 0x2c87, 0x2c87, 0x2c87, 0x2c87, 0x2c87, 0x2c87,
    0x2c87, 0x2c87, 0x2c87, 0x2c87, 0x2c87, 0x2c87, 0x2c87, 0x2c87, 0x2c87, 0x2c87, 0x2c87, 0x2c87, 0x2c87, 0x2c87, 0x2c87, 0x2c87,
    0x2c87, 0x2c87, 0x2c87, 0x2c87, 0x2c87, 0x2c87, 0x2c87, 0x2c87, 0x2c87, 0x2c87, 0x2c87, 0x2c87, 0x2c87, 0x2c87, 0x2c87, 0x2c87,
    0x2c87, 0x2c87, 0x2c87, 0x2c87, 0x2c87, 0x2c87, 0x2c87, 0x2c87, 0x2c87, 0x2c87, 0x2c87, 0x2c87, 0x2c87, 0x2c87, 0x2c87, 0x2c87,
    0x2c87, 0x2c87, 0x2c87, 0x2c87, 0x2c87, 0x2c87, 0x2c87, 0x2c87, 0x2c87, 0x2c87, 0x2c87, 0x2c87, 0x2c87, 0x2c87, 0xbe53, 0xbe53,
    0xc694, 0xced5, 0xced5, 0xc694, 0xceb5, 0xd6f6, 0xd6f5, 0xd6d5, 0xf778, 0xff99, 0xff98, 0xff78, 0xffda, 0xfffb, 0xfffb, 0xffba,
    0xffba, 0xffdb, 0xfffb, 0xffda, 0xffda, 0xffb9, 0xffb9, 0xffda, 0xffb9, 0xffb9, 0xffbb, 0x2c87, 0x2c87, 0x2c87, 0x2c87, 0x2c87,
    0x2c87, 0x2c87, 0x2c87, 0x2c87, 0x2c87, 0x2c87, 0x2c87, 0x2c87, 0x2c87, 0x2c87, 0x2c87, 0x2c87, 0x2c87, 0x2c87, 0x2c87, 0x2c87,
    0x2c87, 0x2c87, 0x2c87, 0x2c87, 0x2c87, 0x2c87, 0x2c87, 0x2c87, 0x2c87, 0x2c87, 0x2c87, 0x2c87, 0x2c87, 0x2c87, 0x2c87, 0x2c87,
    0x2c87, 0x2c87, 0x2c87, 0x2c87, 0x2c87, 0x2c87, 0x2c87, 0x2c87, 0x2c87, 0x2c87, 0x2c87, 0x2c87, 0x2c87, 0x2c87, 0x2c87, 0x2c87,
    0x2c87, 0x2c87, 0x2c87, 0x2c87, 0x2c87, 0xf759, 0xf758, 0xf758, 0xf758, 0xf779, 0xf779, 0xff79, 0xff79, 0xff79, 0xff99, 0xf799,
    0xf778, 0xff7a, 0xff78, 0xf757, 0xf758, 0xff78, 0xff9a, 0xe757, 0xdef6, 0xd6f5, 0xd6f6, 0xced5, 0xc694, 0xc694, 0xc694, 0xc674,
    0xbe53, 0xc674, 0xceb5, 0x2c87, 0x2c87, 0x2c87, 0x2c87, 0x2c87, 0x2c87, 0x2c87, 0x2c87, 0x2c87, 0x2c87, 0x2c87, 0x2c87, 0x2c87,
    0x2c87, 0x2c87, 0x2c87, 0x2c87, 0x2c87, 0x2c87, 0x2c87, 0x2c87, 0x2c87, 0x2c87, 0x2c87, 0x2c87, 0x2c87, 0x2c87, 0x2c87, 0x2c87,
    0x2c87, 0x2c87, 0x2c87, 0x2c87, 0x2c87, 0x2c87, 0x2c87, 0x2c87, 0x2c87, 0x2c87, 0x2c87, 0x2c87, 0x2c87, 0x2c87, 0x2c87, 0x2c87,
    0x2c87, 0x2c87, 0x2c87, 0x2c87, 0x2c87, 0x2c87, 0x2c87, 0x2c87, 0x2c87, 0x2c87, 0x2c87, 0x2c87, 0x2c87, 0x2c87, 0x2c87, 0x2c87,
    0x2c87, 0x2c87, 0x2c87, 0x2c87, 0x2c87, 0x2c87, 0x2c87, 0x2c87, 0x2c87, 0x2c87, 0x2c87, 0x2c87, 0x2c87, 0x2c87, 0x2c87, 0x2c87,
    0x2c87, 0x2c87, 0x2c87, 0x2c87, 0x2c87, 0x2c87, 0x2c87, 0x2c87, 0x2c87, 0x2c87, 0x2c87, 0x2c87, 0x2c87, 0x2c87, 0x2c87, 0x2c87,
    0x2c87, 0x2c87, 0x2c87, 0x2c87, 0x2c87, 0x2c87, 0x2c87, 0x2c87, 0x2c87, 0x2c87, 0x2c87, 0x2c87, 0x2c87, 0x2c87, 0x2c87, 0x2c87,
    0x2c87, 0x2c87, 0x2c87, 0x2c87, 0x2c87, 0x2c87, 0x2c87, 0x2c87, 0x2c87, 0x2c87, 0x2c87, 0x2c87, 0x2c87, 0x2c87, 0x2c87, 0x2c87,
    0x2c87, 0x2c87, 0x2c87, 0x2c87, 0x2c87, 0x2c87, 0x2c87, 0x2c87, 0x2c87, 0xf759, 0xf757, 0xf757, 0xff99, 0xff9a, 0xff9a, 0xff79,
    0xff79, 0xff79, 0xf799, 0xff79, 0xf779, 0xf779, 0xf758, 0xf778, 0xff79, 0xff79, 0xff9a, 0x8d6d, 0x8d6d, 0x8d6d, 0x854d, 0x74eb,
    0x750b, 0x7d0b, 0x7d0b, 0x2c87, 0x74eb, 0x2c87, 0x2c87, 0x2c87, 0x2c87, 0x2c87, 0x2c87, 0x2c87, 0x2c87, 0x2c87, 0x2c87, 0x2c87,
    0x2c87, 0x7d4c, 0x752b, 0x752b, 0x7d0b, 0x7d0b, 0x7d0b, 0x7d0b, 0x2c87, 0x74ea, 0x2c87, 0x2c87, 0x74ea, 0x2c87, 0x74ea, 0x74ea,
    0x74ea, 0x2c87, 0x2c87, 0x2c87, 0x2c87, 0x2c87, 0x74ea, 0x74ea, 0x750a, 0x2c87, 0x74ea, 0x2c87, 0x2c87, 0x854c, 0x856c, 0x8d6c,
    0x9dae, 0x9dae, 0x9dce, 0x9dae, 0xae10, 0xff79, 0xff78, 0xf778, 0xf778, 0xf778, 0xff79, 0xff78, 0xff79, 0xff79, 0xff79, 0xf799,
    0xf778, 0xff78, 0xf778, 0xf757, 0xf757, 0xf758, 0xffbb, 0x2c87, 0x2c87, 0x2c87, 0x2c87, 0x2c87, 0x2c87, 0x2c87, 0x2c87, 0x2c87,
    0x2c87, 0x2c87, 0x2c87, 0x2c87, 0x2c87, 0x2c87, 0x2c87, 0x2c87, 0x2c87, 0x2c87, 0x2c87, 0x2c87, 0x2c87, 0x2c87, 0x2c87, 0x2c87,
    0x2c87, 0x2c87, 0x2c87, 0x2c87, 0x2c87, 0x2c87, 0x2c87, 0x2c87, 0x2c87, 0x2c87, 0x2c87, 0x2c87, 0x2c87, 0x2c87, 0x2c87, 0x2c87,
    0x2c87, 0x2c87, 0x2c87, 0x2c87, 0x2c87, 0x2c87, 0x2c87, 0x2c87, 0x2c87, 0x2c87, 0x2c87, 0x2c87, 0x2c87, 0x2c87, 0x2c87, 0x2c87,
    0x2c87, 0x2c87, 0x2c87, 0x2c87, 0x2c87, 0x2c87, 0x2c87, 0x2c87, 0x2c87, 0x2c87, 0x2c87, 0x2c87, 0x2c87, 0x2c87, 0x2c87, 0x2c87,
    0x2c87, 0x2c87, 0x2c87, 0x2c87, 0x2c87, 0x2c87, 0x2c87, 0x2c87, 0x2c87, 0x2c87, 0x2c87, 0x2c87, 0x2c87, 0x2c87, 0x2c87, 0x2c87,
    0x2c87, 0x2c87, 0x2c87, 0x2c87, 0x2c87, 0x2c87, 0x2c87, 0x2c87, 0x2c87, 0x2c87, 0x2c87, 0x2c87, 0x2c87, 0x2c87, 0x2c87, 0x2c87,
    0x2c87, 0x2c87, 0x2c87, 0x2c87, 0x2c87, 0x2c87, 0x2c87, 0x2c87, 0x2c87, 0x2c87, 0x2c87, 0x2c87, 0x2c87, 0x2c87, 0x2c87, 0x2c87,
    0x2c87, 0x2c87, 0x2c87, 0x2c87, 0x2c87, 0x2c87, 0x2c87, 0x2c87, 0x2c87, 0x2c87, 0x2c87, 0x2c87, 0x2c87, 0x2c87, 0x2c87, 0x2c87,
    0x2c87, 0x2c87, 0x2c87, 0x2c87, 0x2c87, 0x2c87, 0x2c87, 0x2c87, 0x2c87, 0x2c87, 0x2c87, 0x2c87, 0x2c87, 0x2c87, 0x2c87, 0x2c87,
    0x2c87, 0x2c87, 0x2c87, 0x2c87, 0x2c87, 0x2c87, 0x2c87, 0x2c87, 0x8dad, 0xffbb, 0xff99, 0xff79, 0xff78, 0xff79, 0xff79, 0xff78,
    0xff79, 0xff79, 0xff79, 0xff78, 0xff79, 0xff79, 0xff79, 0xff79, 0xff79, 0xf778, 0xf778, 0xff79, 0xff99, 0xff99, 0xff99, 0xff79,
    0xff79, 0xff99, 0xff79, 0xf778, 0xff78, 0xff79, 0xff79, 0xf779, 0xff79, 0xf779, 0xff79, 0xff79, 0xff79, 0xff79, 0xff79, 0xff79,
    0xff79, 0xf778, 0xff78, 0xff78, 0xff78, 0xff79, 0xff79, 0xff79, 0xff79, 0xff78, 0xff78, 0xf778, 0xf779, 0xff79, 0xff99, 0xff79,
    0xff79, 0xff79, 0xff78, 0xff78, 0xff58, 0xff79, 0xffba, 0x2c87, 0x2c87, 0x2c87, 0x2c87, 0x2c87, 0x2c87, 0x2c87, 0x2c87, 0x2c87,
    0x2c87, 0x2c87, 0x2c87, 0x2c87, 0x2c87, 0x2c87, 0x2c87, 0x2c87, 0x2c87, 0x2c87, 0x2c87, 0x2c87, 0x2c87, 0x2c87, 0x2c87, 0x2c87,
    0x2c87, 0x2c87, 0x2c87, 0x2c87, 0x2c87, 0x2c87, 0x2c87, 0x2c87, 0x2c87, 0x2c87, 0x2c87, 0x2c87, 0x2c87, 0x2c87, 0x2c87, 0x2c87,
    0x2c87, 0x2c87, 0x2c87, 0x2c87, 0x2c87, 0x2c87, 0x2c87, 0x2c87, 0x2c87, 0x2c87, 0x2c87, 0x2c87, 0x2c87, 0x2c87, 0x2c87, 0x2c87,
    0x2c87, 0x2c87, 0x2c87, 0x2c87, 0x2c87, 0x2c87, 0x2c87, 0x2c87, 0x2c87, 0x2c87, 0x2c87, 0x2c87, 0x2c87, 0x2c87, 0x2c87, 0x2c87,
    0x2c87, 0x2c87, 0x2c87, 0x2c87, 0x2c87, 0x2c87, 0x2c87, 0x2c87, 0x2c87, 0x2c87, 0x2c87, 0x2c87, 0x2c87, 0x2c87, 0x2c87, 0x2c87,
    0x2c87, 0x2c87, 0x2c87, 0x2c87, 0x2c87, 0x2c87, 0x2c87, 0x2c87, 0x2c87, 0x2c87, 0x2c87, 0x2c87, 0x2c87, 0x2c87, 0x2c87, 0x2c87,
    0x2c87, 0x2c87, 0x2c87, 0x2c87, 0x2c87, 0x2c87, 0x2c87, 0x2c87, 0x2c87, 0x2c87, 0x2c87, 0x2c87, 0x2c87, 0x2c87, 0x2c87, 0x2c87,
    0x2c87, 0x2c87, 0x2c87, 0x2c87, 0x2c87, 0x2c87, 0x2c87, 0x2c87, 0x2c87, 0x2c87, 0x2c87, 0x2c87, 0x2c87, 0x2c87, 0x2c87, 0x2c87,
    0x2c87, 0x2c87, 0x2c87, 0x2c87, 0x2c87, 0x2c87, 0x2c87, 0x2c87, 0x2c87, 0x2c87, 0x2c87, 0x2c87, 0x2c87, 0x2c87, 0x2c87, 0x2c87,
    0x2c87, 0x2c87, 0x2c87, 0x2c87, 0x2c87, 0x2c87, 0x2c87, 0x2c87, 0x2c87, 0x2c87, 0x2c87, 0x2c87, 0x2c87, 0x2c87, 0x2c87, 0x2c87,
    0x2c87, 0x2c87, 0x2c87, 0x2c87, 0x2c87, 0x2c87, 0x2c87, 0x2c87, 0x2c87, 0xffbb, 0xff78, 0xff78, 0xff78, 0xff79, 0xff78, 0xff78,
    0xff78, 0xff79, 0xff79, 0xff78, 0xff79, 0xff78, 0xff99, 0xff79, 0xff79, 0xf778, 0xf778, 0xff79, 0xff79, 0xff79, 0xff79, 0xff79,
    0xff79, 0xff99, 0xff79, 0xff79, 0xff79, 0xff79, 0xff79, 0xff79, 0xff79, 0xff79, 0xff79, 0xff79, 0xff79, 0xff79, 0xff79, 0xff79,
    0xff78, 0xff78, 0xff78, 0xff78, 0xff79, 0xff99, 0xff99, 0xff79, 0xff79, 0xff79, 0xff79, 0xff79, 0xff79, 0xff79, 0xff79, 0xff79,
    0xff79, 0xff79, 0xff78, 0xff58, 0xff58, 0xff78, 0xff9b, 0x2c87, 0x2c87, 0x2c87, 0x2c87, 0x2c87, 0x2c87, 0x2c87, 0x2c87, 0x2c87,
    0x2c87, 0x2c87, 0x2c87, 0x2c87, 0x2c87, 0x2c87, 0x2c87, 0x2c87, 0x2c87, 0x2c87, 0x2c87, 0x2c87, 0x2c87, 0x2c87, 0x2c87, 0x2c87,
    0x2c87, 0x2c87, 0x2c87, 0x2c87, 0x2c87, 0x2c87, 0x2c87, 0x2c87, 0x2c87, 0x2c87, 0x2c87, 0x2c87, 0x2c87, 0x2c87, 0x2c87, 0x2c87,
    0x2c87, 0x2c87, 0x2c87, 0x2c87, 0x2c87, 0x2c87, 0x2c87, 0x2c87, 0x2c87, 0x2c87, 0x2c87, 0x2c87, 0x2c87, 0x2c87, 0x2c87, 0x2c87,
    0x2c87, 0x2c87, 0x2c87, 0x2c87, 0x2c87, 0x2c87, 0x2c87, 0x2c87, 0x2c87, 0x2c87, 0x2c87, 0x2c87, 0x2c87, 0x2c87, 0x2c87, 0x2c87,
    0x2c87, 0x2c87, 0x2c87, 0x2c87, 0x2c87, 0x2c87, 0x2c87, 0x2c87, 0x2c87, 0x2c87, 0x2c87, 0x2c87, 0x2c87, 0x2c87, 0x2c87, 0x2c87,
    0x2c87, 0x2c87, 0x2c87, 0x2c87, 0x2c87, 0x2c87, 0x2c87, 0x2c87, 0x2c87, 0x2c87, 0x2c87, 0x2c87, 0x2c87, 0x2c87, 0x2c87, 0x2c87,
    0x2c87, 0x2c87, 0x2c87, 0x2c87, 0x2c87, 0x2c87, 0x2c87, 0x2c87, 0x2c87, 0x2c87, 0x2c87, 0x2c87, 0x2c87, 0x2c87, 0x2c87, 0x2c87,
    0x2c87, 0x2c87, 0x2c87, 0x2c87, 0x2c87, 0x2c87, 0x2c87, 0x2c87, 0x2c87, 0x2c87, 0x2c87, 0x2c87, 0x2c87, 0x2c87, 0x2c87, 0x2c87,
    0x2c87, 0x2c87, 0x2c87, 0x2c87, 0x2c87, 0x2c87, 0x2c87, 0x2c87, 0x2c87, 0x2c87, 0x2c87, 0x2c87, 0x2c87, 0x2c87, 0x2c87, 0x2c87,
    0x2c87, 0x2c87, 0x2c87, 0x2c87, 0x2c87, 0x2c87, 0x2c87, 0x2c87, 0x2c87, 0x2c87, 0x2c87, 0x2c87, 0x2c87, 0x2c87, 0x2c87, 0x2c87,
    0x2c87, 0x2c87, 0x2c87, 0x2c87, 0x2c87, 0x2c87, 0x2c87, 0x2c87, 0x2c87, 0x2c87, 0x2c87, 0x2c87, 0x2c87, 0x2c87, 0x2c87, 0x2c87,
    0x2c87, 0x2c87, 0x2c87, 0x2c87, 0x2c87, 0x2c87, 0x2c87, 0x2c87, 0x2c87, 0x2c87, 0x2c87, 0x2c87, 0x2c87, 0x2c87, 0x2c87, 0x2c87,
    0x2c87, 0x2c87, 0x2c87, 0x2c87, 0x2c87, 0x2c87, 0x2c87, 0x2c87, 0x2c87, 0x2c87, 0x2c87, 0x2c87, 0x2c87, 0x2c87, 0x2c87, 0x2c87,
    0x2c87, 0x2c87, 0x2c87, 0x2c87, 0x2c87, 0x2c87, 0x2c87, 0x2c87, 0x2c87, 0x2c87, 0x2c87, 0x2c87, 0x2c87, 0x2c87, 0x2c87, 0x2c87,
    0x2c87, 0x2c87, 0x2c87, 0x2c87, 0x2c87, 0x2c87, 0x2c87, 0x2c87, 0x2c87, 0x2c87, 0x2c87, 0x2c87, 0x2c87, 0x2c87, 0x2c87, 0x2c87,
    0x2c87, 0x2c87, 0x2c87, 0x2c87, 0x2c87, 0x2c87, 0x2c87, 0x2c87, 0x2c87, 0x2c87, 0x2c87, 0x2c87, 0x2c87, 0x2c87, 0x2c87, 0x2c87,
    0x2c87, 0x2c87, 0x2c87, 0x2c87, 0x2c87, 0x2c87, 0x2c87, 0x2c87, 0x2c87, 0x2c87, 0x2c87, 0x2c87, 0x2c87, 0x2c87, 0x2c87, 0x2c87,
    0x2c87, 0x2c87, 0x2c87, 0x2c87, 0x2c87, 0x2c87, 0x2c87, 0x2c87, 0x2c87, 0x2c87, 0x2c87, 0x2c87, 0x2c87, 0x2c87, 0x2c87, 0x2c87,
    0x2c87, 0x2c87, 0x2c87, 0x2c87, 0x2c87, 0x2c87, 0x2c87, 0x2c87, 0x2c87, 0x2c87, 0x2c87, 0x2c87, 0x2c87, 0x2c87, 0x2c87, 0x2c87,
    0x2c87, 0x2c87, 0x2c87, 0x2c87, 0x2c87, 0x2c87, 0x2c87, 0x2c87, 0x2c87, 0x2c87, 0x2c87, 0x2c87, 0x2c87, 0x2c87, 0x2c87, 0x2c87,
    0x2c87, 0x2c87, 0x2c87, 0x2c87, 0x2c87, 0x2c87, 0x2c87, 0x2c87, 0x2c87, 0x2c87, 0x2c87, 0x2c87, 0x2c87, 0x2c87, 0x2c87, 0x2c87,
    0x2c87, 0x2c87, 0x2c87, 0x2c87, 0x2c87, 0x2c87, 0x2c87, 0x2c87, 0x2c87, 0x2c87, 0x2c87, 0x2c87, 0x2c87, 0x2c87, 0x2c87, 0x2c87,
    0x2c87, 0x2c87, 0x2c87, 0x2c87, 0x2c87, 0x2c87, 0x2c87, 0x2c87, 0x2c87, 0x2c87, 0x2c87, 0x2c87, 0x2c87, 0x2c87, 0x2c87, 0x2c87,
    0x2c87, 0x2c87, 0x2c87, 0x2c87, 0x2c87, 0x2c87, 0x2c87, 0x2c87, 0x2c87, 0x2c87, 0x2c87, 0x2c87, 0x2c87, 0x2c87, 0x2c87, 0x2c87,
    0x2c87, 0x2c87, 0x2c87, 0x2c87, 0x2c87, 0x2c87, 0x2c87, 0x2c87, 0x2c87, 0x2c87, 0x2c87, 0x2c87, 0x2c87, 0x2c87, 0x2c87, 0x2c87,
    0x2c87, 0x2c87, 0x2c87, 0x2c87, 0x2c87, 0x2c87, 0x2c87, 0x2c87, 0x2c87, 0x2c87, 0x2c87, 0x2c87, 0x2c87, 0x2c87, 0x2c87, 0x2c87,
    0x2c87, 0x2c87, 0x2c87, 0x2c87, 0x2c87, 0x2c87, 0x2c87, 0x2c87, 0x2c87, 0x2c87, 0x2c87, 0x2c87, 0x2c87, 0x2c87, 0x2c87, 0x2c87,
    0x2c87, 0x2c87, 0x2c87, 0x2c87, 0x2c87, 0x2c87, 0x2c87, 0x2c87, 0x2c87, 0x2c87, 0x2c87, 0x2c87, 0x2c87, 0x2c87, 0x2c87, 0x2c87,
    0x2c87, 0x2c87, 0x2c87, 0x2c87, 0x2c87, 0x2c87, 0x2c87, 0x2c87, 0x2c87, 0x2c87, 0x2c87, 0x2c87, 0x2c87, 0x2c87, 0x2c87, 0x2c87,
    0x2c87, 0x2c87, 0x2c87, 0x2c87, 0x2c87, 0x2c87, 0x2c87, 0x2c87, 0x2c87, 0x2c87, 0x2c87, 0x2c87, 0x2c87, 0x2c87, 0x2c87, 0x2c87,
    0x2c87, 0x2c87, 0x2c87, 0x2c87, 0x2c87, 0x2c87, 0x2c87, 0x2c87, 0x2c87, 0x2c87, 0x2c87, 0x2c87, 0x2c87, 0x2c87, 0x2c87, 0x2c87,
    0x2c87, 0x2c87, 0x2c87, 0x2c87, 0x2c87, 0x2c87, 0x2c87, 0x2c87, 0x2c87, 0x2c87, 0x2c87, 0x2c87, 0x2c87, 0x2c87, 0x2c87, 0x2c87,
    0x2c87, 0x2c87, 0x2c87, 0x2c87, 0x2c87, 0x2c87, 0x2c87, 0x2c87, 0x2c87, 0x2c87, 0x2c87, 0x2c87, 0x2c87, 0x2c87, 0x2c87, 0x2c87,
    0x2c87, 0x2c87, 0x2c87, 0x2c87, 0x2c87, 0x2c87, 0x2c87, 0x2c87, 0x2c87, 0x2c87, 0x2c87, 0x2c87, 0x2c87, 0x2c87, 0x2c87, 0x2c87,
    0x2c87, 0x2c87, 0x2c87, 0x2c87, 0x2c87, 0x2c87, 0x2c87, 0x2c87, 0x2c87, 0x2c87, 0x2c87, 0x2c87, 0x2c87, 0x2c87, 0x2c87, 0x2c87,
    0x2c87, 0x2c87, 0x2c87, 0x2c87, 0x2c87, 0x2c87, 0x2c87, 0x2c87, 0x2c87, 0x2c87, 0x2c87, 0x2c87, 0x2c87, 0x2c87, 0x2c87, 0x2c87,
    0x2c87, 0x2c87, 0x2c87, 0x2c87, 0x2c87, 0x2c87, 0x2c87, 0x2c87, 0x2c87, 0x2c87, 0x2c87, 0x2c87, 0x2c87, 0x2c87, 0x2c87, 0x2c87,
    0x2c87, 0x2c87, 0x2c87, 0x2c87, 0x2c87, 0x2c87, 0x2c87, 0x2c87, 0x2c87, 0x2c87, 0x2c87, 0x2c87, 0x2c87, 0x2c87, 0x2c87, 0x2c87,
    0x2c87, 0x2c87, 0x2c87, 0x2c87, 0x2c87, 0x2c87, 0x2c87, 0x2c87, 0x2c87, 0x2c87, 0x2c87, 0x2c87, 0x2c87, 0x2c87, 0x2c87, 0x2c87,
    0x2c87, 0x2c87, 0x2c87, 0x2c87, 0x2c87, 0x2c87, 0x2c87, 0x2c87, 0x2c87, 0x2c87, 0x2c87, 0x2c87, 0x2c87, 0x2c87, 0x2c87, 0x2c87,
    0x2c87, 0x2c87, 0x2c87, 0x2c87, 0x2c87, 0x2c87, 0x2c87, 0x2c87, 0x2c87, 0x2c87, 0x2c87, 0x2c87, 0x2c87, 0x2c87, 0x2c87, 0x2c87,
    0x2c87, 0x2c87, 0x2c87, 0x2c87, 0x2c87, 0x2c87, 0x2c87, 0x2c87, 0x2c87, 0x2c87, 0x2c87, 0x2c87, 0x2c87, 0x2c87, 0x2c87, 0x2c87,
    0x2c87, 0x2c87, 0x2c87, 0x2c87, 0x2c87, 0x2c87, 0x2c87, 0x2c87, 0x2c87, 0x2c87, 0x2c87, 0x2c87, 0x2c87, 0x2c87, 0x2c87, 0x2c87,
    0x2c87, 0x2c87, 0x2c87, 0x2c87, 0x2c87, 0x2c87, 0x2c87, 0x2c87, 0x2c87, 0x2c87, 0x2c87, 0x2c87, 0x2c87, 0x2c87, 0x2c87, 0x2c87,
    0x2c87, 0x2c87, 0x2c87, 0x2c87, 0x2c87, 0x2c87, 0x2c87, 0x2c87, 0x2c87, 0x2c87, 0x2c87, 0x2c87, 0x2c87, 0x2c87, 0x2c87, 0x2c87,
    0x2c87, 0x2c87, 0x2c87, 0x2c87, 0x2c87, 0x2c87, 0x2c87, 0x2c87, 0x2c87, 0x2c87, 0x2c87, 0x2c87, 0x2c87, 0x2c87, 0x2c87, 0x2c87,
    0x2c87, 0x2c87, 0x2c87, 0x2c87, 0x2c87, 0x2c87, 0x2c87, 0x2c87, 0x2c87, 0x2c87, 0x2c87, 0x2c87, 0x2c87, 0x2c87, 0x2c87, 0x2c87,
    0x2c87, 0x2c87, 0x2c87, 0x2c87, 0x2c87, 0x2c87, 0x2c87, 0x2c87, 0x2c87, 0x2c87, 0x2c87, 0x2c87, 0x2c87, 0x2c87, 0x2c87, 0x2c87,
    0x2c87, 0x2c87, 0x2c87, 0x2c87, 0x2c87, 0x2c87, 0x2c87, 0x2c87, 0x2c87, 0x2c87, 0x2c87, 0x2c87, 0x2c87, 0x2c87, 0x2c87, 0x2c87,
    0x2c87, 0x2c87, 0x2c87, 0x2c87, 0x2c87, 0x2c87, 0x2c87, 0x2c87, 0x2c87, 0x2c87, 0x2c87, 0x2c87, 0x2c87, 0x2c87, 0x2c87, 0x2c87,
    0x2c87, 0x2c87, 0x2c87, 0x2c87, 0x2c87, 0x2c87, 0x2c87, 0x2c87, 0x2c87, 0x2c87, 0x2c87, 0x2c87, 0x2c87, 0x2c87, 0x2c87, 0x2c87,
    0x2c87, 0x2c87, 0x2c87, 0x2c87, 0x2c87, 0x2c87, 0x2c87, 0x2c87, 0x2c87, 0x2c87, 0x2c87, 0x2c87, 0x2c87, 0x2c87, 0x2c87, 0x2c87,
    0x2c87, 0x2c87, 0x2c87, 0x2c87, 0x2c87, 0x2c87, 0x2c87, 0x2c87, 0x2c87, 0x2c87, 0x2c87, 0x2c87, 0x2c87, 0x2c87, 0x2c87, 0x2c87,
    0x2c87, 0x2c87, 0x2c87, 0x2c87, 0x2c87, 0x2c87, 0x2c87, 0x2c87, 0x2c87, 0x2c87, 0x2c87, 0x2c87, 0x2c87, 0x2c87, 0x2c87, 0x2c87,
    0x2c87, 0x2c87, 0x2c87, 0x2c87, 0x2c87, 0x2c87, 0x2c87, 0x2c87, 0x2c87, 0x2c87, 0x2c87, 0x2c87, 0x2c87, 0x2c87, 0x2c87, 0x2c87,
    0x2c87, 0x2c87, 0x2c87, 0x2c87, 0x2c87, 0x2c87, 0x2c87, 0x2c87, 0x2c87, 0x2c87, 0x2c87, 0x2c87, 0x2c87, 0x2c87, 0x2c87, 0x2c87,
    0x2c87, 0x2c87, 0x2c87, 0x2c87, 0x2c87, 0x2c87, 0x2c87, 0x2c87, 0x2c87, 0x2c87, 0x2c87, 0x2c87, 0x2c87, 0x2c87, 0x2c87, 0x2c87,
    0x2c87, 0x2c87, 0x2c87, 0x2c87, 0x2c87, 0x2c87, 0x2c87, 0x2c87, 0x2c87, 0x2c87, 0x2c87, 0x2c87, 0x2c87, 0x2c87, 0x2c87, 0x2c87,
    0x2c87, 0x2c87, 0x2c87, 0x2c87, 0x2c87, 0x2c87, 0x2c87, 0x2c87, 0x2c87, 0x2c87, 0x2c87, 0x2c87, 0x2c87, 0x2c87, 0x2c87, 0x2c87,
    0x2c87, 0x2c87, 0x2c87, 0x2c87, 0x2c87, 0x2c87, 0x2c87, 0x2c87, 0x2c87, 0x2c87, 0x2c87, 0x2c87, 0x2c87, 0x2c87, 0x2c87, 0x2c87,
    0x2c87, 0x2c87, 0x2c87, 0x2c87, 0x2c87, 0x2c87, 0x2c87, 0x2c87, 0x2c87, 0x2c87, 0x2c87, 0x2c87, 0x2c87, 0x2c87, 0x2c87, 0x2c87,
    0x2c87, 0x2c87, 0x2c87, 0x2c87, 0x2c87, 0x2c87, 0x2c87, 0x2c87, 0x2c87, 0x2c87, 0x2c87, 0x2c87, 0x2c87, 0x2c87, 0x2c87, 0x2c87,
    0x2c87, 0x2c87, 0x2c87, 0x2c87, 0x2c87, 0x2c87, 0x2c87, 0x2c87, 0x2c87, 0x2c87, 0x2c87, 0x2c87, 0x2c87, 0x2c87, 0x2c87, 0x2c87,
    0x2c87, 0x2c87, 0x2c87, 0x2c87, 0x2c87, 0x2c87, 0x2c87, 0x2c87, 0x2c87, 0x2c87, 0x2c87, 0x2c87, 0x2c87, 0x2c87, 0x2c87, 0x2c87,
    0x2c87, 0x2c87, 0x2c87, 0x2c87, 0x2c87, 0x2c87, 0x2c87, 0x2c87, 0x2c87, 0x2c87, 0x2c87, 0x2c87, 0x2c87, 0x2c87, 0x2c87, 0x2c87,
    0x2c87, 0x2c87, 0x2c87, 0x2c87, 0x2c87, 0x2c87, 0x2c87, 0x2c87, 0x2c87, 0x2c87, 0x2c87, 0x2c87, 0x2c87, 0x2c87, 0x2c87, 0x2c87,
    0x2c87, 0x2c87, 0x2c87, 0x2c87, 0x2c87, 0x2c87, 0x2c87, 0x2c87, 0x2c87, 0x2c87, 0x2c87, 0x2c87, 0x2c87, 0x2c87, 0x2c87, 0x2c87,
    0x2c87, 0x2c87, 0x2c87, 0x2c87, 0x2c87, 0x2c87, 0x2c87, 0x2c87, 0x2c87, 0x2c87, 0x2c87, 0x2c87, 0x2c87, 0x2c87, 0x2c87, 0x2c87,
    0x2c87, 0x2c87, 0x2c87, 0x2c87, 0x2c87, 0x2c87, 0x2c87, 0x2c87, 0x2c87, 0x2c87, 0x2c87, 0x2c87, 0x2c87, 0x2c87, 0x2c87, 0x2c87,
    0x2c87, 0x2c87, 0x2c87, 0x2c87, 0x2c87, 0x2c87, 0x2c87, 0x2c87, 0x2c87, 0x2c87, 0x2c87, 0x2c87, 0x2c87, 0x2c87, 0x2c87, 0x2c87,
    0x2c87, 0x2c87, 0x2c87, 0x2c87, 0x2c87, 0x2c87, 0x2c87, 0x2c87, 0x2c87, 0x2c87, 0x2c87, 0x2c87, 0x2c87, 0x2c87, 0x2c87, 0x2c87,
    0x2c87, 0x2c87, 0x2c87, 0x2c87, 0x2c87, 0x2c87, 0x2c87, 0x2c87, 0x2c87, 0x2c87, 0x2c87, 0x2c87, 0x2c87, 0x2c87, 0x2c87, 0x2c87,
    0x2c87, 0x2c87, 0x2c87, 0x2c87, 0x2c87, 0x2c87, 0x2c87, 0x2c87, 0x2c87, 0x2c87, 0x2c87, 0x2c87, 0x2c87, 0x2c87, 0x2c87, 0x2c87,
    0x2c87, 0x2c87, 0x2c87, 0x2c87, 0x2c87, 0x2c87, 0x2c87, 0x2c87, 0x2c87, 0x2c87, 0x2c87, 0x2c87, 0x2c87, 0x2c87, 0x2c87, 0x2c87,
    0x2c87, 0x2c87, 0x2c87, 0x2c87, 0x2c87, 0x2c87, 0x2c87, 0x2c87, 0x2c87, 0x2c87, 0x2c87, 0x2c87, 0x2c87, 0x2c87, 0x2c87, 0x2c87,
    0x2c87, 0x2c87, 0x2c87, 0x2c87, 0x2c87, 0x2c87, 0x2c87, 0x2c87, 0x2c87, 0x2c87, 0x2c87, 0x2c87, 0x2c87, 0x2c87, 0x2c87, 0x2c87,
    0x2c87, 0x2c87, 0x2c87, 0x2c87, 0x2c87, 0x2c87, 0x2c87, 0x2c87, 0x2c87, 0x2c87, 0x2c87, 0x2c87, 0x2c87, 0x2c87, 0x2c87, 0x2c87,
    0x2c87, 0x2c87, 0x2c87, 0x2c87, 0x2c87, 0x2c87, 0x2c87, 0x2c87, 0x2c87, 0x2c87, 0x2c87, 0x2c87, 0x2c87, 0x2c87, 0x2c87, 0x2c87,
    0x2c87, 0x2c87, 0x2c87, 0x2c87, 0x2c87, 0x2c87, 0x2c87, 0x2c87, 0x2c87, 0x2c87, 0x2c87, 0x2c87, 0x2c87, 0x2c87, 0x2c87, 0x2c87,
    0x2c87, 0x2c87, 0x2c87, 0x2c87, 0x2c87, 0x2c87, 0x2c87, 0x2c87, 0x2c87, 0x2c87, 0x2c87, 0x2c87, 0x2c87, 0x2c87, 0x2c87, 0x2c87,
    0x2c87, 0x2c87, 0x2c87, 0x2c87, 0x2c87, 0x2c87, 0x2c87, 0x2c87, 0x2c87, 0x2c87, 0x2c87, 0x2c87, 0x2c87, 0x2c87, 0x2c87, 0x2c87,
    0x2c87, 0x2c87, 0x2c87, 0x2c87, 0x2c87, 0x2c87, 0x2c87, 0x2c87, 0x2c87, 0x2c87, 0x2c87, 0x2c87, 0x2c87, 0x2c87, 0x2c87, 0x2c87,
    0x2c87, 0x2c87, 0x2c87, 0x2c87, 0x2c87, 0x2c87, 0x2c87, 0x2c87, 0x2c87, 0x2c87, 0x2c87, 0x2c87, 0x2c87, 0x2c87, 0x2c87, 0x2c87,
    0x2c87, 0x2c87, 0x2c87, 0x2c87, 0x2c87, 0x2c87, 0x2c87, 0x2c87, 0x2c87, 0x2c87, 0x2c87, 0x2c87, 0x2c87, 0x2c87, 0x2c87, 0x2c87,
    0x2c87, 0x2c87, 0x2c87, 0x2c87, 0x2c87, 0x2c87, 0x2c87, 0x2c87, 0x2c87, 0x2c87, 0x2c87, 0x2c87, 0x2c87, 0x2c87, 0x2c87, 0x2c87,
    0x2c87, 0x2c87, 0x2c87, 0x2c87, 0x2c87, 0x2c87, 0x2c87, 0x2c87, 0x2c87, 0x2c87, 0x2c87, 0x2c87, 0x2c87, 0x2c87, 0x2c87, 0x2c87,
    0x2c87, 0x2c87, 0x2c87, 0x2c87, 0x2c87, 0x2c87, 0x2c87, 0x2c87, 0x2c87, 0x2c87, 0x2c87, 0x2c87, 0x2c87, 0x2c87, 0x2c87, 0x2c87,
    0x2c87, 0x2c87, 0x2c87, 0x2c87, 0x2c87, 0x2c87, 0x2c87, 0x2c87, 0x2c87, 0x2c87, 0x2c87, 0x2c87, 0x2c87, 0x2c87, 0x2c87, 0x2c87,
    0x2c87, 0x2c87, 0x2c87, 0x2c87, 0x2c87, 0x2c87, 0x2c87, 0x2c87, 0x2c87, 0x2c87, 0x2c87, 0x2c87, 0x2c87, 0x2c87, 0x2c87, 0x2c87,
    0x2c87, 0x2c87, 0x2c87, 0x2c87, 0x2c87, 0x2c87, 0x2c87, 0x2c87, 0x2c87, 0x2c87, 0x2c87, 0x2c87, 0x2c87, 0x2c87, 0x2c87, 0x2c87,
    0x2c87, 0x2c87, 0x2c87, 0x2c87, 0x2c87, 0x2c87, 0x2c87, 0x2c87, 0x2c87, 0x2c87, 0x2c87, 0x2c87, 0x2c87, 0x2c87, 0x2c87, 0x2c87,
    0x2c87, 0x2c87, 0x2c87, 0x2c87, 0x2c87, 0x2c87, 0x2c87, 0x2c87, 0x2c87, 0x2c87, 0x2c87, 0x2c87, 0x2c87, 0x2c87, 0x2c87, 0x2c87,
    0x2c87, 0x2c87, 0x2c87, 0x2c87, 0x2c87, 0x2c87, 0x2c87, 0x2c87, 0x2c87, 0x2c87, 0x2c87, 0x2c87, 0x2c87, 0x2c87, 0x2c87, 0x2c87,
    0x2c87, 0x2c87, 0x2c87, 0x2c87, 0x2c87, 0x2c87, 0x2c87, 0x2c87, 0x2c87, 0x2c87, 0x2c87, 0x2c87, 0x2c87, 0x2c87, 0x2c87, 0x2c87,
    0x2c87, 0x2c87, 0x2c87, 0x2c87, 0x2c87, 0x2c87, 0x2c87, 0x2c87, 0x2c87, 0x2c87, 0x2c87, 0x2c87, 0x2c87, 0x2c87, 0x2c87, 0x2c87,
    0x2c87, 0x2c87, 0x2c87, 0x2c87, 0x2c87, 0x2c87, 0x2c87, 0x2c87, 0x2c87, 0x2c87, 0x2c87, 0x2c87, 0x2c87, 0x2c87, 0x2c87, 0x2c87,
    0x2c87, 0x2c87, 0x2c87, 0x2c87, 0x2c87, 0x2c87, 0x2c87, 0x2c87, 0x2c87, 0x2c87, 0x2c87, 0x2c87, 0x2c87, 0x2c87, 0x2c87, 0x2c87,
    0x2c87, 0x2c87, 0x2c87, 0x2c87, 0x2c87, 0x2c87, 0x2c87, 0x2c87, 0x2c87, 0x2c87, 0x2c87, 0x2c87, 0x2c87, 0x2c87, 0x2c87, 0x2c87,
    0x2c87, 0x2c87, 0x2c87, 0x2c87, 0x2c87, 0x2c87, 0x2c87, 0x2c87, 0x2c87, 0x2c87, 0x2c87, 0x2c87, 0x2c87, 0x2c87, 0x2c87, 0x2c87,
    0x2c87, 0x2c87, 0x2c87, 0x2c87, 0x2c87, 0x2c87, 0x2c87, 0x2c87, 0x2c87, 0x2c87, 0x2c87, 0x2c87, 0x2c87, 0x2c87, 0x2c87, 0x2c87,
    0x2c87, 0x2c87, 0x2c87, 0x2c87, 0x2c87, 0x2c87, 0x2c87, 0x2c87, 0x2c87, 0x2c87, 0x2c87, 0x2c87, 0x2c87, 0x2c87, 0x2c87, 0x2c87,
    0x2c87, 0x2c87, 0x2c87, 0x2c87, 0x2c87, 0x2c87, 0x2c87, 0x2c87, 0x2c87, 0x2c87, 0x2c87, 0x2c87, 0x2c87, 0x2c87, 0x2c87, 0x2c87,
    0x2c87, 0x2c87, 0x2c87, 0x2c87, 0x2c87, 0x2c87, 0x2c87, 0x2c87, 0x2c87, 0x2c87, 0x2c87, 0x2c87, 0x2c87, 0x2c87, 0x2c87, 0x2c87,
    0x2c87, 0x2c87, 0x2c87, 0x2c87, 0x2c87, 0x2c87, 0x2c87, 0x2c87, 0x2c87, 0x2c87, 0x2c87, 0x2c87, 0x2c87, 0x2c87, 0x2c87, 0x2c87,
    0x2c87, 0x2c87, 0x2c87, 0x2c87, 0x2c87, 0x2c87, 0x2c87, 0x2c87, 0x2c87, 0x2c87, 0x2c87, 0x2c87, 0x2c87, 0x2c87, 0x2c87, 0x2c87,
    0x2c87, 0x2c87, 0x2c87, 0x2c87, 0x2c87, 0x2c87, 0x2c87, 0x2c87, 0x2c87, 0x2c87, 0x2c87, 0x2c87, 0x2c87, 0x2c87, 0x2c87, 0x2c87,
    0x2c87, 0x2c87, 0x2c87, 0x2c87, 0x2c87, 0x2c87, 0x2c87, 0x2c87, 0x2c87, 0x2c87, 0x2c87, 0x2c87, 0x2c87, 0x2c87, 0x2c87, 0x2c87,
    0x2c87, 0x2c87, 0x2c87, 0x2c87, 0x2c87, 0x2c87, 0x2c87, 0x2c87, 0x2c87, 0x2c87, 0x2c87, 0x2c87, 0x2c87, 0x2c87, 0x2c87, 0x2c87,
    0x2c87, 0x2c87, 0x2c87, 0x2c87, 0x2c87, 0x2c87, 0x2c87, 0x2c87, 0x2c87, 0x2c87, 0x2c87, 0x2c87, 0x2c87, 0x2c87, 0x2c87, 0x2c87,
    0x2c87, 0x2c87, 0x2c87, 0x2c87, 0x2c87, 0x2c87, 0x2c87, 0x2c87, 0x2c87, 0x2c87, 0x2c87, 0x2c87, 0x2c87, 0x2c87, 0x2c87, 0x2c87,
    0x09e4, 0x09e4, 0x09e4, 0x09e4, 0x09e4, 0x09e4, 0x09e4, 0x09e4, 0x09e4, 0x09e4, 0x09e4, 0x09e4, 0x09e4, 0x09e4, 0x09e4, 0x09e4,
    0x09e4, 0x09e4, 0x09e4, 0x09e4, 0x09e4, 0x09e4, 0x09e4, 0x09e4, 0x09e4, 0x09e4, 0x09e4, 0x09e4, 0x09e4, 0x09e4, 0x09e4, 0x09e4,
    0x09e4, 0x09e4, 0x09e4, 0x09e4, 0x09e4, 0x09e4, 0x09e4, 0x09e4, 0x09e4, 0x09e4, 0x09e4, 0x09e4, 0x09e4, 0x09e4, 0x09e4, 0x09e4,
    0x09e4, 0x09e4, 0x09e4, 0x09e4, 0x09e4, 0x09e4, 0x09e4, 0x09e4, 0x09e4, 0x09e4, 0x09e4, 0x09e4, 0x09e4, 0x09e4, 0x09e4, 0x09e4,
    0x09e4, 0x09e4, 0x09e4, 0x09e4, 0x09e4, 0x09e4, 0x09e4, 0x09e4, 0x09e4, 0x09e4, 0x09e4, 0x09e4, 0x09e4, 0x09e4, 0x09e4, 0x09e4,
    0x09e4, 0x09e4, 0x09e4, 0x09e4, 0x09e4, 0x09e4, 0x09e4, 0x09e4, 0x09e4, 0x09e4, 0x0984, 0x0104, 0x0104, 0x0104, 0x0104, 0x09e4,
    0x09e4, 0x09e4, 0x09e4, 0x09e4, 0x09e4, 0x09e4, 0x09e4, 0x09e4, 0x09e4, 0x09e4, 0x09e4, 0x09e4, 0x09e4, 0x09e4, 0x09e4, 0x09e4,
    0x0104, 0x0104, 0x0104, 0x0104, 0x0104, 0x0104, 0x09e4, 0x09e4, 0x0964, 0x0964, 0x0964, 0x0964, 0x09e4, 0x09e4, 0x09e4, 0x09e4,
    0x09e4, 0x0104, 0x0104, 0x0104, 0x0104, 0x09e4, 0x09e4, 0x09e4, 0x09e4, 0x09e4, 0x0944, 0x0104, 0x0104, 0x0104, 0x0104, 0x0104,
    0x0104, 0x0104, 0x0984, 0x09e4, 0x0944, 0x0104, 0x0104, 0x0104, 0x0944, 0x09e4, 0x09e4, 0x09e4, 0x09e4, 0x09e4, 0x09e4, 0x09e4,
    0x09e4, 0x09e4, 0x09e4, 0x09e4, 0x09e4, 0x09e4, 0x09e4, 0x09e4, 0x09e4, 0x09e4, 0x09e4, 0x09e4, 0x09e4, 0x09e4, 0x09e4, 0x09e4,
    0x09e4, 0x09e4, 0x09e4, 0x09e4, 0x09e4, 0x09e4, 0x09e4, 0x09e4, 0x09e4, 0x09e4, 0x09e4, 0x09e4, 0x09e4, 0x09e4, 0x09e4, 0x09e4,
    0x09e4, 0x09e4, 0x09e4, 0x09e4, 0x09e4, 0x09e4, 0x09e4, 0x09e4, 0x09e4, 0x09e4, 0x09e4, 0x09e4, 0x09e4, 0x09e4, 0x09e4, 0x09e4,
    0x09e4, 0x09e4, 0x09e4, 0x09e4, 0x09e4, 0x09e4, 0x09e4, 0x09e4, 0x09e4, 0x09e4, 0x09e4, 0x09e4, 0x09e4, 0x09e4, 0x09e4, 0x09e4,
    0x09e4, 0x09e4, 0x09e4, 0x09e4, 0x09e4, 0x09e4, 0x09e4, 0x09e4, 0x09e4, 0x09e4, 0x09e4, 0x09e4, 0x09e4, 0x09e4, 0x09e4, 0x09e4,
    0x09e4, 0x09e4, 0x09e4, 0x09e4, 0x09e4, 0x09e4, 0x09e4, 0x09e4, 0x09e4, 0x09e4, 0x09e4, 0x09e4, 0x09e4, 0x09e4, 0x09e4, 0x09e4,
    0x09e4, 0x09e4, 0x09e4, 0x09e4, 0x09e4, 0x09e4, 0x09e4, 0x09e4, 0x09e4, 0x09e4, 0x09e4, 0x09e4, 0x09e4, 0x09e4, 0x09e4, 0x09e4,
    0x09e4, 0x09e4, 0x09e4, 0x09e4, 0x09e4, 0x09e4, 0x09e4, 0x09e4, 0x09e4, 0x09e4, 0x09e4, 0x09e4, 0x09e4, 0x09e4, 0x09e4, 0x09e4,
    0x09e4, 0x09e4, 0x09e4, 0x09e4, 0x09e4, 0x09e4, 0x09e4, 0x09e4, 0x09e4, 0x09e4, 0x09e4, 0x09e4, 0x09e4, 0x09e4, 0x09e4, 0x09e4,
    0x09e4, 0x09e4, 0x09e4, 0x09e4, 0x09e4, 0x09e4, 0x09e4, 0x09e4, 0x09e4, 0x09e4, 0x09e4, 0x09e4, 0x09e4, 0x09e4, 0x09e4, 0x09e4,
    0x09e4, 0x09e4, 0x09e4, 0x09e4, 0x09e4, 0x09e4, 0x09e4, 0x09e4, 0x09e4, 0x09e4, 0x0964, 0x73ed, 0xf779, 0xf779, 0x0104, 0x09e4,
    0x09e4, 0x09e4, 0x09e4, 0x09e4, 0x09e4, 0x0104, 0x0104, 0x0104, 0x0104, 0x0104, 0x0104, 0x0104, 0x0104, 0x0104, 0x09e4, 0x09e4,
    0x0104, 0xf779, 0xf779, 0xf779, 0xf779, 0x0104, 0x0104, 0x09a4, 0x0104, 0x0104, 0x0104, 0x0104, 0x09e4, 0x09e4, 0x09e4, 0x09e4,
    0x09e4, 0x0104, 0xf779, 0xf779, 0x0104, 0x09e4, 0x09e4, 0x09e4, 0x09e4, 0x09e4, 0x0944, 0x0104, 0x0104, 0x0104, 0x0104, 0x0104,
    0x0104, 0x0104, 0x0104, 0x0104, 0x0104, 0x9d11, 0xf779, 0xad93, 0x0944, 0x09e4, 0x09e4, 0x09e4, 0x09e4, 0x09e4, 0x09e4, 0x09e4,
    0x09e4, 0x09e4, 0x09e4, 0x09e4, 0x09e4, 0x09e4, 0x09e4, 0x09e4, 0x09e4, 0x09e4, 0x09e4, 0x09e4, 0x09e4, 0x09e4, 0x09e4, 0x09e4,
    0x09e4, 0x09e4, 0x09e4, 0x09e4, 0x09e4, 0x09e4, 0x09e4, 0x09e4, 0x09e4, 0x09e4, 0x09e4, 0x09e4, 0x09e4, 0x09e4, 0x09e4, 0x09e4,
    0x09e4, 0x09e4, 0x09e4, 0x09e4, 0x09e4, 0x09e4, 0x09e4, 0x09e4, 0x09e4, 0x09e4, 0x09e4, 0x09e4, 0x09e4, 0x09e4, 0x09e4, 0x09e4,
    0x09e4, 0x09e4, 0x09e4, 0x09e4, 0x09e4, 0x09e4, 0x09e4, 0x09e4, 0x09e4, 0x09e4, 0x09e4, 0x09e4, 0x09e4, 0x09e4, 0x09e4, 0x09e4,
    0x09e4, 0x09e4, 0x09e4, 0x09e4, 0x09e4, 0x09e4, 0x09e4, 0x09e4, 0x09e4, 0x09e4, 0x09e4, 0x09e4, 0x09e4, 0x09e4, 0x09e4, 0x09e4,
    0x09e3, 0x09e3, 0x09e3, 0x09e3, 0x09e3, 0x09e3, 0x09e3, 0x09e3, 0x09e3, 0x09e3, 0x09e3, 0x09e3, 0x09e3, 0x09e3, 0x09e3, 0x09e3,
    0x09e3, 0x09e3, 0x09e3, 0x09e3, 0x09e3, 0x09e3, 0x09e3, 0x09e3, 0x09e3, 0x09e3, 0x09e3, 0x09e3, 0x09e3, 0x09e3, 0x09e3, 0x09e3,
    0x09e3, 0x09e3, 0x09e3, 0x09e3, 0x09e3, 0x09e3, 0x09e3, 0x09e3, 0x09e3, 0x09e3, 0x09e3, 0x09e3, 0x09e3, 0x09e3, 0x09e3, 0x09e3,
    0x09e3, 0x09e3, 0x09e3, 0x09e3, 0x09e3, 0x09e3, 0x09e3, 0x09e3, 0x09e3, 0x09e3, 0x09e3, 0x09e3, 0x09e3, 0x09e3, 0x09e3, 0x09e3,
    0x09e3, 0x09e3, 0x09e3, 0x09e3, 0x09e3, 0x09e3, 0x09e3, 0x09e3, 0x09e3, 0x09e3, 0x09e3, 0x09e3, 0x09e3, 0x09e3, 0x09e3, 0x09e3,
    0x09e3, 0x09e3, 0x09e3, 0x09e3, 0x09e3, 0x09e3, 0x09e3, 0x09e3, 0x09e3, 0x09e3, 0x0964, 0x73ed, 0xf779, 0xf779, 0x0104, 0x0104,
    0x0104, 0x0104, 0x0104, 0x0104, 0x0104, 0x0104, 0xf779, 0xf779, 0xf779, 0xf779, 0xf779, 0xf779, 0xf779, 0x0104, 0x09e3, 0x09e3,
    0x0104, 0xf779, 0xf779, 0xf779, 0xf779, 0xf779, 0x0104, 0x0104, 0x3a68, 0xf779, 0xf779, 0x0104, 0x0104, 0x09c3, 0x09e3, 0x09e3,
    0x09e3, 0x0104, 0xf779, 0xf779, 0x0104, 0x0104, 0x0104, 0x09e3, 0x09e3, 0x09e3, 0x0944, 0xb5b3, 0xf779, 0xf779, 0xf779, 0xf779,
    0xf779, 0x0104, 0x0104, 0xf779, 0xf779, 0x9d11, 0xf779, 0xad93, 0x0104, 0x0104, 0x0944, 0x09e3, 0x09e3, 0x09e3, 0x09e3, 0x09e3,
    0x09e3, 0x09e3, 0x09e3, 0x09e3, 0x09e3, 0x09e3, 0x09e3, 0x09e3, 0x09e3, 0x09e3, 0x09e3, 0x09e3, 0x09e3, 0x09e3, 0x09e3, 0x09e3,
    0x09e3, 0x09e3, 0x09e3, 0x09e3, 0x09e3, 0x09e3, 0x09e3, 0x09e3, 0x09e3, 0x09e3, 0x09e3, 0x09e3, 0x09e3, 0x09e3, 0x09e3, 0x09e3,
    0x09e3, 0x09e3, 0x09e3, 0x09e3, 0x09e3, 0x09e3, 0x09e3, 0x09e3, 0x09e3, 0x09e3, 0x09e3, 0x09e3, 0x09e3, 0x09e3, 0x09e3, 0x09e3,
    0x09e3, 0x09e3, 0x09e3, 0x09e3, 0x09e3, 0x09e3, 0x09e3, 0x09e3, 0x09e3, 0x09e3, 0x09e3, 0x09e3, 0x09e3, 0x09e3, 0x09e3, 0x09e3,
    0x09e3, 0x09e3, 0x09e3, 0x09e3, 0x09e3, 0x09e3, 0x09e3, 0x09e3, 0x09e3, 0x09e3, 0x09e3, 0x09e3, 0x09e3, 0x09e3, 0x09e3, 0x09e3,
    0x09e4, 0x09e4, 0x09e4, 0x09e4, 0x09e4, 0x09e4, 0x09e4, 0x09e4, 0x09e4, 0x09e4, 0x09e4, 0x09e4, 0x09e4, 0x09e4, 0x09e4, 0x09e4,
    0x09e4, 0x09e4, 0x09e4, 0x09e4, 0x09e4, 0x09e4, 0x09e4, 0x09e4, 0x09e4, 0x09e4, 0x09e4, 0x09e4, 0x09e4, 0x09e4, 0x09e4, 0x09e4,
    0x09e4, 0x09e4, 0x09e4, 0x09e4, 0x09e4, 0x09e4, 0x09e4, 0x09e4, 0x09e4, 0x09e4, 0x09e4, 0x09e4, 0x09e4, 0x09e4, 0x09e4, 0x09e4,
    0x09e4, 0x09e4, 0x09e4, 0x09e4, 0x09e4, 0x09e4, 0x09e4, 0x09e4, 0x09e4, 0x09e4, 0x09e4, 0x09e4, 0x09e4, 0x09e4, 0x09e4, 0x09e4,
    0x09e4, 0x09e4, 0x09e4, 0x09e4, 0x09e4, 0x09e4, 0x09e4, 0x09e4, 0x09e4, 0x09e4, 0x09e4, 0x09e4, 0x09e4, 0x09e4, 0x09e4, 0x09e4,
    0x09e4, 0x09e4, 0x09e4, 0x09e4, 0x09e4, 0x09e4, 0x09e4, 0x09e4, 0x09e4, 0x09e4, 0x0964, 0x73ed, 0xf779, 0xf779, 0xf779, 0xf779,
    0xf779, 0xf779, 0xf779, 0xf779, 0xf779, 0x0104, 0xf779, 0xf779, 0xf779, 0xf779, 0xf779, 0xf779, 0xf779, 0x0104, 0x0104, 0x0104,
    0x0104, 0xf779, 0xf779, 0x0104, 0xf779, 0xf779, 0x9cf1, 0x0104, 0x0104, 0xf779, 0xf779, 0xf779, 0x0104, 0x0104, 0x0104, 0x0104,
    0x0104, 0x0104, 0xf779, 0xf779, 0x0104, 0x0104, 0x0104, 0x0104, 0x0104, 0x09e4, 0x0944, 0xb5b3, 0xf779, 0xf779, 0xf779, 0xf779,
    0xf779, 0x0104, 0x9cf1, 0xf779, 0xf779, 0x9d11, 0xf779, 0xad93, 0x0104, 0x0104, 0x0944, 0x09e4, 0x09e4, 0x09e4, 0x09e4, 0x09e4,
    0x09e4, 0x09e4, 0x09e4, 0x09e4, 0x09e4, 0x09e4, 0x09e4, 0x09e4, 0x09e4, 0x09e4, 0x09e4, 0x09e4, 0x09e4, 0x09e4, 0x09e4, 0x09e4,
    0x09e4, 0x09e4, 0x09e4, 0x09e4, 0x09e4, 0x09e4, 0x09e4, 0x09e4, 0x09e4, 0x09e4, 0x09e4, 0x09e4, 0x09e4, 0x09e4, 0x09e4, 0x09e4,
    0x09e4, 0x09e4, 0x09e4, 0x09e4, 0x09e4, 0x09e4, 0x09e4, 0x09e4, 0x09e4, 0x09e4, 0x09e4, 0x09e4, 0x09e4, 0x09e4, 0x09e4, 0x09e4,
    0x09e4, 0x09e4, 0x09e4, 0x09e4, 0x09e4, 0x09e4, 0x09e4, 0x09e4, 0x09e4, 0x09e4, 0x09e4, 0x09e4, 0x09e4, 0x09e4, 0x09e4, 0x09e4,
    0x09e4, 0x09e4, 0x09e4, 0x09e4, 0x09e4, 0x09e4, 0x09e4, 0x09e4, 0x09e4, 0x09e4, 0x09e4, 0x09e4, 0x09e4, 0x09e4, 0x09e4, 0x09e4,
    0x09e4, 0x09e4, 0x09e4, 0x09e4, 0x09e4, 0x09e4, 0x09e4, 0x09e4, 0x09e4, 0x09e4, 0x09e4, 0x09e4, 0x09e4, 0x09e4, 0x09e4, 0x09e4,
    0x09e4, 0x09e4, 0x09e4, 0x09e4, 0x09e4, 0x09e4, 0x09e4, 0x09e4, 0x09e4, 0x09e4, 0x09e4, 0x09e4, 0x09e4, 0x09e4, 0x09e4, 0x09e4,
    0x09e4, 0x09e4, 0x09e4, 0x09e4, 0x09e4, 0x09e4, 0x09e4, 0x09e4, 0x09e4, 0x09e4, 0x09e4, 0x09e4, 0x09e4, 0x09e4, 0x09e4, 0x09e4,
    0x09e4, 0x09e4, 0x09e4, 0x09e4, 0x09e4, 0x09e4, 0x09e4, 0x09e4, 0x09e4, 0x09e4, 0x09e4, 0x09e4, 0x09e4, 0x09e4, 0x09e4, 0x09e4,
    0x09e4, 0x09e4, 0x09e4, 0x09e4, 0x09e4, 0x09e4, 0x09e4, 0x09e4, 0x09e4, 0x09e4, 0x09e4, 0x09e4, 0x09e4, 0x09e4, 0x09e4, 0x09e4,
    0x09e4, 0x09e4, 0x09e4, 0x09e4, 0x09e4, 0x09e4, 0x09e4, 0x09e4, 0x09e4, 0x09e4, 0x0964, 0x73ed, 0xf779, 0xf779, 0xf779, 0xf779,
    0xf779, 0xf779, 0xf779, 0xf779, 0xf779, 0x0104, 0x0104, 0x0104, 0x0104, 0xf779, 0xf779, 0x0104, 0xf779, 0xf779, 0xf779, 0xf779,
    0xf779, 0xf779, 0xf779, 0xf779, 0xf779, 0xf779, 0xf779, 0xf779, 0x0104, 0x0104, 0xf779, 0xf779, 0xf779, 0x0104, 0xf779, 0xf779,
    0xf779, 0xf779, 0xf779, 0xf779, 0xf779, 0xf779, 0xf779, 0xf779, 0x0104, 0x09e4, 0x0944, 0xb5b3, 0xf779, 0x4aca, 0x0104, 0xf779,
    0xf779, 0x0104, 0xf779, 0xf779, 0x94d0, 0x9d11, 0xf779, 0xad93, 0x0104, 0x0104, 0x0104, 0x0104, 0x0124, 0x09e4, 0x09e4, 0x09e4,
    0x09e4, 0x09e4, 0x09e4, 0x09e4, 0x09e4, 0x09e4, 0x09e4, 0x09e4, 0x09e4, 0x09e4, 0x09e4, 0x09e4, 0x09e4, 0x09e4, 0x09e4, 0x09e4,
    0x09e4, 0x09e4, 0x09e4, 0x09e4, 0x09e4, 0x09e4, 0x09e4, 0x09e4, 0x09e4, 0x09e4, 0x09e4, 0x09e4, 0x09e4, 0x09e4, 0x09e4, 0x09e4,
    0x09e4, 0x09e4, 0x09e4, 0x09e4, 0x09e4, 0x09e4, 0x09e4, 0x09e4, 0x09e4, 0x09e4, 0x09e4, 0x09e4, 0x09e4, 0x09e4, 0x09e4, 0x09e4,
    0x09e4, 0x09e4, 0x09e4, 0x09e4, 0x09e4, 0x09e4, 0x09e4, 0x09e4, 0x09e4, 0x09e4, 0x09e4, 0x09e4, 0x09e4, 0x09e4, 0x09e4, 0x09e4,
    0x09e4, 0x09e4, 0x09e4, 0x09e4, 0x09e4, 0x09e4, 0x09e4, 0x09e4, 0x09e4, 0x09e4, 0x09e4, 0x09e4, 0x09e4, 0x09e4, 0x09e4, 0x09e4,
    0x09e4, 0x09e4, 0x09e4, 0x09e4, 0x09e4, 0x09e4, 0x09e4, 0x09e4, 0x09e4, 0x09e4, 0x09e4, 0x09e4, 0x09e4, 0x09e4, 0x09e4, 0x09e4,
    0x09e4, 0x09e4, 0x09e4, 0x09e4, 0x09e4, 0x09e4, 0x09e4, 0x09e4, 0x09e4, 0x09e4, 0x09e4, 0x09e4, 0x09e4, 0x09e4, 0x09e4, 0x09e4,
    0x09e4, 0x09e4, 0x09e4, 0x09e4, 0x09e4, 0x09e4, 0x09e4, 0x09e4, 0x09e4, 0x09e4, 0x09e4, 0x09e4, 0x09e4, 0x09e4, 0x09e4, 0x09e4,
    0x09e4, 0x09e4, 0x09e4, 0x09e4, 0x09e4, 0x09e4, 0x09e4, 0x09e4, 0x09e4, 0x09e4, 0x09e4, 0x09e4, 0x09e4, 0x09e4, 0x09e4, 0x09e4,
    0x09e4, 0x09e4, 0x09e4, 0x09e4, 0x09e4, 0x09e4, 0x09e4, 0x09e4, 0x09e4, 0x09e4, 0x09e4, 0x09e4, 0x09e4, 0x09e4, 0x09e4, 0x09e4,
    0x09e4, 0x09e4, 0x09e4, 0x09e4, 0x09e4, 0x09c4, 0x09c4, 0x09c4, 0x09c4, 0x09c4, 0x0164, 0x73ed, 0xf779, 0xf779, 0x0104, 0x0104,
    0x0104, 0x0104, 0x0104, 0x0104, 0x0104, 0x0104, 0x0104, 0x0104, 0x0104, 0xf779, 0xf779, 0x0104, 0xf779, 0xf779, 0xf779, 0xf779,
    0xf779, 0xf779, 0xf779, 0xf779, 0xf779, 0xf779, 0xf779, 0xf779, 0x0104, 0x0104, 0xd696, 0xf779, 0xf779, 0x0104, 0xf779, 0xf779,
    0xf779, 0xf779, 0xf779, 0xf779, 0xf779, 0xf779, 0xf779, 0xf779, 0x0104, 0x0104, 0x0104, 0xb5b3, 0xf779, 0x4aca, 0x0104, 0xf779,
    0xf779, 0x0104, 0xf779, 0xf779, 0xf779, 0xf779, 0xf779, 0xf779, 0xf779, 0xf779, 0xf779, 0xce55, 0x0124, 0x09e4, 0x09e4, 0x09e4,
    0x09e4, 0x09e4, 0x09e4, 0x09e4, 0x09e4, 0x09e4, 0x09e4, 0x09e4, 0x09e4, 0x09e4, 0x09e4, 0x09e4, 0x09e4, 0x09e4, 0x09e4, 0x09e4,
    0x09e4, 0x09e4, 0x09e4, 0x09e4, 0x09e4, 0x09e4, 0x09e4, 0x09e4, 0x09e4, 0x09e4, 0x09e4, 0x09e4, 0x09e4, 0x09e4, 0x09e4, 0x09e4,
    0x09e4, 0x09e4, 0x09e4, 0x09e4, 0x09e4, 0x09e4, 0x09e4, 0x09e4, 0x09e4, 0x09e4, 0x09e4, 0x09e4, 0x09e4, 0x09e4, 0x09e4, 0x09e4,
    0x09e4, 0x09e4, 0x09e4, 0x09e4, 0x09e4, 0x09e4, 0x09e4, 0x09e4, 0x09e4, 0x09e4, 0x09e4, 0x09e4, 0x09e4, 0x09e4, 0x09e4, 0x09e4,
    0x09e4, 0x09e4, 0x09e4, 0x09e4, 0x09e4, 0x09e4, 0x09e4, 0x09e4, 0x09e4, 0x09e4, 0x09e4, 0x09e4, 0x09e4, 0x09e4, 0x09e4, 0x09e4,
    0x09e4, 0x09e4, 0x09e4, 0x09e4, 0x09e4, 0x09e4, 0x09e4, 0x09e4, 0x09e4, 0x09e4, 0x09e4, 0x09e4, 0x09e4, 0x09e4, 0x09e4, 0x09e4,
    0x09e4, 0x09e4, 0x09e4, 0x09e4, 0x09e4, 0x09e4, 0x09e4, 0x09e4, 0x09e4, 0x09e4, 0x09e4, 0x09e4, 0x09e4, 0x09e4, 0x09e4, 0x09e4,
    0x09e4, 0x09e4, 0x09e4, 0x09e4, 0x09e4, 0x09e4, 0x09e4, 0x09e4, 0x09e4, 0x09e4, 0x09e4, 0x09e4, 0x09e4, 0x09e4, 0x09e4, 0x09e4,
    0x09e4, 0x09e4, 0x09e4, 0x09e4, 0x09e4, 0x09e4, 0x09e4, 0x09e4, 0x09e4, 0x09e4, 0x09e4, 0x09e4, 0x09e4, 0x09e4, 0x09e4, 0x09e4,
    0x09e4, 0x09e4, 0x09e4, 0x09e4, 0x09e4, 0x09e4, 0x09e4, 0x09e4, 0x09e4, 0x09e4, 0x09e4, 0x09e4, 0x09e4, 0x09e4, 0x09e4, 0x09e4,
    0x09e4, 0x09e4, 0x09e4, 0x09e4, 0x09e4, 0x0104, 0x2a07, 0x2a07, 0x2a07, 0x2a07, 0x2a07, 0x8c6f, 0xf779, 0xf779, 0x2a07, 0x2a07,
    0x2a07, 0x2a07, 0x2a07, 0x0104, 0x0104, 0x0104, 0x0104, 0x0104, 0x0104, 0xf779, 0xf779, 0x0104, 0x0104, 0x5b2b, 0x0104, 0x0104,
    0x0104, 0xf779, 0xf779, 0x0104, 0x0104, 0xce35, 0x73ed, 0x0104, 0x0104, 0x0104, 0x0104, 0xf759, 0x73ee, 0x0104, 0x0104, 0x0104,
    0x0104, 0x0104, 0xf779, 0xf779, 0x0104, 0x0104, 0xf779, 0xf779, 0x0104, 0x0104, 0x0104, 0xb5b3, 0xf779, 0xf779, 0xf779, 0xf779,
    0xf779, 0x73ed, 0xf779, 0xf779, 0xf779, 0xf779, 0xf779, 0xf779, 0xf779, 0xf779, 0xf779, 0xce55, 0x0104, 0x0104, 0x0124, 0x09e4,
    0x09e4, 0x09e4, 0x09e4, 0x09e4, 0x09e4, 0x09e4, 0x09e4, 0x09e4, 0x09e4, 0x09e4, 0x09e4, 0x09e4, 0x09e4, 0x09e4, 0x09e4, 0x09e4,
    0x09e4, 0x09e4, 0x09e4, 0x09e4, 0x09e4, 0x09e4, 0x09e4, 0x09e4, 0x09e4, 0x09e4, 0x09e4, 0x09e4, 0x09e4, 0x09e4, 0x09e4, 0x09e4,
    0x09e4, 0x09e4, 0x09e4, 0x09e4, 0x09e4, 0x09e4, 0x09e4, 0x09e4, 0x09e4, 0x09e4, 0x09e4, 0x09e4, 0x09e4, 0x09e4, 0x09e4, 0x09e4,
    0x09e4, 0x09e4, 0x09e4, 0x09e4, 0x09e4, 0x09e4, 0x09e4, 0x09e4, 0x09e4, 0x09e4, 0x09e4, 0x09e4, 0x09e4, 0x09e4, 0x09e4, 0x09e4,
    0x09e4, 0x09e4, 0x09e4, 0x09e4, 0x09e4, 0x09e4, 0x09e4, 0x09e4, 0x09e4, 0x09e4, 0x09e4, 0x09e4, 0x09e4, 0x09e4, 0x09e4, 0x09e4,
    0x09c4, 0x09c4, 0x09c4, 0x09c4, 0x09c4, 0x09c4, 0x09c4, 0x09c4, 0x09c4, 0x09c4, 0x09c4, 0x09c4, 0x09c4, 0x09c4, 0x09c4, 0x09c4,
    0x09c4, 0x09c4, 0x09c4, 0x09c4, 0x09c4, 0x09c4, 0x09c4, 0x09c4, 0x09c4, 0x09c4, 0x09c4, 0x09c4, 0x09c4, 0x09c4, 0x09c4, 0x09c4,
    0x09c4, 0x09c4, 0x09c4, 0x09c4, 0x09c4, 0x09c4, 0x09c4, 0x09c4, 0x09c4, 0x09c4, 0x09c4, 0x09c4, 0x09c4, 0x09c4, 0x09c4, 0x09c4,
    0x09c4, 0x09c4, 0x09c4, 0x09c4, 0x09c4, 0x09c4, 0x09c4, 0x09c4, 0x09c4, 0x09c4, 0x09c4, 0x09c4, 0x09c4, 0x09c4, 0x09c4, 0x09c4,
    0x09c4, 0x09c4, 0x09c4, 0x09c4, 0x09c4, 0x09c4, 0x09c4, 0x09c4, 0x09c4, 0x09c4, 0x09c4, 0x09c4, 0x09c4, 0x09c4, 0x09c4, 0x09c4,
    0x09c4, 0x09c4, 0x09c4, 0x09c4, 0x09c4, 0x0104, 0xf779, 0xf779, 0xf779, 0xf779, 0xf779, 0xf779, 0xf779, 0xf779, 0xf779, 0xf779,
    0xf779, 0xf779, 0xf779, 0x0104, 0x0104, 0x0104, 0x1165, 0x2a07, 0x2a07, 0xf779, 0xf779, 0x2a07, 0x1986, 0xf779, 0xf779, 0x0104,
    0x0104, 0xf779, 0xf779, 0x0104, 0x0104, 0xf779, 0xf779, 0x0924, 0x0104, 0x0104, 0x0104, 0x0104, 0x0104, 0x0104, 0x0104, 0x0104,
    0x0104, 0x0104, 0xf779, 0xf779, 0x0104, 0x0104, 0xf779, 0xf779, 0x0104, 0x0104, 0x0104, 0xb5b3, 0xf779, 0xf779, 0xf779, 0xf779,
    0xf779, 0xf779, 0xf779, 0xef38, 0x0104, 0x9d11, 0xf779, 0xad93, 0x0104, 0x0104, 0x0104, 0x0104, 0x0104, 0x0104, 0x0124, 0x09c4,
    0x09c4, 0x09c4, 0x09c4, 0x09c4, 0x09c4, 0x09c4, 0x09c4, 0x09c4, 0x09c4, 0x09c4, 0x09c4, 0x09c4, 0x09c4, 0x09c4, 0x09c4, 0x09c4,
    0x09c4, 0x09c4, 0x09c4, 0x09c4, 0x09c4, 0x09c4, 0x09c4, 0x09c4, 0x09c4, 0x09c4, 0x09c4, 0x09c4, 0x09c4, 0x09c4, 0x09c4, 0x09c4,
    0x09c4, 0x09c4, 0x09c4, 0x09c4, 0x09c4, 0x09c4, 0x09c4, 0x09c4, 0x09c4, 0x09c4, 0x09c4, 0x09c4, 0x09c4, 0x09c4, 0x09c4, 0x09c4,
    0x09c4, 0x09c4, 0x09c4, 0x09c4, 0x09c4, 0x09c4, 0x09c4, 0x09c4, 0x09c4, 0x09c4, 0x09c4, 0x09c4, 0x09c4, 0x09c4, 0x09c4, 0x09c4,
    0x09c4, 0x09c4, 0x09c4, 0x09c4, 0x09c4, 0x09c4, 0x09c4, 0x09c4, 0x09c4, 0x09c4, 0x09c4, 0x09c4, 0x09c4, 0x09c4, 0x09c4, 0x09c4,
    0x09c4, 0x09c4, 0x09c4, 0x09c4, 0x09c4, 0x09c4, 0x09c4, 0x09c4, 0x09c4, 0x09c4, 0x09c4, 0x09c4, 0x09c4, 0x09c4, 0x09c4, 0x09c4,
    0x09c4, 0x09c4, 0x09c4, 0x09c4, 0x09c4, 0x09c4, 0x09c4, 0x09c4, 0x09c4, 0x09c4, 0x09c4, 0x09c4, 0x09c4, 0x09c4, 0x09c4, 0x09c4,
    0x09c4, 0x09c4, 0x09c4, 0x09c4, 0x09c4, 0x09c4, 0x09c4, 0x09c4, 0x09c4, 0x09c4, 0x09c4, 0x09c4, 0x09c4, 0x09c4, 0x09c4, 0x09c4,
    0x09c4, 0x09c4, 0x09c4, 0x09c4, 0x09c4, 0x09c4, 0x09c4, 0x09c4, 0x09c4, 0x09c4, 0x09c4, 0x09c4, 0x09c4, 0x09c4, 0x09c4, 0x09c4,
    0x09c4, 0x09c4, 0x09c4, 0x09c4, 0x09c4, 0x09c4, 0x09c4, 0x09c4, 0x09c4, 0x09c4, 0x09c4, 0x09c4, 0x09c4, 0x09c4, 0x09c4, 0x09c4,
    0x09c4, 0x09c4, 0x09c4, 0x09c4, 0x09c4, 0x0104, 0xf779, 0xf779, 0xf779, 0xf779, 0xf779, 0xf779, 0xf779, 0xf779, 0xf779, 0xf779,
    0xf779, 0xf779, 0xf779, 0x0104, 0x0104, 0x0104, 0x6bad, 0xf779, 0xf779, 0xf779, 0xf779, 0xf779, 0x9d11, 0xf779, 0xf779, 0xf779,
    0x0104, 0xf779, 0xf779, 0x0904, 0xf779, 0xf779, 0xf779, 0x0104, 0x0104, 0x0104, 0x0104, 0x0104, 0x0104, 0x0104, 0x0104, 0x0104,
    0x0104, 0x0104, 0xf779, 0xf779, 0x0104, 0x0104, 0xf779, 0xf779, 0x0104, 0x0104, 0x0104, 0xb5b3, 0xf779, 0x4aca, 0x0104, 0xf779,
    0xf779, 0xf779, 0xf779, 0x0104, 0x0104, 0x9d11, 0xf779, 0xad93, 0x0104, 0x0104, 0x0104, 0x0104, 0x0104, 0x0104, 0x0124, 0x09c4,
    0x09c4, 0x09c4, 0x09c4, 0x09c4, 0x09c4, 0x09c4, 0x09c4, 0x09c4, 0x09c4, 0x09c4, 0x09c4, 0x09c4, 0x09c4, 0x09c4, 0x09c4, 0x09c4,
    0x09c4, 0x09c4, 0x09c4, 0x09c4, 0x09c4, 0x09c4, 0x09c4, 0x09c4, 0x09c4, 0x09c4, 0x09c4, 0x09c4, 0x09c4, 0x09c4, 0x09c4, 0x09c4,
    0x09c4, 0x09c4, 0x09c4, 0x09c4, 0x09c4, 0x09c4, 0x09c4, 0x09c4, 0x09c4, 0x09c4, 0x09c4, 0x09c4, 0x09c4, 0x09c4, 0x09c4, 0x09c4,
    0x09c4, 0x09c4, 0x09c4, 0x09c4, 0x09c4, 0x09c4, 0x09c4, 0x09c4, 0x09c4, 0x09c4, 0x09c4, 0x09c4, 0x09c4, 0x09c4, 0x09c4, 0x09c4,
    0x09c4, 0x09c4, 0x09c4, 0x09c4, 0x09c4, 0x09c4, 0x09c4, 0x09c4, 0x09c4, 0x09c4, 0x09c4, 0x09c4, 0x09c4, 0x09c4, 0x09c4, 0x09c4,
    0x09c4, 0x09c4, 0x09c4, 0x09c4, 0x09c4, 0x09c4, 0x09c4, 0x09c4, 0x09c4, 0x09c4, 0x09c4, 0x09c4, 0x09c4, 0x09c4, 0x09c4, 0x09c4,
    0x09c4, 0x09c4, 0x09c4, 0x09c4, 0x09c4, 0x09c4, 0x09c4, 0x09c4, 0x09c4, 0x09c4, 0x09c4, 0x09c4, 0x09c4, 0x09c4, 0x09c4, 0x09c4,
    0x09c4, 0x09c4, 0x09c4, 0x09c4, 0x09c4, 0x09c4, 0x09c4, 0x09c4, 0x09c4, 0x09c4, 0x09c4, 0x09c4, 0x09c4, 0x09c4, 0x09c4, 0x09c4,
    0x09c4, 0x09c4, 0x09c4, 0x09c4, 0x09c4, 0x09c4, 0x09c4, 0x09c4, 0x09c4, 0x09c4, 0x09c4, 0x09c4, 0x09c4, 0x09c4, 0x09c4, 0x09c4,
    0x09c4, 0x09c4, 0x09c4, 0x09c4, 0x09c4, 0x09c4, 0x09c4, 0x09c4, 0x09c4, 0x09c4, 0x09c4, 0x09c4, 0x09c4, 0x09c4, 0x09c4, 0x09c4,
    0x09c4, 0x09c4, 0x09c4, 0x09c4, 0x09c4, 0x0104, 0xf779, 0xf779, 0x0104, 0x0104, 0x0104, 0x0104, 0x0104, 0x0104, 0x0104, 0x0104,
    0x0104, 0xf779, 0xf779, 0x0104, 0x0104, 0x0104, 0x6bad, 0xf779, 0xf779, 0xf779, 0xf779, 0xf779, 0x9d11, 0x1165, 0xf779, 0xf779,
    0x0104, 0xf779, 0xf779, 0xf759, 0xf779, 0xf779, 0x0104, 0x0104, 0x0104, 0x0104, 0x0104, 0x0104, 0x0104, 0x530b, 0x530b, 0x530b,
    0x530b, 0x530b, 0xf779, 0xf779, 0x530b, 0x530b, 0xf779, 0xf779, 0x530b, 0x530b, 0x0104, 0xbdf4, 0xf779, 0x4aca, 0x0104, 0xf779,
    0xf779, 0xf779, 0xf779, 0x0104, 0x0104, 0x9d11, 0xf779, 0xad93, 0x0104, 0x0104, 0x0104, 0x0104, 0x0104, 0x0104, 0x0124, 0x09c4,
    0x09c4, 0x09c4, 0x09c4, 0x09c4, 0x09c4, 0x09c4, 0x09c4, 0x09c4, 0x09c4, 0x09c4, 0x09c4, 0x09c4, 0x09c4, 0x09c4, 0x09c4, 0x09c4,
    0x09c4, 0x09c4, 0x09c4, 0x09c4, 0x09c4, 0x09c4, 0x09c4, 0x09c4, 0x09c4, 0x09c4, 0x09c4, 0x09c4, 0x09c4, 0x09c4, 0x09c4, 0x09c4,
    0x09c4, 0x09c4, 0x09c4, 0x09c4, 0x09c4, 0x09c4, 0x09c4, 0x09c4, 0x09c4, 0x09c4, 0x09c4, 0x09c4, 0x09c4, 0x09c4, 0x09c4, 0x09c4,
    0x09c4, 0x09c4, 0x09c4, 0x09c4, 0x09c4, 0x09c4, 0x09c4, 0x09c4, 0x09c4, 0x09c4, 0x09c4, 0x09c4, 0x09c4, 0x09c4, 0x09c4, 0x09c4,
    0x09c4, 0x09c4, 0x09c4, 0x09c4, 0x09c4, 0x09c4, 0x09c4, 0x09c4, 0x09c4, 0x09c4, 0x09c4, 0x09c4, 0x09c4, 0x09c4, 0x09c4, 0x09c4,
    0x09c3, 0x09c3, 0x09c3, 0x09c3, 0x09c3, 0x09c3, 0x09c3, 0x09c3, 0x09c3, 0x09c3, 0x09c3, 0x09c3, 0x09c3, 0x09c3, 0x09c3, 0x09c3,
    0x09c3, 0x09c3, 0x09c3, 0x09c3, 0x09c3, 0x09c3, 0x09c3, 0x09c3, 0x09c3, 0x09c3, 0x09c3, 0x09c3, 0x09c3, 0x09c3, 0x09c3, 0x09c3,
    0x09c3, 0x09c3, 0x09c3, 0x09c3, 0x09c3, 0x09c3, 0x09c3, 0x09c3, 0x09c3, 0x09c3, 0x09c3, 0x09c3, 0x09c3, 0x09c3, 0x09c3, 0x09c3,
    0x09c3, 0x09c3, 0x09c3, 0x09c3, 0x09c3, 0x09c3, 0x09c3, 0x09c3, 0x09c3, 0x09c3, 0x09c3, 0x09c3, 0x09c3, 0x09c3, 0x09c3, 0x09c3,
    0x09c3, 0x09c3, 0x09c3, 0x09c3, 0x09c3, 0x09c3, 0x09c3, 0x09c3, 0x09c3, 0x09c3, 0x09c3, 0x09c3, 0x09c3, 0x09c3, 0x09c3, 0x09c3,
    0x09c3, 0x09c3, 0x09c3, 0x09c3, 0x09c3, 0x0104, 0xf779, 0xf779, 0x0104, 0x0104, 0x0104, 0x0104, 0x0104, 0x0104, 0x0104, 0x0104,
    0x0104, 0xf779, 0xf779, 0x0104, 0x0104, 0x0104, 0x0104, 0x0104, 0x0104, 0xf779, 0xf779, 0x0104, 0x0104, 0x0104, 0xf779, 0xf779,
    0xf779, 0xf779, 0xf779, 0xf779, 0xf779, 0x29e7, 0x0104, 0x0104, 0x0104, 0x0104, 0x0104, 0xf779, 0xf779, 0xf779, 0xf779, 0xf779,
    0xf779, 0xf779, 0xf779, 0xf779, 0xf779, 0xf779, 0xf779, 0xf779, 0xf779, 0xf779, 0x0104, 0xe6f8, 0xf779, 0xf779, 0xf779, 0xf779,
    0xf779, 0x0104, 0xf779, 0xf779, 0xf779, 0xf779, 0xf779, 0xf779, 0xf779, 0xf779, 0xf779, 0x0104, 0x09c3, 0x09c3, 0x09c3, 0x09c3,
    0x09c3, 0x09c3, 0x09c3, 0x09c3, 0x09c3, 0x09c3, 0x09c3, 0x09c3, 0x09c3, 0x09c3, 0x09c3, 0x09c3, 0x09c3, 0x09c3, 0x09c3, 0x09c3,
    0x09c3, 0x09c3, 0x09c3, 0x09c3, 0x09c3, 0x09c3, 0x09c3, 0x09c3, 0x09c3, 0x09c3, 0x09c3, 0x09c3, 0x09c3, 0x09c3, 0x09c3, 0x09c3,
    0x09c3, 0x09c3, 0x09c3, 0x09c3, 0x09c3, 0x09c3, 0x09c3, 0x09c3, 0x09c3, 0x09c3, 0x09c3, 0x09c3, 0x09c3, 0x09c3, 0x09c3, 0x09c3,
    0x09c3, 0x09c3, 0x09c3, 0x09c3, 0x09c3, 0x09c3, 0x09c3, 0x09c3, 0x09c3, 0x09c3, 0x09c3, 0x09c3, 0x09c3, 0x09c3, 0x09c3, 0x09c3,
    0x09c3, 0x09c3, 0x09c3, 0x09c3, 0x09c3, 0x09c3, 0x09c3, 0x09c3, 0x09c3, 0x09c3, 0x09c3, 0x09c3, 0x09c3, 0x09c3, 0x09c3, 0x09c3,
    0x09c4, 0x09c4, 0x09c4, 0x09c4, 0x09c4, 0x09c4, 0x09c4, 0x09c4, 0x09c4, 0x09c4, 0x09c4, 0x09c4, 0x09c4, 0x09c4, 0x09c4, 0x09c4,
    0x09c4, 0x09c4, 0x09c4, 0x09c4, 0x09c4, 0x09c4, 0x09c4, 0x09c4, 0x09c4, 0x09c4, 0x09c4, 0x09c4, 0x09c4, 0x09c4, 0x09c4, 0x09c4,
    0x09c4, 0x09c4, 0x09c4, 0x09c4, 0x09c4, 0x09c4, 0x09c4, 0x09c4, 0x09c4, 0x09c4, 0x09c4, 0x09c4, 0x09c4, 0x09c4, 0x09c4, 0x09c4,
    0x09c4, 0x09c4, 0x09c4, 0x09c4, 0x09c4, 0x09c4, 0x09c4, 0x09c4, 0x09c4, 0x09c4, 0x09c4, 0x09c4, 0x09c4, 0x09c4, 0x09c4, 0x09c4,
    0x09c4, 0x09c4, 0x09c4, 0x09c4, 0x09c4, 0x09c4, 0x09c4, 0x09c4, 0x09c4, 0x09c4, 0x09c4, 0x09c4, 0x09c4, 0x09c4, 0x09c4, 0x09c4,
    0x09c4, 0x09c4, 0x09c4, 0x09c4, 0x09c4, 0x0104, 0xf779, 0xf779, 0xf779, 0xf779, 0xf779, 0xf779, 0xf779, 0xf779, 0xf779, 0xf779,
    0xf779, 0xf779, 0xf779, 0x0104, 0x0104, 0x0104, 0x0984, 0x0104, 0x0104, 0xf779, 0xf779, 0x0104, 0x0104, 0x0104, 0x0904, 0xb5b3,
    0xf779, 0xf779, 0xf779, 0xf779, 0xad72, 0x0104, 0x0104, 0x0104, 0x0104, 0x0104, 0x0104, 0xf779, 0xf779, 0xf779, 0xf779, 0xf779,
    0xf779, 0xf779, 0xf779, 0xf779, 0xf779, 0xf779, 0xf779, 0xf779, 0xf779, 0xf779, 0x0104, 0xf779, 0xf779, 0xf779, 0xf779, 0xf779,
    0xf779, 0x0104, 0xf779, 0xf779, 0xf779, 0xf779, 0xf779, 0xf779, 0xf779, 0xf779, 0xf779, 0x0104, 0x09a4, 0x09a4, 0x09c4, 0x09c4,
    0x09c4, 0x09c4, 0x09c4, 0x09c4, 0x09c4, 0x09c4, 0x09c4, 0x09c4, 0x09c4, 0x09c4, 0x09c4, 0x09c4, 0x09c4, 0x09c4, 0x09c4, 0x09c4,
    0x09c4, 0x09c4, 0x09c4, 0x09c4, 0x09c4, 0x09c4, 0x09c4, 0x09c4, 0x09c4, 0x09c4, 0x09c4, 0x09c4, 0x09c4, 0x09c4, 0x09c4, 0x09c4,
    0x09c4, 0x09c4, 0x09c4, 0x09c4, 0x09c4, 0x09c4, 0x09c4, 0x09c4, 0x09c4, 0x09c4, 0x09c4, 0x09c4, 0x09c4, 0x09c4, 0x09c4, 0x09c4,
    0x09c4, 0x09c4, 0x09c4, 0x09c4, 0x09c4, 0x09c4, 0x09c4, 0x09c4, 0x09c4, 0x09c4, 0x09c4, 0x09c4, 0x09c4, 0x09c4, 0x09c4, 0x09c4,
    0x09c4, 0x09c4, 0x09c4, 0x09c4, 0x09c4, 0x09c4, 0x09c4, 0x09c4, 0x09c4, 0x09c4, 0x09c4, 0x09c4, 0x09c4, 0x09c4, 0x09c4, 0x09c4,
    0x09c4, 0x09c4, 0x09c4, 0x09c4, 0x09c4, 0x09c4, 0x09c4, 0x09c4, 0x09c4, 0x09c4, 0x09c4, 0x09c4, 0x09c4, 0x09c4, 0x09c4, 0x09c4,
    0x09c4, 0x09c4, 0x09c4, 0x09c4, 0x09c4, 0x09c4, 0x09c4, 0x09c4, 0x09c4, 0x09c4, 0x09c4, 0x09c4, 0x09c4, 0x09c4, 0x09c4, 0x09c4,
    0x09c4, 0x09c4, 0x09c4, 0x09c4, 0x09c4, 0x09c4, 0x09c4, 0x09c4, 0x09c4, 0x09c4, 0x09c4, 0x09c4, 0x09c4, 0x09c4, 0x09c4, 0x09c4,
    0x09c4, 0x09c4, 0x09c4, 0x09c4, 0x09c4, 0x09c4, 0x09c4, 0x09c4, 0x09c4, 0x09c4, 0x09c4, 0x09c4, 0x09c4, 0x09c4, 0x09c4, 0x09c4,
    0x09c4, 0x09c4, 0x09c4, 0x09c4, 0x09c4, 0x09c4, 0x09c4, 0x09c4, 0x09c4, 0x09c4, 0x09c4, 0x09c4, 0x09c4, 0x09c4, 0x09c4, 0x09c4,
    0x09c4, 0x09c4, 0x09c4, 0x09c4, 0x09c4, 0x0104, 0xf779, 0xf779, 0xf779, 0xf779, 0xf779, 0xf779, 0xf779, 0xf779, 0xf779, 0xf779,
    0xf779, 0xf779, 0xf779, 0x0104, 0x0104, 0x0104, 0x0984, 0x0104, 0x0104, 0xf779, 0xf779, 0x0104, 0x0104, 0x0104, 0xf779, 0xf779,
    0xf779, 0xf779, 0xf779, 0xf779, 0xf779, 0x0104, 0x0104, 0x0104, 0x0104, 0x0104, 0xf779, 0xf779, 0xf779, 0x0104, 0x0104, 0x0104,
    0x0104, 0xf779, 0xf779, 0xf779, 0xf779, 0x0104, 0x0104, 0x0104, 0x0104, 0x0104, 0x0104, 0xf779, 0xf779, 0x0104, 0x0104, 0xf779,
    0xf779, 0x0104, 0x0104, 0x0104, 0x0104, 0x9d11, 0xf779, 0xad93, 0x0104, 0x0104, 0x0104, 0x0104, 0x0104, 0x0104, 0x09c4, 0x09c4,
    0x09c4, 0x09c4, 0x09c4, 0x09c4, 0x09c4, 0x09c4, 0x09c4, 0x09c4, 0x09c4, 0x09c4, 0x09c4, 0x09c4, 0x09c4, 0x09c4, 0x09c4, 0x09c4,
    0x09c4, 0x09c4, 0x09c4, 0x09c4, 0x09c4, 0x09c4, 0x09c4, 0x09c4, 0x09c4, 0x09c4, 0x09c4, 0x09c4, 0x09c4, 0x09c4, 0x09c4, 0x09c4,
    0x09c4, 0x09c4, 0x09c4, 0x09c4, 0x09c4, 0x09c4, 0x09c4, 0x09c4, 0x09c4, 0x09c4, 0x09c4, 0x09c4, 0x09c4, 0x09c4, 0x09c4, 0x09c4,
    0x09c4, 0x09c4, 0x09c4, 0x09c4, 0x09c4, 0x09c4, 0x09c4, 0x09c4, 0x09c4, 0x09c4, 0x09c4, 0x09c4, 0x09c4, 0x09c4, 0x09c4, 0x09c4,
    0x09c4, 0x09c4, 0x09c4, 0x09c4, 0x09c4, 0x09c4, 0x09c4, 0x09c4, 0x09c4, 0x09c4, 0x09c4, 0x09c4, 0x09c4, 0x09c4, 0x09c4, 0x09c4,
    0x09c4, 0x09c4, 0x09c4, 0x09c4, 0x09c4, 0x09c4, 0x09c4, 0x09c4, 0x09c4, 0x09c4, 0x09c4, 0x09c4, 0x09c4, 0x09c4, 0x09c4, 0x09c4,
    0x09c4, 0x09c4, 0x09c4, 0x09c4, 0x09c4, 0x09c4, 0x09c4, 0x09c4, 0x09c4, 0x09c4, 0x09c4, 0x09c4, 0x09c4, 0x09c4, 0x09c4, 0x09c4,
    0x09c4, 0x09c4, 0x09c4, 0x09c4, 0x09c4, 0x09c4, 0x09c4, 0x09c4, 0x09c4, 0x09c4, 0x09c4, 0x09c4, 0x09c4, 0x09c4, 0x09c4, 0x09c4,
    0x09c4, 0x09c4, 0x09c4, 0x09c4, 0x09c4, 0x09c4, 0x09c4, 0x09c4, 0x09c4, 0x09c4, 0x09c4, 0x09c4, 0x09c4, 0x09c4, 0x09c4, 0x09c4,
    0x09c4, 0x09c4, 0x09c4, 0x09c4, 0x09c4, 0x09c4, 0x09c4, 0x09c4, 0x09c4, 0x09c4, 0x09c4, 0x09c4, 0x09c4, 0x09c4, 0x09c4, 0x09c4,
    0x09c4, 0x09c4, 0x09c4, 0x09c4, 0x09c4, 0x0104, 0x21c6, 0x42a9, 0x0104, 0x0104, 0x0104, 0x0104, 0x0104, 0x0104, 0x0104, 0x0104,
    0x0104, 0x1165, 0xc635, 0x0104, 0x0104, 0x0104, 0x0104, 0x0104, 0x0104, 0xf779, 0xf779, 0xf779, 0xf779, 0xf779, 0xf779, 0xf779,
    0xc635, 0xf779, 0xf779, 0xf779, 0xf779, 0xf779, 0x0104, 0x0104, 0x0104, 0x0104, 0xf779, 0xf779, 0x3a69, 0x0104, 0x0104, 0x0104,
    0xf779, 0xf779, 0xf779, 0xf779, 0xf779, 0xf779, 0x0104, 0x0104, 0x0104, 0x0104, 0x0104, 0xf779, 0xf779, 0x0104, 0x0104, 0xf779,
    0xf779, 0x0104, 0x0104, 0x0104, 0x0104, 0x9d11, 0xf779, 0xad93, 0x0104, 0x0104, 0x0104, 0x0104, 0x0104, 0x0104, 0x09c4, 0x09c4,
    0x09c4, 0x09c4, 0x09c4, 0x09c4, 0x09c4, 0x09c4, 0x09c4, 0x09c4, 0x09c4, 0x09c4, 0x09c4, 0x09c4, 0x09c4, 0x09c4, 0x09c4, 0x09c4,
    0x09c4, 0x09c4, 0x09c4, 0x09c4, 0x09c4, 0x09c4, 0x09c4, 0x09c4, 0x09c4, 0x09c4, 0x09c4, 0x09c4, 0x09c4, 0x09c4, 0x09c4, 0x09c4,
    0x09c4, 0x09c4, 0x09c4, 0x09c4, 0x09c4, 0x09c4, 0x09c4, 0x09c4, 0x09c4, 0x09c4, 0x09c4, 0x09c4, 0x09c4, 0x09c4, 0x09c4, 0x09c4,
    0x09c4, 0x09c4, 0x09c4, 0x09c4, 0x09c4, 0x09c4, 0x09c4, 0x09c4, 0x09c4, 0x09c4, 0x09c4, 0x09c4, 0x09c4, 0x09c4, 0x09c4, 0x09c4,
    0x09c4, 0x09c4, 0x09c4, 0x09c4, 0x09c4, 0x09c4, 0x09c4, 0x09c4, 0x09c4, 0x09c4, 0x09c4, 0x09c4, 0x09c4, 0x09c4, 0x09c4, 0x09c4,
    0x09c3, 0x09c3, 0x09c3, 0x09c3, 0x09c3, 0x09c3, 0x09c3, 0x09c3, 0x09c3, 0x09c3, 0x09c3, 0x09c3, 0x09c3, 0x09c3, 0x09c3, 0x09c3,
    0x09c3, 0x09c3, 0x09c3, 0x09c3, 0x09c3, 0x09c3, 0x09c3, 0x09c3, 0x09c3, 0x09c3, 0x09c3, 0x09c3, 0x09c3, 0x09c3, 0x09c3, 0x09c3,
    0x09c3, 0x09c3, 0x09c3, 0x09c3, 0x09c3, 0x09c3, 0x09c3, 0x09c3, 0x09c3, 0x09c3, 0x09c3, 0x09c3, 0x09c3, 0x09c3, 0x09c3, 0x09c3,
    0x09c3, 0x09c3, 0x09c3, 0x09c3, 0x09c3, 0x09c3, 0x09c3, 0x09c3, 0x09c3, 0x09c3, 0x09c3, 0x09c3, 0x09c3, 0x09c3, 0x09c3, 0x09c3,
    0x09c3, 0x09c3, 0x09c3, 0x09c3, 0x09c3, 0x09c3, 0x09c3, 0x09c3, 0x09c3, 0x09c3, 0x09c3, 0x09c3, 0x09c3, 0x09c3, 0x09c3, 0x09c3,
    0x09c3, 0x09c3, 0x09c3, 0x09c3, 0x0104, 0x0104, 0xf779, 0xf779, 0xce55, 0x0104, 0xf779, 0xf779, 0x0104, 0xf779, 0xf779, 0xded7,
    0x0104, 0xf779, 0xf779, 0xf779, 0x0104, 0x0104, 0xb5b3, 0xf779, 0xf779, 0xf779, 0xf779, 0xf779, 0xf779, 0xf779, 0xf779, 0xc635,
    0x0104, 0xf779, 0xf779, 0x4aca, 0xf779, 0xf779, 0xf759, 0x0104, 0x0104, 0xf779, 0xf779, 0xf779, 0x0104, 0x0104, 0x0104, 0x740e,
    0xf779, 0xf779, 0x73ed, 0x1145, 0xf779, 0xf779, 0xf779, 0x0104, 0x0104, 0x0104, 0x0104, 0xf779, 0xf779, 0x0104, 0x0104, 0xf779,
    0xf779, 0x0104, 0x0104, 0x0104, 0x0104, 0x9d11, 0xf779, 0xad93, 0x0104, 0x0104, 0x0104, 0x0104, 0x0104, 0x0104, 0x09c3, 0x09c3,
    0x09c3, 0x09c3, 0x09c3, 0x09c3, 0x09c3, 0x09c3, 0x09c3, 0x09c3, 0x09c3, 0x09c3, 0x09c3, 0x09c3, 0x09c3, 0x09c3, 0x09c3, 0x09c3,
    0x09c3, 0x09c3, 0x09c3, 0x09c3, 0x09c3, 0x09c3, 0x09c3, 0x09c3, 0x09c3, 0x09c3, 0x09c3, 0x09c3, 0x09c3, 0x09c3, 0x09c3, 0x09c3,
    0x09c3, 0x09c3, 0x09c3, 0x09c3, 0x09c3, 0x09c3, 0x09c3, 0x09c3, 0x09c3, 0x09c3, 0x09c3, 0x09c3, 0x09c3, 0x09c3, 0x09c3, 0x09c3,
    0x09c3, 0x09c3, 0x09c3, 0x09c3, 0x09c3, 0x09c3, 0x09c3, 0x09c3, 0x09c3, 0x09c3, 0x09c3, 0x09c3, 0x09c3, 0x09c3, 0x09c3, 0x09c3,
    0x09c3, 0x09c3, 0x09c3, 0x09c3, 0x09c3, 0x09c3, 0x09c3, 0x09c3, 0x09c3, 0x09c3, 0x09c3, 0x09c3, 0x09c3, 0x09c3, 0x09c3, 0x09c3,
    0x09c3, 0x09c3, 0x09c3, 0x09c3, 0x09c3, 0x09c3, 0x09c3, 0x09c3, 0x09c3, 0x09c3, 0x09c3, 0x09c3, 0x09c3, 0x09c3, 0x09c3, 0x09c3,
    0x09c3, 0x09c3, 0x09c3, 0x09c3, 0x09c3, 0x09c3, 0x09c3, 0x09c3, 0x09c3, 0x09c3, 0x09c3, 0x09c3, 0x09c3, 0x09c3, 0x09c3, 0x09c3,
    0x09c3, 0x09c3, 0x09c3, 0x09c3, 0x09c3, 0x09c3, 0x09c3, 0x09c3, 0x09c3, 0x09c3, 0x09c3, 0x09c3, 0x09c3, 0x09c3, 0x09c3, 0x09c3,
    0x09c3, 0x09c3, 0x09c3, 0x09c3, 0x09c3, 0x09c3, 0x09c3, 0x09c3, 0x09c3, 0x09c3, 0x09c3, 0x09c3, 0x09c3, 0x09c3, 0x09c3, 0x09c3,
    0x09c3, 0x09c3, 0x09c3, 0x09c3, 0x09c3, 0x09c3, 0x09c3, 0x09c3, 0x09c3, 0x09c3, 0x09c3, 0x09c3, 0x09c3, 0x09c3, 0x09c3, 0x09c3,
    0x09c3, 0x09c3, 0x09c3, 0x09c3, 0x0104, 0x0904, 0xf779, 0xf779, 0x0104, 0x0104, 0xf779, 0xf779, 0x0104, 0xad93, 0xf779, 0xf779,
    0x0104, 0x8c8f, 0xf779, 0xf779, 0x740e, 0x0104, 0xf779, 0xf779, 0xf779, 0xf779, 0xf779, 0x0925, 0xf779, 0xf779, 0xb5b3, 0x0104,
    0x0104, 0xf779, 0xf779, 0x0104, 0xf779, 0xf779, 0xf779, 0xf779, 0x0104, 0xf779, 0xf779, 0xc615, 0x0104, 0x0104, 0xce35, 0xf779,
    0xf779, 0xf779, 0x0104, 0x0104, 0xf779, 0xf779, 0xf779, 0xb5b3, 0x0104, 0x0104, 0x0104, 0xf779, 0xf779, 0x0104, 0x0104, 0xf779,
    0xf779, 0x0104, 0x0104, 0x0104, 0x0104, 0x9d11, 0xf779, 0xad93, 0x0104, 0x0104, 0x0104, 0x0104, 0x0104, 0x0104, 0x09c3, 0x09c3,
    0x09c3, 0x09c3, 0x09c3, 0x09c3, 0x09c3, 0x09c3, 0x09c3, 0x09c3, 0x09c3, 0x09c3, 0x09c3, 0x09c3, 0x09c3, 0x09c3, 0x09c3, 0x09c3,
    0x09c3, 0x09c3, 0x09c3, 0x09c3, 0x09c3, 0x09c3, 0x09c3, 0x09c3, 0x09c3, 0x09c3, 0x09c3, 0x09c3, 0x09c3, 0x09c3, 0x09c3, 0x09c3,
    0x09c3, 0x09c3, 0x09c3, 0x09c3, 0x09c3, 0x09c3, 0x09c3, 0x09c3, 0x09c3, 0x09c3, 0x09c3, 0x09c3, 0x09c3, 0x09c3, 0x09c3, 0x09c3,
    0x09c3, 0x09c3, 0x09c3, 0x09c3, 0x09c3, 0x09c3, 0x09c3, 0x09c3, 0x09c3, 0x09c3, 0x09c3, 0x09c3, 0x09c3, 0x09c3, 0x09c3, 0x09c3,
    0x09c3, 0x09c3, 0x09c3, 0x09c3, 0x09c3, 0x09c3, 0x09c3, 0x09c3, 0x09c3, 0x09c3, 0x09c3, 0x09c3, 0x09c3, 0x09c3, 0x09c3, 0x09c3,
    0x09c3, 0x09c3, 0x09c3, 0x09c3, 0x09c3, 0x09c3, 0x09c3, 0x09c3, 0x09c3, 0x09c3, 0x09c3, 0x09c3, 0x09c3, 0x09c3, 0x09c3, 0x09c3,
    0x09c3, 0x09c3, 0x09c3, 0x09c3, 0x09c3, 0x09c3, 0x09c3, 0x09c3, 0x09c3, 0x09c3, 0x09c3, 0x09c3, 0x09c3, 0x09c3, 0x09c3, 0x09c3,
    0x09c3, 0x09c3, 0x09c3, 0x09c3, 0x09c3, 0x09c3, 0x09c3, 0x09c3, 0x09c3, 0x09c3, 0x09c3, 0x09c3, 0x09c3, 0x09c3, 0x09c3, 0x09c3,
    0x09c3, 0x09c3, 0x09c3, 0x09c3, 0x09c3, 0x09c3, 0x09c3, 0x09c3, 0x09c3, 0x09c3, 0x09c3, 0x09c3, 0x09c3, 0x09c3, 0x09c3, 0x09c3,
    0x09c3, 0x09c3, 0x09c3, 0x09c3, 0x09c3, 0x09c3, 0x09c3, 0x09c3, 0x09c3, 0x09c3, 0x09c3, 0x09c3, 0x09c3, 0x09c3, 0x09c3, 0x09c3,
    0x09c3, 0x09c3, 0x09c3, 0x0104, 0x0104, 0xf779, 0xf779, 0xf779, 0x0104, 0x0104, 0xf779, 0xf779, 0x0104, 0x0104, 0xf779, 0xf779,
    0x636c, 0x0104, 0xf779, 0xf779, 0xf779, 0x0104, 0xe6f7, 0xc614, 0x0104, 0x0104, 0x0104, 0x0104, 0xf779, 0x8c90, 0x4aea, 0x42a9,
    0x844f, 0xf779, 0xf779, 0x0104, 0x0104, 0xe718, 0xf779, 0xf779, 0xf779, 0xf779, 0xf779, 0x0104, 0x42a9, 0xf779, 0xf779, 0xf779,
    0xf779, 0x0104, 0x0104, 0x0104, 0x0104, 0xf779, 0xf779, 0xf779, 0xf779, 0x7c4f, 0x844f, 0xf779, 0xf779, 0xf779, 0xf779, 0xf779,
    0xf779, 0xf779, 0xf779, 0xf779, 0xf779, 0xf779, 0xf779, 0xf779, 0xf779, 0xf779, 0xf779, 0xf779, 0x0104, 0x09c3, 0x09c3, 0x09c3,
    0x09c3, 0x09c3, 0x09c3, 0x09c3, 0x09c3, 0x09c3, 0x09c3, 0x09c3, 0x09c3, 0x09c3, 0x09c3, 0x09c3, 0x09c3, 0x09c3, 0x09c3, 0x09c3,
    0x09c3, 0x09c3, 0x09c3, 0x09c3, 0x09c3, 0x09c3, 0x09c3, 0x09c3, 0x09c3, 0x09c3, 0x09c3, 0x09c3, 0x09c3, 0x09c3, 0x09c3, 0x09c3,
    0x09c3, 0x09c3, 0x09c3, 0x09c3, 0x09c3, 0x09c3, 0x09c3, 0x09c3, 0x09c3, 0x09c3, 0x09c3, 0x09c3, 0x09c3, 0x09c3, 0x09c3, 0x09c3,
    0x09c3, 0x09c3, 0x09c3, 0x09c3, 0x09c3, 0x09c3, 0x09c3, 0x09c3, 0x09c3, 0x09c3, 0x09c3, 0x09c3, 0x09c3, 0x09c3, 0x09c3, 0x09c3,
    0x09c3, 0x09c3, 0x09c3, 0x09c3, 0x09c3, 0x09c3, 0x09c3, 0x09c3, 0x09c3, 0x09c3, 0x09c3, 0x09c3, 0x09c3, 0x09c3, 0x09c3, 0x09c3,
    0x09c3, 0x09c3, 0x09c3, 0x09c3, 0x09c3, 0x09c3, 0x09c3, 0x09c3, 0x09c3, 0x09c3, 0x09c3, 0x09c3, 0x09c3, 0x09c3, 0x09c3, 0x09c3,
    0x09c3, 0x09c3, 0x09c3, 0x09c3, 0x09c3, 0x09c3, 0x09c3, 0x09c3, 0x09c3, 0x09c3, 0x09c3, 0x09c3, 0x09c3, 0x09c3, 0x09c3, 0x09c3,
    0x09c3, 0x09c3, 0x09c3, 0x09c3, 0x09c3, 0x09c3, 0x09c3, 0x09c3, 0x09c3, 0x09c3, 0x09c3, 0x09c3, 0x09c3, 0x09c3, 0x09c3, 0x09c3,
    0x09c3, 0x09c3, 0x09c3, 0x09c3, 0x09c3, 0x09c3, 0x09c3, 0x09c3, 0x09c3, 0x09c3, 0x09c3, 0x09c3, 0x09c3, 0x09c3, 0x09c3, 0x09c3,
    0x09c3, 0x09c3, 0x09c3, 0x09c3, 0x09c3, 0x09c3, 0x09c3, 0x09c3, 0x09c3, 0x09c3, 0x09c3, 0x09c3, 0x09c3, 0x09c3, 0x09c3, 0x09c3,
    0x09c3, 0x09c3, 0x09c3, 0x0104, 0xf779, 0xf779, 0xf779, 0x0104, 0x0104, 0x0104, 0xf779, 0xf779, 0x0104, 0x0104, 0xf779, 0xf779,
    0xe718, 0x0104, 0x0104, 0xf779, 0xf779, 0x0104, 0x0104, 0x0104, 0x0104, 0x0104, 0x0104, 0x0104, 0x0104, 0x0104, 0xf779, 0xf779,
    0xf779, 0xf779, 0xf779, 0x0104, 0x0104, 0x0104, 0x0924, 0x0104, 0x0904, 0xf779, 0x1165, 0x0104, 0xf779, 0xf779, 0xf779, 0xf779,
    0x0104, 0x0104, 0x0104, 0x0104, 0x0104, 0x0104, 0xf779, 0xf779, 0xf779, 0xf779, 0xf779, 0xf779, 0xe6f7, 0xf779, 0xf779, 0xf779,
    0xf779, 0xf779, 0xf779, 0xf779, 0xf779, 0xf779, 0xf779, 0xf779, 0xf779, 0xf779, 0xf779, 0xf779, 0x0104, 0x0104, 0x0104, 0x09c3,
    0x09c3, 0x09c3, 0x09c3, 0x09c3, 0x09c3, 0x09c3, 0x09c3, 0x09c3, 0x09c3, 0x09c3, 0x09c3, 0x09c3, 0x09c3, 0x09c3, 0x09c3, 0x09c3,
    0x09c3, 0x09c3, 0x09c3, 0x09c3, 0x09c3, 0x09c3, 0x09c3, 0x09c3, 0x09c3, 0x09c3, 0x09c3, 0x09c3, 0x09c3, 0x09c3, 0x09c3, 0x09c3,
    0x09c3, 0x09c3, 0x09c3, 0x09c3, 0x09c3, 0x09c3, 0x09c3, 0x09c3, 0x09c3, 0x09c3, 0x09c3, 0x09c3, 0x09c3, 0x09c3, 0x09c3, 0x09c3,
    0x09c3, 0x09c3, 0x09c3, 0x09c3, 0x09c3, 0x09c3, 0x09c3, 0x09c3, 0x09c3, 0x09c3, 0x09c3, 0x09c3, 0x09c3, 0x09c3, 0x09c3, 0x09c3,
    0x09c3, 0x09c3, 0x09c3, 0x09c3, 0x09c3, 0x09c3, 0x09c3, 0x09c3, 0x09c3, 0x09c3, 0x09c3, 0x09c3, 0x09c3, 0x09c3, 0x09c3, 0x09c3,
    0x09c4, 0x09c4, 0x09c4, 0x09c4, 0x09c4, 0x09c4, 0x09c4, 0x09c4, 0x09c4, 0x09c4, 0x09c4, 0x09c4, 0x09c4, 0x09c4, 0x09c4, 0x09c4,
    0x09c4, 0x09c4, 0x09c4, 0x09c4, 0x09c4, 0x09c4, 0x09c4, 0x09c4, 0x09c4, 0x09c4, 0x09c4, 0x09c4, 0x09c4, 0x09c4, 0x09c4, 0x09c4,
    0x09c4, 0x09c4, 0x09c4, 0x09c4, 0x09c4, 0x09c4, 0x09c4, 0x09c4, 0x09c4, 0x09c4, 0x09c4, 0x09c4, 0x09c4, 0x09c4, 0x09c4, 0x09c4,
    0x09c4, 0x09c4, 0x09c4, 0x09c4, 0x09c4, 0x09c4, 0x09c4, 0x09c4, 0x09c4, 0x09c4, 0x09c4, 0x09c4, 0x09c4, 0x09c4, 0x09c4, 0x09c4,
    0x09c4, 0x09c4, 0x09c4, 0x09c4, 0x09c4, 0x09c4, 0x09c4, 0x09c4, 0x09c4, 0x09c4, 0x09c4, 0x09c4, 0x09c4, 0x09c4, 0x09c4, 0x09c4,
    0x09c4, 0x09c4, 0x09c4, 0x0104, 0x0104, 0xce35, 0x0104, 0x0104, 0x0104, 0x0104, 0x29e7, 0x0104, 0x0104, 0x0104, 0x0104, 0x0104,
    0x0104, 0x0104, 0x0104, 0x21a6, 0x0904, 0x0104, 0x0104, 0x0104, 0x0104, 0x0104, 0x0104, 0x0104, 0x0104, 0x0104, 0xf779, 0xf779,
    0xe6f7, 0x94d0, 0x0104, 0x0104, 0x0104, 0x0104, 0x0104, 0x0104, 0x0104, 0x0104, 0x0104, 0x0104, 0x0104, 0xf759, 0x0104, 0x0104,
    0x0104, 0x0104, 0x0104, 0x0104, 0x0104, 0x0104, 0x0104, 0x0104, 0xad72, 0x0104, 0x0104, 0x844f, 0x0104, 0x1986, 0x2a07, 0x1986,
    0x0104, 0x0104, 0x0104, 0x0104, 0x0104, 0x0104, 0x0104, 0x0104, 0x0104, 0x0104, 0x0104, 0x0104, 0x0104, 0x0104, 0x0104, 0x09c4,
    0x09c4, 0x09c4, 0x09c4, 0x09c4, 0x09c4, 0x09c4, 0x09c4, 0x09c4, 0x09c4, 0x09c4, 0x09c4, 0x09c4, 0x09c4, 0x09c4, 0x09c4, 0x09c4,
    0x09c4, 0x09c4, 0x09c4, 0x09c4, 0x09c4, 0x09c4, 0x09c4, 0x09c4, 0x09c4, 0x09c4, 0x09c4, 0x09c4, 0x09c4, 0x09c4, 0x09c4, 0x09c4,
    0x09c4, 0x09c4, 0x09c4, 0x09c4, 0x09c4, 0x09c4, 0x09c4, 0x09c4, 0x09c4, 0x09c4, 0x09c4, 0x09c4, 0x09c4, 0x09c4, 0x09c4, 0x09c4,
    0x09c4, 0x09c4, 0x09c4, 0x09c4, 0x09c4, 0x09c4, 0x09c4, 0x09c4, 0x09c4, 0x09c4, 0x09c4, 0x09c4, 0x09c4, 0x09c4, 0x09c4, 0x09c4,
    0x09c4, 0x09c4, 0x09c4, 0x09c4, 0x09c4, 0x09c4, 0x09c4, 0x09c4, 0x09c4, 0x09c4, 0x09c4, 0x09c4, 0x09c4, 0x09c4, 0x09c4, 0x09c4,
    0x09c3, 0x09c3, 0x09c3, 0x09c3, 0x09c3, 0x09c3, 0x09c3, 0x09c3, 0x09c3, 0x09c3, 0x09c3, 0x09c3, 0x09c3, 0x09c3, 0x09c3, 0x09c3,
    0x09c3, 0x09c3, 0x09c3, 0x09c3, 0x09c3, 0x09c3, 0x09c3, 0x09c3, 0x09c3, 0x09c3, 0x09c3, 0x09c3, 0x09c3, 0x09c3, 0x09c3, 0x09c3,
    0x09c3, 0x09c3, 0x09c3, 0x09c3, 0x09c3, 0x09c3, 0x09c3, 0x09c3, 0x09c3, 0x09c3, 0x09c3, 0x09c3, 0x09c3, 0x09c3, 0x09c3, 0x09c3,
    0x09c3, 0x09c3, 0x09c3, 0x09c3, 0x09c3, 0x09c3, 0x09c3, 0x09c3, 0x09c3, 0x09c3, 0x09c3, 0x09c3, 0x09c3, 0x09c3, 0x09c3, 0x09c3,
    0x09c3, 0x09c3, 0x09c3, 0x09c3, 0x09c3, 0x09c3, 0x09c3, 0x09c3, 0x09c3, 0x09c3, 0x09c3, 0x09c3, 0x09c3, 0x09c3, 0x09c3, 0x09c3,
    0x09c3, 0x09c3, 0x09c3, 0x09c3, 0x0124, 0x0104, 0x0104, 0x0104, 0x0104, 0x0104, 0x0104, 0x0104, 0x0104, 0x0104, 0x0104, 0x0104,
    0x0104, 0x0104, 0x0104, 0x0104, 0x0104, 0x0104, 0x0104, 0x0104, 0x0104, 0x0104, 0x0104, 0x0964, 0x09c3, 0x0104, 0x0104, 0x0104,
    0x0104, 0x0104, 0x0104, 0x0104, 0x0104, 0x0104, 0x0104, 0x0104, 0x0104, 0x0104, 0x0104, 0x0104, 0x0104, 0x0104, 0x0104, 0x0104,
    0x0104, 0x0104, 0x0104, 0x0104, 0x09c3, 0x09c3, 0x0104, 0x0104, 0x0104, 0x0104, 0x0104, 0x0104, 0x0104, 0x0104, 0x0104, 0x0104,
    0x0104, 0x0104, 0x0104, 0x0104, 0x0104, 0x0104, 0x0104, 0x0104, 0x0104, 0x0104, 0x0104, 0x0104, 0x0104, 0x0104, 0x0104, 0x09c3,
    0x09c3, 0x09c3, 0x09c3, 0x09c3, 0x09c3, 0x09c3, 0x09c3, 0x09c3, 0x09c3, 0x09c3, 0x09c3, 0x09c3, 0x09c3, 0x09c3, 0x09c3, 0x09c3,
    0x09c3, 0x09c3, 0x09c3, 0x09c3, 0x09c3, 0x09c3, 0x09c3, 0x09c3, 0x09c3, 0x09c3, 0x09c3, 0x09c3, 0x09c3, 0x09c3, 0x09c3, 0x09c3,
    0x09c3, 0x09c3, 0x09c3, 0x09c3, 0x09c3, 0x09c3, 0x09c3, 0x09c3, 0x09c3, 0x09c3, 0x09c3, 0x09c3, 0x09c3, 0x09c3, 0x09c3, 0x09c3,
    0x09c3, 0x09c3, 0x09c3, 0x09c3, 0x09c3, 0x09c3, 0x09c3, 0x09c3, 0x09c3, 0x09c3, 0x09c3, 0x09c3, 0x09c3, 0x09c3, 0x09c3, 0x09c3,
    0x09c3, 0x09c3, 0x09c3, 0x09c3, 0x09c3, 0x09c3, 0x09c3, 0x09c3, 0x09c3, 0x09c3, 0x09c3, 0x09c3, 0x09c3, 0x09c3, 0x09c3, 0x09c3,
    0x09c4, 0x09c4, 0x09c4, 0x09c4, 0x09c4, 0x09c4, 0x09c4, 0x09c4, 0x09c4, 0x09c4, 0x09c4, 0x09c4, 0x09c4, 0x09c4, 0x09c4, 0x09c4,
    0x09c4, 0x09c4, 0x09c4, 0x09c4, 0x09c4, 0x09c4, 0x09c4, 0x09c4, 0x09c4, 0x09c4, 0x09c4, 0x09c4, 0x09c4, 0x09c4, 0x09c4, 0x09c4,
    0x09c4, 0x09c4, 0x09c4, 0x09c4, 0x09c4, 0x09c4, 0x09c4, 0x09c4, 0x09c4, 0x09c4, 0x09c4, 0x09c4, 0x09c4, 0x09c4, 0x09c4, 0x09c4,
    0x09c4, 0x09c4, 0x09c4, 0x09c4, 0x09c4, 0x09c4, 0x09c4, 0x09c4, 0x09c4, 0x09c4, 0x09c4, 0x09c4, 0x09c4, 0x09c4, 0x09c4, 0x09c4,
    0x09c4, 0x09c4, 0x09c4, 0x09c4, 0x09e4, 0x09e4, 0x09e4, 0x09e4, 0x09e4, 0x09e4, 0x09e4, 0x09e3, 0x09e3, 0x09e3, 0x09e4, 0x09e4,
    0x09e3, 0x09e4, 0x09e3, 0x09e3, 0x09e4, 0x0104, 0x0104, 0x0104, 0x0104, 0x0104, 0x09e3, 0x0104, 0x0104, 0x0104, 0x0104, 0x0104,
    0x0104, 0x0104, 0x0104, 0x0104, 0x0104, 0x0104, 0x0104, 0x0104, 0x0964, 0x09e4, 0x09e4, 0x09e4, 0x09e4, 0x09e4, 0x09e4, 0x0104,
    0x0104, 0x0104, 0x0104, 0x0104, 0x0104, 0x0104, 0x09e4, 0x0944, 0x0944, 0x0924, 0x0104, 0x0104, 0x0104, 0x0104, 0x0104, 0x0104,
    0x0104, 0x0104, 0x0104, 0x09e4, 0x09e4, 0x09e4, 0x09e4, 0x0104, 0x0104, 0x0104, 0x0104, 0x0104, 0x0104, 0x0104, 0x0104, 0x0104,
    0x0104, 0x0104, 0x0104, 0x0104, 0x0104, 0x0104, 0x0104, 0x0104, 0x0104, 0x0104, 0x0104, 0x0104, 0x0104, 0x0104, 0x0104, 0x0a04,
    0x0a04, 0x0a04, 0x0a04, 0x0a04, 0x09e4, 0x0a04, 0x09e4, 0x09e4, 0x09e4, 0x09e4, 0x09e4, 0x09e4, 0x09c4, 0x09c4, 0x09c4, 0x09c4,
    0x09c4, 0x09c4, 0x09c4, 0x09c4, 0x09c4, 0x09c4, 0x09c4, 0x09c4, 0x09c4, 0x09c4, 0x09c4, 0x09c4, 0x09c4, 0x09c4, 0x09c4, 0x09c4,
    0x09c4, 0x09c4, 0x09c4, 0x09c4, 0x09c4, 0x09c4, 0x09c4, 0x09c4, 0x09c4, 0x09c4, 0x09c4, 0x09c4, 0x09c4, 0x09c4, 0x09c4, 0x09c4,
    0x09c4, 0x09c4, 0x09c4, 0x09c4, 0x09c4, 0x09c4, 0x09c4, 0x09c4, 0x09c4, 0x09c4, 0x09c4, 0x09c4, 0x09c4, 0x09c4, 0x09c4, 0x09c4,
    0x09c4, 0x09c4, 0x09c4, 0x09c4, 0x09c4, 0x09c4, 0x09c4, 0x09c4, 0x09c4, 0x09c4, 0x09c4, 0x09c4, 0x09c4, 0x09c4, 0x09c4, 0x09c4,
    0x09c4, 0x09c4, 0x09c4, 0x09c4, 0x09c4, 0x09c4, 0x09c4, 0x09c4, 0x09c4, 0x09c4, 0x09c4, 0x09c4, 0x09c4, 0x09c4, 0x09c4, 0x09c4,
    0x09c4, 0x09c4, 0x09c4, 0x09c4, 0x09c4, 0x09c4, 0x09c4, 0x09c4, 0x09c4, 0x09c4, 0x09c4, 0x09c4, 0x09c4, 0x09c4, 0x09c4, 0x09c4,
    0x09c4, 0x09c4, 0x09c4, 0x09c4, 0x09c4, 0x09c4, 0x09c4, 0x09c4, 0x09c4, 0x09c4, 0x09c4, 0x09c4, 0x09c4, 0x09c4, 0x09c4, 0x09c4,
    0x09c4, 0x09c4, 0x09c4, 0x09c4, 0x09c4, 0x09c4, 0x09c4, 0x09c4, 0x09c4, 0x09c4, 0x09c4, 0x09c4, 0x09c4, 0x09c4, 0x09c4, 0x09c4,
    0x09c4, 0x09c4, 0x09c4, 0x09c4, 0x09e4, 0x09e4, 0x09e4, 0x09e4, 0x09e4, 0x09e3, 0x09e3, 0x09e4, 0x09e4, 0x09e4, 0x09e4, 0x09e4,
    0x09e4, 0x09e3, 0x09e3, 0x09e3, 0x09e3, 0x0984, 0x0104, 0x0104, 0x0104, 0x0124, 0x09c3, 0x0104, 0x0104, 0x0104, 0x0124, 0x0104,
    0x0104, 0x0104, 0x0104, 0x09e4, 0x0924, 0x0124, 0x0124, 0x0124, 0x09e4, 0x09e4, 0x09e4, 0x09e4, 0x09e4, 0x0a04, 0x09e4, 0x0104,
    0x0104, 0x0104, 0x0104, 0x0104, 0x0104, 0x09a4, 0x09e3, 0x09e4, 0x09c3, 0x09e4, 0x09c4, 0x09c4, 0x09c4, 0x09c4, 0x0104, 0x0104,
    0x0104, 0x0104, 0x09e4, 0x09e4, 0x09e4, 0x09e4, 0x09e4, 0x09e4, 0x0964, 0x0104, 0x0104, 0x0104, 0x0104, 0x0104, 0x0104, 0x0104,
    0x0104, 0x0104, 0x0104, 0x0944, 0x09e4, 0x09e4, 0x09e4, 0x09e4, 0x09e4, 0x09e4, 0x0a04, 0x0a04, 0x09e4, 0x09e4, 0x09e4, 0x09e4,
    0x09e4, 0x09e4, 0x09e4, 0x09e4, 0x09e4, 0x0a04, 0x0a04, 0x09e4, 0x09e4, 0x09e4, 0x09e4, 0x09e4, 0x09c4, 0x09c4, 0x09c4, 0x09c4,
    0x09c4, 0x09c4, 0x09c4, 0x09c4, 0x09c4, 0x09c4, 0x09c4, 0x09c4, 0x09c4, 0x09c4, 0x09c4, 0x09c4, 0x09c4, 0x09c4, 0x09c4, 0x09c4,
    0x09c4, 0x09c4, 0x09c4, 0x09c4, 0x09c4, 0x09c4, 0x09c4, 0x09c4, 0x09c4, 0x09c4, 0x09c4, 0x09c4, 0x09c4, 0x09c4, 0x09c4, 0x09c4,
    0x09c4, 0x09c4, 0x09c4, 0x09c4, 0x09c4, 0x09c4, 0x09c4, 0x09c4, 0x09c4, 0x09c4, 0x09c4, 0x09c4, 0x09c4, 0x09c4, 0x09c4, 0x09c4,
    0x09c4, 0x09c4, 0x09c4, 0x09c4, 0x09c4, 0x09c4, 0x09c4, 0x09c4, 0x09c4, 0x09c4, 0x09c4, 0x09c4, 0x09c4, 0x09c4, 0x09c4, 0x09c4,
    0x09c3, 0x09c3, 0x09c3, 0x09c3, 0x09c3, 0x09c3, 0x09c3, 0x09c3, 0x09c3, 0x09c3, 0x09c3, 0x09c3, 0x09c3, 0x09c3, 0x09c3, 0x09c3,
    0x09c3, 0x09c3, 0x09c3, 0x09c3, 0x09c3, 0x09c3, 0x09c3, 0x09c3, 0x09c3, 0x09c3, 0x09c3, 0x09c3, 0x09c3, 0x09c3, 0x09c3, 0x09c3,
    0x09c3, 0x09c3, 0x09c3, 0x09c3, 0x09c3, 0x09c3, 0x09c3, 0x09c3, 0x09c3, 0x09c3, 0x09c3, 0x09c3, 0x09c3, 0x09c3, 0x09c3, 0x09c3,
    0x09c3, 0x09c3, 0x09c3, 0x09c3, 0x09c3, 0x09c3, 0x09c3, 0x09c3, 0x09c3, 0x09c3, 0x09c3, 0x09c3, 0x09c3, 0x09c3, 0x09c3, 0x09c3,
    0x09c3, 0x09c3, 0x09c3, 0x09c3, 0x09e4, 0x09e4, 0x09e4, 0x09e3, 0x09e4, 0x09c3, 0x09c4, 0x09e4, 0x0a04, 0x09e3, 0x0a03, 0x09e3,
    0x09e3, 0x09e3, 0x09e3, 0x09e3, 0x09e3, 0x01e3, 0x01e3, 0x01e3, 0x09e3, 0x0a04, 0x09e4, 0x09e4, 0x09c3, 0x09c4, 0x09e4, 0x09e4,
    0x09e4, 0x09e4, 0x09e4, 0x09e4, 0x09e4, 0x09e4, 0x09e4, 0x09e4, 0x09e4, 0x09e4, 0x09e4, 0x09e4, 0x09e4, 0x09e4, 0x09e4, 0x09e4,
    0x09e4, 0x09e4, 0x09e4, 0x09e4, 0x09e4, 0x09e4, 0x09e4, 0x09e4, 0x09c3, 0x09e4, 0x09e4, 0x09e4, 0x09c3, 0x09e4, 0x09e4, 0x09e4,
    0x09e3, 0x09e4, 0x09e4, 0x09e4, 0x09e4, 0x09e4, 0x09e4, 0x09e4, 0x09e4, 0x09e4, 0x09e4, 0x09e4, 0x09e4, 0x09e4, 0x09e4, 0x09e4,
    0x09e4, 0x09e4, 0x09e4, 0x09e4, 0x09e4, 0x09e4, 0x09e4, 0x09e4, 0x09e4, 0x09e4, 0x09e4, 0x09e4, 0x09e4, 0x09e4, 0x09e4, 0x09e4,
    0x09e4, 0x09e4, 0x09e4, 0x09e4, 0x09e4, 0x09e4, 0x09e4, 0x09e4, 0x09e4, 0x09e4, 0x09e4, 0x09e4, 0x09c3, 0x09c3, 0x09c3, 0x09c3,
    0x09c3, 0x09c3, 0x09c3, 0x09c3, 0x09c3, 0x09c3, 0x09c3, 0x09c3, 0x09c3, 0x09c3, 0x09c3, 0x09c3, 0x09c3, 0x09c3, 0x09c3, 0x09c3,
    0x09c3, 0x09c3, 0x09c3, 0x09c3, 0x09c3, 0x09c3, 0x09c3, 0x09c3, 0x09c3, 0x09c3, 0x09c3, 0x09c3, 0x09c3, 0x09c3, 0x09c3, 0x09c3,
    0x09c3, 0x09c3, 0x09c3, 0x09c3, 0x09c3, 0x09c3, 0x09c3, 0x09c3, 0x09c3, 0x09c3, 0x09c3, 0x09c3, 0x09c3, 0x09c3, 0x09c3, 0x09c3,
    0x09c3, 0x09c3, 0x09c3, 0x09c3, 0x09c3, 0x09c3, 0x09c3, 0x09c3, 0x09c3, 0x09c3, 0x09c3, 0x09c3, 0x09c3, 0x09c3, 0x09c3, 0x09c3,
    0x09c3, 0x09c3, 0x09c3, 0x09c3, 0x09c3, 0x09c3, 0x09c3, 0x09c3, 0x09c3, 0x09c3, 0x09c3, 0x09c3, 0x09c3, 0x09c3, 0x09c3, 0x09c3,
    0x09c3, 0x09c3, 0x09c3, 0x09c3, 0x09c3, 0x09c3, 0x09c3, 0x09c3, 0x09c3, 0x09c3, 0x09c3, 0x09c3, 0x09c3, 0x09c3, 0x09c3, 0x09c3,
    0x09c3, 0x09c3, 0x09c3, 0x09c3, 0x09c3, 0x09c3, 0x09c3, 0x09c3, 0x09c3, 0x09c3, 0x09c3, 0x09c3, 0x09c3, 0x09c3, 0x09c3, 0x09c3,
    0x09c3, 0x09c3, 0x09c3, 0x09c3, 0x09c3, 0x09c3, 0x09c3, 0x09c3, 0x09c3, 0x09c3, 0x09c3, 0x09c3, 0x09c3, 0x09c3, 0x09c3, 0x09c3,
    0x09c3, 0x09c3, 0x09c3, 0x09c3, 0x09e4, 0x09c4, 0x09e3, 0x09e4, 0x09e3, 0x09e3, 0x09c4, 0x09e3, 0x3a64, 0xfcc3, 0xfca3, 0xfca3,
    0xfca3, 0xfca3, 0xfc83, 0xfc83, 0xfca3, 0xfca3, 0xfca3, 0xfca3, 0xfca3, 0xfca3, 0xfc82, 0x3224, 0x09a3, 0x09e4, 0x09e4, 0x09e4,
    0x09e4, 0x09e4, 0x09e4, 0x09e4, 0x09e4, 0x09c4, 0x09e4, 0x09e4, 0x09e4, 0x09e4, 0x09e4, 0x09e4, 0x09e4, 0x09e4, 0x09e4, 0x09e4,
    0x09e4, 0x09e4, 0x09e4, 0x09e4, 0x09e4, 0x09e4, 0x09e4, 0x09e4, 0x09e4, 0x09e4, 0x09e4, 0x09e4, 0x09e4, 0x09e4, 0x09e4, 0x09e4,
    0x09e4, 0x09e4, 0x09e4, 0x09e4, 0x09e4, 0x09e4, 0x09e4, 0x09e4, 0x09e4, 0x09e4, 0x09e4, 0x09e4, 0x09e4, 0x09e4, 0x09e4, 0x09e4,
    0x09e4, 0x09e4, 0x09e4, 0x09e4, 0x09e4, 0x09e4, 0x09e4, 0x09e4, 0x09e4, 0x09e4, 0x09e4, 0x09e4, 0x09e4, 0x09e4, 0x09e4, 0x09e4,
    0x09e4, 0x09e4, 0x09e4, 0x09e4, 0x09e4, 0x09e4, 0x09e4, 0x09e4, 0x09e4, 0x09e4, 0x09e4, 0x09e4, 0x09c3, 0x09c3, 0x09c3, 0x09c3,
    0x09c3, 0x09c3, 0x09c3, 0x09c3, 0x09c3, 0x09c3, 0x09c3, 0x09c3, 0x09c3, 0x09c3, 0x09c3, 0x09c3, 0x09c3, 0x09c3, 0x09c3, 0x09c3,
    0x09c3, 0x09c3, 0x09c3, 0x09c3, 0x09c3, 0x09c3, 0x09c3, 0x09c3, 0x09c3, 0x09c3, 0x09c3, 0x09c3, 0x09c3, 0x09c3, 0x09c3, 0x09c3,
    0x09c3, 0x09c3, 0x09c3, 0x09c3, 0x09c3, 0x09c3, 0x09c3, 0x09c3, 0x09c3, 0x09c3, 0x09c3, 0x09c3, 0x09c3, 0x09c3, 0x09c3, 0x09c3,
    0x09c3, 0x09c3, 0x09c3, 0x09c3, 0x09c3, 0x09c3, 0x09c3, 0x09c3, 0x09c3, 0x09c3, 0x09c3, 0x09c3, 0x09c3, 0x09c3, 0x09c3, 0x09c3,
    0x09c3, 0x09c3, 0x09c3, 0x09c3, 0x09c3, 0x09c3, 0x09c3, 0x09c3, 0x09c3, 0x09c3, 0x09c3, 0x09c3, 0x09c3, 0x09c3, 0x09c3, 0x09c3,
    0x09c3, 0x09c3, 0x09c3, 0x09c3, 0x09c3, 0x09c3, 0x09c3, 0x09c3, 0x09c3, 0x09c3, 0x09c3, 0x09c3, 0x09c3, 0x09c3, 0x09c3, 0x09c3,
    0x09c3, 0x09c3, 0x09c3, 0x09c3, 0x09c3, 0x09c3, 0x09c3, 0x09c3, 0x09c3, 0x09c3, 0x09c3, 0x09c3, 0x09c3, 0x09c3, 0x09c3, 0x09c3,
    0x09c3, 0x09c3, 0x09c3, 0x09c3, 0x09c3, 0x09c3, 0x09c3, 0x09c3, 0x09c3, 0x09c3, 0x09c3, 0x09c3, 0x09c3, 0x09c3, 0x09c3, 0x09c3,
    0x09c3, 0x09c3, 0x09c3, 0x09c3, 0x09c3, 0x09e4, 0x09e3, 0x09e3, 0x09e4, 0x09e4, 0x09c4, 0x848e, 0xff78, 0xff79, 0xff79, 0xff79,
    0xff79, 0xff79, 0xff79, 0xff79, 0xff79, 0xff79, 0xff79, 0xff79, 0xff79, 0xff79, 0xff57, 0xff58, 0x4b6a, 0x09e4, 0x09e4, 0x09e4,
    0x09e4, 0x09e4, 0x09e4, 0x09e4, 0x09e4, 0x09e4, 0x09e4, 0x09e4, 0x09e4, 0x09e4, 0x09e4, 0x09e4, 0x09e4, 0x09e4, 0x09e4, 0x09e4,
    0x09e4, 0x09e4, 0x09e4, 0x09e4, 0x09c4, 0x09e4, 0x09e4, 0x09e4, 0x09c4, 0x09c4, 0x09e4, 0x09e4, 0x09e4, 0x09e4, 0x09e4, 0x09e4,
    0x09e4, 0x09e4, 0x09e4, 0x09e4, 0x09e4, 0x09e4, 0x09e4, 0x09e4, 0x09e4, 0x09e4, 0x09e4, 0x09e4, 0x09e4, 0x09e4, 0x09e4, 0x09e4,
    0x09e4, 0x09e4, 0x09e4, 0x09e4, 0x09e4, 0x09e4, 0x09e4, 0x09e4, 0x09e4, 0x09e4, 0x09e4, 0x09e4, 0x09e4, 0x09e4, 0x09e4, 0x09e4,
    0x09e4, 0x09e4, 0x09e4, 0x09e4, 0x09e4, 0x09e4, 0x09e4, 0x09e4, 0x09e4, 0x09e4, 0x09e4, 0x09e4, 0x09c3, 0x09c3, 0x09c3, 0x09c3,
    0x09c3, 0x09c3, 0x09c3, 0x09c3, 0x09c3, 0x09c3, 0x09c3, 0x09c3, 0x09c3, 0x09c3, 0x09c3, 0x09c3, 0x09c3, 0x09c3, 0x09c3, 0x09c3,
    0x09c3, 0x09c3, 0x09c3, 0x09c3, 0x09c3, 0x09c3, 0x09c3, 0x09c3, 0x09c3, 0x09c3, 0x09c3, 0x09c3, 0x09c3, 0x09c3, 0x09c3, 0x09c3,
    0x09c3, 0x09c3, 0x09c3, 0x09c3, 0x09c3, 0x09c3, 0x09c3, 0x09c3, 0x09c3, 0x09c3, 0x09c3, 0x09c3, 0x09c3, 0x09c3, 0x09c3, 0x09c3,
    0x09c3, 0x09c3, 0x09c3, 0x09c3, 0x09c3, 0x09c3, 0x09c3, 0x09c3, 0x09c3, 0x09c3, 0x09c3, 0x09c3, 0x09c3, 0x09c3, 0x09c3, 0x09c3,
    0x09c3, 0x09c3, 0x09c3, 0x09c3, 0x09c3, 0x09c3, 0x09c3, 0x09c3, 0x09c3, 0x09c3, 0x09c3, 0x09c3, 0x09c3, 0x09c3, 0x09c3, 0x09c3,
    0x09c3, 0x09c3, 0x09c3, 0x09c3, 0x09c3, 0x09c3, 0x09c3, 0x09c3, 0x09c3, 0x09c3, 0x09c3, 0x09c3, 0x09c3, 0x09c3, 0x09c3, 0x09c3,
    0x09c3, 0x09c3, 0x09c3, 0x09c3, 0x09c3, 0x09c3, 0x09c3, 0x09c3, 0x09c3, 0x09c3, 0x09c3, 0x09c3, 0x09c3, 0x09c3, 0x09c3, 0x09c3,
    0x09c3, 0x09c3, 0x09c3, 0x09c3, 0x09c3, 0x09c3, 0x09c3, 0x09c3, 0x09c3, 0x09c3, 0x09c3, 0x09c3, 0x09c3, 0x09c3, 0x09c3, 0x09c3,
    0x09c3, 0x09c3, 0x09c3, 0x09c3, 0x09e4, 0x09e4, 0x09e3, 0x09e4, 0x09e4, 0x09e4, 0x09c3, 0x744d, 0xff9a, 0x09a3, 0x01a3, 0x01a3,
    0x01a3, 0x01a3, 0x09c3, 0x01c3, 0x01a3, 0x01a3, 0x01c3, 0x09c3, 0x09c3, 0x01a3, 0x0183, 0xff79, 0x538a, 0x09e4, 0x09e4, 0x09e4,
    0x09e4, 0x09e4, 0x09e4, 0x09e4, 0x09e4, 0x09e4, 0x09e4, 0x09e4, 0x09e4, 0x09e4, 0x09e4, 0x09e4, 0x09e4, 0x09e4, 0x09e4, 0x09e4,
    0x09e4, 0x09e4, 0x09e4, 0x09e4, 0x09e4, 0x09e4, 0x09e4, 0x09e4, 0x09e4, 0x09e4, 0x09e4, 0x09e4, 0x09e4, 0x09e4, 0x09e4, 0x09e4,
    0x09e4, 0x09e4, 0x09e4, 0x09e4, 0x09e4, 0x09e4, 0x09e4, 0x09e4, 0x09e4, 0x09e4, 0x09e4, 0x09e4, 0x09e3, 0x09e4, 0x09e4, 0x09e4,
    0x09e4, 0x09e4, 0x09e4, 0x09e4, 0x09e4, 0x09e4, 0x09c3, 0x09c3, 0x09c3, 0x09c3, 0x09e4, 0x09e4, 0x09e4, 0x09e4, 0x09e4, 0x09e4,
    0x09e4, 0x09e4, 0x09e4, 0x09e4, 0x09e4, 0x09e4, 0x09e4, 0x09e4, 0x09e4, 0x09e4, 0x09e4, 0x09e4, 0x09c3, 0x09c3, 0x09c3, 0x09c3,
    0x09c3, 0x09c3, 0x09c3, 0x09c3, 0x09c3, 0x09c3, 0x09c3, 0x09c3, 0x09c3, 0x09c3, 0x09c3, 0x09c3, 0x09c3, 0x09c3, 0x09c3, 0x09c3,
    0x09c3, 0x09c3, 0x09c3, 0x09c3, 0x09c3, 0x09c3, 0x09c3, 0x09c3, 0x09c3, 0x09c3, 0x09c3, 0x09c3, 0x09c3, 0x09c3, 0x09c3, 0x09c3,
    0x09c3, 0x09c3, 0x09c3, 0x09c3, 0x09c3, 0x09c3, 0x09c3, 0x09c3, 0x09c3, 0x09c3, 0x09c3, 0x09c3, 0x09c3, 0x09c3, 0x09c3, 0x09c3,
    0x09c3, 0x09c3, 0x09c3, 0x09c3, 0x09c3, 0x09c3, 0x09c3, 0x09c3, 0x09c3, 0x09c3, 0x09c3, 0x09c3, 0x09c3, 0x09c3, 0x09c3, 0x09c3,
    0x09c3, 0x09c3, 0x09c3, 0x09c3, 0x09c3, 0x09c3, 0x09c3, 0x09c3, 0x09c3, 0x09c3, 0x09c3, 0x09c3, 0x09c3, 0x09c3, 0x09c3, 0x09c3,
    0x09c3, 0x09c3, 0x09c3, 0x09c3, 0x09c3, 0x09c3, 0x09c3, 0x09c3, 0x09c3, 0x09c3, 0x09c3, 0x09c3, 0x09c3, 0x09c3, 0x09c3, 0x09c3,
    0x09c3, 0x09c3, 0x09c3, 0x09c3, 0x09c3, 0x09c3, 0x09c3, 0x09c3, 0x09c3, 0x09c3, 0x09c3, 0x09c3, 0x09c3, 0x09c3, 0x09c3, 0x09c3,
    0x09c3, 0x09c3, 0x09c3, 0x09c3, 0x09c3, 0x09c3, 0x09c3, 0x09c3, 0x09c3, 0x09c3, 0x09c3, 0x09c3, 0x09c3, 0x09c3, 0x09c3, 0x09c3,
    0x09c3, 0x09c3, 0x09c3, 0x09c3, 0x09e4, 0x09e4, 0x09e4, 0x09e4, 0x09e3, 0x09e3, 0x09c3, 0x7c6d, 0xff99, 0x09e4, 0x09c4, 0x09c3,
    0x09c3, 0x09c3, 0x09c3, 0x09c3, 0x09c3, 0x09e4, 0x09c3, 0x09c3, 0x09e4, 0x09e4, 0x09e4, 0xff9a, 0x536a, 0x09c4, 0x09e4, 0x09e4,
    0x09e4, 0x09e4, 0x09e4, 0x09e4, 0x09c4, 0x09e4, 0x09e4, 0x09c3, 0x09e4, 0x09e4, 0x09e4, 0x09e4, 0x09e4, 0x0a04, 0x09e4, 0x09e4,
    0x09e4, 0x09e4, 0x09e4, 0x09e4, 0x09e4, 0x09c4, 0x09e4, 0x09e4, 0x09e4, 0x09e4, 0x09e4, 0x09e4, 0x09e4, 0x09e4, 0x09e4, 0x09e4,
    0x09e4, 0x09e4, 0x09e4, 0x09e4, 0x09e4, 0x09e4, 0x09e4, 0x09e4, 0x09e4, 0x09e4, 0x09e4, 0x09e4, 0x09e4, 0x09e4, 0x09e4, 0x09e4,
    0x09e4, 0x09e4, 0x09e4, 0x09e4, 0x09e4, 0x09c3, 0x09e3, 0x09c3, 0x09c3, 0x09e4, 0x09e4, 0x09e4, 0x09e4, 0x09e4, 0x09e4, 0x09e4,
    0x09e4, 0x09e4, 0x09e4, 0x09e4, 0x09e4, 0x09e4, 0x09e4, 0x09e4, 0x09e4, 0x09e4, 0x09e4, 0x09e4, 0x09c3, 0x09c3, 0x09c3, 0x09c3,
    0x09c3, 0x09c3, 0x09c3, 0x09c3, 0x09c3, 0x09c3, 0x09c3, 0x09c3, 0x09c3, 0x09c3, 0x09c3, 0x09c3, 0x09c3, 0x09c3, 0x09c3, 0x09c3,
    0x09c3, 0x09c3, 0x09c3, 0x09c3, 0x09c3, 0x09c3, 0x09c3, 0x09c3, 0x09c3, 0x09c3, 0x09c3, 0x09c3, 0x09c3, 0x09c3, 0x09c3, 0x09c3,
    0x09c3, 0x09c3, 0x09c3, 0x09c3, 0x09c3, 0x09c3, 0x09c3, 0x09c3, 0x09c3, 0x09c3, 0x09c3, 0x09c3, 0x09c3, 0x09c3, 0x09c3, 0x09c3,
    0x09c3, 0x09c3, 0x09c3, 0x09c3, 0x09c3, 0x09c3, 0x09c3, 0x09c3, 0x09c3, 0x09c3, 0x09c3, 0x09c3, 0x09c3, 0x09c3, 0x09c3, 0x09c3,
    0x09c3, 0x09c3, 0x09c3, 0x09c3, 0x09c3, 0x09c3, 0x09c3, 0x09c3, 0x09c3, 0x09c3, 0x09c3, 0x09c3, 0x09c3, 0x09c3, 0x09c3, 0x09c3,
    0x09c3, 0x09c3, 0x09c3, 0x09c3, 0x09c3, 0x09c3, 0x09c3, 0x09c3, 0x09c3, 0x09c3, 0x09c3, 0x09c3, 0x09c3, 0x09c3, 0x09c3, 0x09c3,
    0x09c3, 0x09c3, 0x09c3, 0x09c3, 0x09c3, 0x09c3, 0x09c3, 0x09c3, 0x09c3, 0x09c3, 0x09c3, 0x09c3, 0x09c3, 0x09c3, 0x09c3, 0x09c3,
    0x09c3, 0x09c3, 0x09c3, 0x09c3, 0x09c3, 0x09c3, 0x09c3, 0x09c3, 0x09c3, 0x09c3, 0x09c3, 0x09c3, 0x09c3, 0x09c3, 0x09c3, 0x09c3,
    0x09c3, 0x09c3, 0x09c3, 0x09c3, 0x09c4, 0x09e4, 0x09e4, 0x09e4, 0x09e3, 0x09e3, 0x09e4, 0x848e, 0xff99, 0x09c4, 0x09c4, 0x09c4,
    0x09e4, 0x09c4, 0x09c4, 0x09c4, 0x09c4, 0x09e3, 0x09e4, 0x09c4, 0x09c3, 0x09c3, 0x09e4, 0xff79, 0x536a, 0x09c4, 0x09e4, 0x09e4,
    0x09e4, 0x09e4, 0x09e4, 0x09e4, 0x09c4, 0x09e3, 0x09c4, 0x09c3, 0x09c4, 0x09c4, 0x09e4, 0x09c4, 0xff7a, 0xff9a, 0xff7a, 0xff7a,
    0xff9a, 0xff9a, 0xff7b, 0x4b29, 0x09c4, 0x09e4, 0x09e4, 0x09e4, 0x09e4, 0x09e4, 0x09e4, 0x09e4, 0x09e4, 0x09e4, 0x09e4, 0x09e4,
    0x09e4, 0x09e4, 0x09e4, 0x09e4, 0x09e4, 0x09e4, 0x09e4, 0x09e4, 0x09e4, 0x09e4, 0x09e4, 0x09e4, 0x09e4, 0x09e4, 0x09e4, 0x09e4,
    0x09e4, 0x09e4, 0x09e4, 0x09e4, 0x09e4, 0x09e4, 0x09e4, 0x09e4, 0x09e3, 0x09e4, 0x09e4, 0x09e4, 0x09e4, 0x09e4, 0x09e4, 0x09e4,
    0x09e3, 0x09e4, 0x09e4, 0x09e4, 0x09e4, 0x09e4, 0x09e4, 0x09e4, 0x09e4, 0x09e4, 0x09c4, 0x09e4, 0x09c3, 0x09c3, 0x09c3, 0x09c3,
    0x09c3, 0x09c3, 0x09c3, 0x09c3, 0x09c3, 0x09c3, 0x09c3, 0x09c3, 0x09c3, 0x09c3, 0x09c3, 0x09c3, 0x09c3, 0x09c3, 0x09c3, 0x09c3,
    0x09c3, 0x09c3, 0x09c3, 0x09c3, 0x09c3, 0x09c3, 0x09c3, 0x09c3, 0x09c3, 0x09c3, 0x09c3, 0x09c3, 0x09c3, 0x09c3, 0x09c3, 0x09c3,
    0x09c3, 0x09c3, 0x09c3, 0x09c3, 0x09c3, 0x09c3, 0x09c3, 0x09c3, 0x09c3, 0x09c3, 0x09c3, 0x09c3, 0x09c3, 0x09c3, 0x09c3, 0x09c3,
    0x09c3, 0x09c3, 0x09c3, 0x09c3, 0x09c3, 0x09c3, 0x09c3, 0x09c3, 0x09c3, 0x09c3, 0x09c3, 0x09c3, 0x09c3, 0x09c3, 0x09c3, 0x09c3,
    0x09c3, 0x09c3, 0x09c3, 0x09c3, 0x09c3, 0x09c3, 0x09c3, 0x09c3, 0x09c3, 0x09c3, 0x09c3, 0x09c3, 0x09c3, 0x09c3, 0x09c3, 0x09c3,
    0x09c3, 0x09c3, 0x09c3, 0x09c3, 0x09c3, 0x09c3, 0x09c3, 0x09c3, 0x09c3, 0x09c3, 0x09c3, 0x09c3, 0x09c3, 0x09c3, 0x09c3, 0x09c3,
    0x09c3, 0x09c3, 0x09c3, 0x09c3, 0x09c3, 0x09c3, 0x09c3, 0x09c3, 0x09c3, 0x09c3, 0x09c3, 0x09c3, 0x09c3, 0x09c3, 0x09c3, 0x09c3,
    0x09c3, 0x09c3, 0x09c3, 0x09c3, 0x09c3, 0x09c3, 0x09c3, 0x09c3, 0x09c3, 0x09c3, 0x09c3, 0x09c3, 0x09c3, 0x09c3, 0x09c3, 0x09c3,
    0x09c3, 0x09c3, 0x09c3, 0x09c3, 0x09c3, 0x09c4, 0x09e4, 0x09e4, 0x09e4, 0x09e4, 0x09c3, 0x7c8e, 0xff99, 0x09c4, 0x09c4, 0x09c4,
    0x09c4, 0x09c4, 0x09c4, 0x09c3, 0x09c4, 0x09c3, 0x09c3, 0x09c3, 0x09c3, 0x09e3, 0x09e4, 0xff79, 0x536a, 0x09c4, 0x09c4, 0x09e4,
    0x09e4, 0x09e4, 0x09e4, 0x09e4, 0x09c4, 0x09c4, 0x09c4, 0x09c3, 0x09c4, 0x8ccf, 0xffb9, 0xffdb, 0xff9a, 0xff79, 0xff79, 0xff79,
    0xff99, 0xff99, 0xff79, 0xff99, 0xffdb, 0xffbc, 0x09e4, 0x09c4, 0x09e4, 0x09e4, 0x09e4, 0x09e4, 0x09e4, 0x09e4, 0x09e4, 0x09e4,
    0x09e4, 0x09e4, 0x09e4, 0x09e4, 0x09e4, 0x09e4, 0x09e4, 0x09e4, 0x0a04, 0x0a04, 0x0a04, 0x09e4, 0x09e4, 0x09e4, 0x09e4, 0x09e4,
    0x09e4, 0x09e4, 0x09e4, 0x09c4, 0x09e4, 0x09c3, 0x09e4, 0x09e4, 0x09e4, 0x09e4, 0x09e4, 0x09e4, 0x09e4, 0x09e4, 0x09e4, 0x09e4,
    0x09e4, 0x09e4, 0x09e4, 0x09e4, 0x09e4, 0x09e4, 0x09e4, 0x09e4, 0x09c4, 0x09c4, 0x09c3, 0x09e4, 0x09c3, 0x09c3, 0x09c3, 0x09c3,
    0x09c3, 0x09c3, 0x09c3, 0x09c3, 0x09c3, 0x09c3, 0x09c3, 0x09c3, 0x09c3, 0x09c3, 0x09c3, 0x09c3, 0x09c3, 0x09c3, 0x09c3, 0x09c3,
    0x09c3, 0x09c3, 0x09c3, 0x09c3, 0x09c3, 0x09c3, 0x09c3, 0x09c3, 0x09c3, 0x09c3, 0x09c3, 0x09c3, 0x09c3, 0x09c3, 0x09c3, 0x09c3,
    0x09c3, 0x09c3, 0x09c3, 0x09c3, 0x09c3, 0x09c3, 0x09c3, 0x09c3, 0x09c3, 0x09c3, 0x09c3, 0x09c3, 0x09c3, 0x09c3, 0x09c3, 0x09c3,
    0x09c3, 0x09c3, 0x09c3, 0x09c3, 0x09c3, 0x09c3, 0x09c3, 0x09c3, 0x09c3, 0x09c3, 0x09c3, 0x09c3, 0x09c3, 0x09c3, 0x09c3, 0x09c3,
    0x09c4, 0x09c4, 0x09c4, 0x09c4, 0x09c4, 0x09c4, 0x09c4, 0x09c4, 0x09c4, 0x09c4, 0x09c4, 0x09c4, 0x09c4, 0x09c4, 0x09c4, 0x09c4,
    0x09c4, 0x09c4, 0x09c4, 0x09c4, 0x09c4, 0x09c4, 0x09c4, 0x09c4, 0x09c4, 0x09c4, 0x09c4, 0x09c4, 0x09c4, 0x09c4, 0x09c4, 0x09c4,
    0x09c4, 0x09c4, 0x09c4, 0x09c4, 0x09c4, 0x09c4, 0x09c4, 0x09c4, 0x09c4, 0x09c4, 0x09c4, 0x09c4, 0x09c4, 0x09c4, 0x09c4, 0x09c4,
    0x09c4, 0x09c4, 0x09c4, 0x09c4, 0x09c4, 0x09c4, 0x09c4, 0x09c4, 0x09c4, 0x09c4, 0x09c4, 0x09c4, 0x09c4, 0x09c4, 0x09c4, 0x09c4,
    0x09c4, 0x09c4, 0x09c4, 0x09c4, 0x09c4, 0x09e4, 0x09e4, 0x09e4, 0x09e4, 0x09c3, 0x09e3, 0x84af, 0xff99, 0x09c4, 0x09c4, 0x09c4,
    0x09c4, 0x09c4, 0x09c4, 0x09c4, 0x09c4, 0x09c4, 0x09c3, 0x09c3, 0x09c3, 0x09e4, 0x09e4, 0xff79, 0x5b8a, 0x09c4, 0x09e4, 0x09e4,
    0x09e4, 0x09e4, 0x09e4, 0x09e4, 0x09e4, 0x09e4, 0x09e4, 0x09c4, 0x4b6a, 0xff78, 0xff78, 0xff79, 0xff7a, 0xff79, 0xff79, 0xff79,
    0xff7a, 0xff79, 0xff79, 0xff99, 0xff9a, 0xff79, 0xf759, 0x09c4, 0x0a04, 0x0a04, 0x09e4, 0x09e4, 0x09e4, 0x09e4, 0x09e4, 0x09e4,
    0x09e4, 0x09e4, 0x09e4, 0x09e4, 0x09e4, 0x0a04, 0xff9a, 0xff78, 0xff79, 0xff79, 0xff99, 0xff79, 0xff78, 0xff79, 0xff99, 0xff99,
    0xff99, 0xff99, 0xff99, 0xff99, 0xff99, 0xff99, 0xff99, 0xff99, 0xff99, 0xff79, 0xff99, 0xff99, 0xff99, 0xff99, 0xff99, 0xff79,
    0xff79, 0xff79, 0xff79, 0x1204, 0x09e4, 0x09e4, 0x09e4, 0x09e4, 0x09e4, 0x09c3, 0x09c3, 0x09e4, 0x09c4, 0x09c4, 0x09c4, 0x09c4,
    0x09c4, 0x09c4, 0x09c4, 0x09c4, 0x09c4, 0x09c4, 0x09c4, 0x09c4, 0x09c4, 0x09c4, 0x09c4, 0x09c4, 0x09c4, 0x09c4, 0x09c4, 0x09c4,
    0x09c4, 0x09c4, 0x09c4, 0x09c4, 0x09c4, 0x09c4, 0x09c4, 0x09c4, 0x09c4, 0x09c4, 0x09c4, 0x09c4, 0x09c4, 0x09c4, 0x09c4, 0x09c4,
    0x09c4, 0x09c4, 0x09c4, 0x09c4, 0x09c4, 0x09c4, 0x09c4, 0x09c4, 0x09c4, 0x09c4, 0x09c4, 0x09c4, 0x09c4, 0x09c4, 0x09c4, 0x09c4,
    0x09c4, 0x09c4, 0x09c4, 0x09c4, 0x09c4, 0x09c4, 0x09c4, 0x09c4, 0x09c4, 0x09c4, 0x09c4, 0x09c4, 0x09c4, 0x09c4, 0x09c4, 0x09c4,
    0x09c4, 0x09c4, 0x09c4, 0x09c4, 0x09c4, 0x09c4, 0x09c4, 0x09c4, 0x09c4, 0x09c4, 0x09c4, 0x09c4, 0x09c4, 0x09c4, 0x09c4, 0x09c4,
    0x09c4, 0x09c4, 0x09c4, 0x09c4, 0x09c4, 0x09c4, 0x09c4, 0x09c4, 0x09c4, 0x09c4, 0x09c4, 0x09c4, 0x09c4, 0x09c4, 0x09c4, 0x09c4,
    0x09c4, 0x09c4, 0x09c4, 0x09c4, 0x09c4, 0x09c4, 0x09c4, 0x09c4, 0x09c4, 0x09c4, 0x09c4, 0x09c4, 0x09c4, 0x09c4, 0x09c4, 0x09c4,
    0x09c4, 0x09c4, 0x09c4, 0x09c4, 0x09c4, 0x09c4, 0x09c4, 0x09c4, 0x09c4, 0x09c4, 0x09c4, 0x09c4, 0x09c4, 0x09c4, 0x09c4, 0x09c4,
    0x09c4, 0x09c4, 0x09c4, 0x09c4, 0x09c3, 0x09c4, 0x09c4, 0x09c3, 0x09c3, 0x09c3, 0x09c3, 0x84af, 0xff99, 0x09c4, 0x09e4, 0x09c4,
    0x09c4, 0x09c4, 0x09c4, 0x09c4, 0x09c3, 0x09e4, 0x09c4, 0x09c3, 0x09c3, 0x09c3, 0x09c4, 0xff79, 0x4b4a, 0x09e4, 0x09e4, 0x09e4,
    0x09e4, 0x09e4, 0x09e4, 0x09e4, 0x09e4, 0x09e4, 0x09e4, 0x4b69, 0xff79, 0xff79, 0xff78, 0xff79, 0xff7a, 0xff59, 0xff59, 0xff59,
    0xff59, 0xf759, 0xff79, 0xff79, 0xff79, 0xff79, 0xff79, 0xf77b, 0x0a24, 0x09e4, 0x09e4, 0xd695, 0x6c4c, 0x09e4, 0x09e4, 0x09e4,
    0x09e4, 0x09e4, 0x09e4, 0x09e4, 0x09e4, 0xf759, 0xff79, 0xff79, 0xff79, 0xff79, 0xff99, 0x32a7, 0x3ae8, 0x3ae8, 0x3ac8, 0x3ac8,
    0x3ae8, 0x3ae8, 0x42e8, 0x3ac8, 0x3ac8, 0x3ae8, 0x3ae8, 0x3ac8, 0x3ac8, 0x3ac8, 0x3ac8, 0x3ac8, 0x3ac8, 0x3ac7, 0x3aa7, 0x3a87,
    0x3266, 0xff7a, 0xff79, 0xfc63, 0x62c3, 0x09e4, 0x09e4, 0x09e4, 0x09e4, 0x09e4, 0x09c4, 0x09e4, 0x09c4, 0x09c4, 0x09c4, 0x09c4,
    0x09c4, 0x09c4, 0x09c4, 0x09c4, 0x09c4, 0x09c4, 0x09c4, 0x09c4, 0x09c4, 0x09c4, 0x09c4, 0x09c4, 0x09c4, 0x09c4, 0x09c4, 0x09c4,
    0x09c4, 0x09c4, 0x09c4, 0x09c4, 0x09c4, 0x09c4, 0x09c4, 0x09c4, 0x09c4, 0x09c4, 0x09c4, 0x09c4, 0x09c4, 0x09c4, 0x09c4, 0x09c4,
    0x09c4, 0x09c4, 0x09c4, 0x09c4, 0x09c4, 0x09c4, 0x09c4, 0x09c4, 0x09c4, 0x09c4, 0x09c4, 0x09c4, 0x09c4, 0x09c4, 0x09c4, 0x09c4,
    0x09c4, 0x09c4, 0x09c4, 0x09c4, 0x09c4, 0x09c4, 0x09c4, 0x09c4, 0x09c4, 0x09c4, 0x09c4, 0x09c4, 0x09c4, 0x09c4, 0x09c4, 0x09c4,
    0x09c3, 0x09c3, 0x09c3, 0x09c3, 0x09c3, 0x09c3, 0x09c3, 0x09c3, 0x09c3, 0x09c3, 0x09c3, 0x09c3, 0x09c3, 0x09c3, 0x09c3, 0x09c3,
    0x09c3, 0x09c3, 0x09c3, 0x09c3, 0x09c3, 0x09c3, 0x09c3, 0x09c3, 0x09c3, 0x09c3, 0x09c3, 0x09c3, 0x09c3, 0x09c3, 0x09c3, 0x09c3,
    0x09c3, 0x09c3, 0x09c3, 0x09c3, 0x09c3, 0x09c3, 0x09c3, 0x09c3, 0x09c3, 0x09c3, 0x09c3, 0x09c3, 0x09c3, 0x09c3, 0x09c3, 0x09c3,
    0x09c3, 0x09c3, 0x09c3, 0x09c3, 0x09c3, 0x09c3, 0x09c3, 0x09c3, 0x09c3, 0x09c3, 0x09c3, 0x09c3, 0x09c3, 0x09c3, 0x09c3, 0x09c3,
    0x09c3, 0x09c3, 0x09c3, 0x09c3, 0x09c3, 0x09c3, 0x09c3, 0x09c4, 0x09c4, 0x09c3, 0x09c3, 0x7c6d, 0xff99, 0x09e4, 0x09c4, 0x09e4,
    0x09c4, 0x09e4, 0x09c4, 0x09c4, 0x09c3, 0x09c4, 0x09c4, 0x09c3, 0x09e3, 0x09c4, 0x09c4, 0xff7a, 0x4b29, 0x09e4, 0x09e4, 0x09e4,
    0x09e4, 0x09e4, 0x09e4, 0x09c4, 0x09e4, 0x09e4, 0x01a3, 0xff79, 0xff79, 0xff79, 0x8ccf, 0x9530, 0x09c4, 0x09e4, 0x09e4, 0x09c4,
    0x09c4, 0x01c4, 0x8d0f, 0xf758, 0xff79, 0xff79, 0xff9a, 0xff9a, 0xff9a, 0x0a24, 0xef3a, 0xff79, 0x94ef, 0x09e4, 0x09e4, 0x09e4,
    0x09e4, 0x09e4, 0x09e4, 0x09e4, 0x09e4, 0xff78, 0xff79, 0xff79, 0xff79, 0xff79, 0xff79, 0x0163, 0x09e4, 0x09e4, 0x09e4, 0x09c4,
    0x09c3, 0x09c3, 0x09c3, 0x09c3, 0x09c3, 0x09c4, 0x09c4, 0x09e4, 0x09e4, 0x09c4, 0x09e4, 0x09c4, 0x09c3, 0x09c3, 0x09c3, 0x09c4,
    0x09c3, 0xf759, 0xff78, 0xfc62, 0x6263, 0x09e3, 0x09e3, 0x09e4, 0x09e4, 0x09e4, 0x09e4, 0x09e4, 0x09c3, 0x09c3, 0x09c3, 0x09c3,
    0x09c3, 0x09c3, 0x09c3, 0x09c3, 0x09c3, 0x09c3, 0x09c3, 0x09c3, 0x09c3, 0x09c3, 0x09c3, 0x09c3, 0x09c3, 0x09c3, 0x09c3, 0x09c3,
    0x09c3, 0x09c3, 0x09c3, 0x09c3, 0x09c3, 0x09c3, 0x09c3, 0x09c3, 0x09c3, 0x09c3, 0x09c3, 0x09c3, 0x09c3, 0x09c3, 0x09c3, 0x09c3,
    0x09c3, 0x09c3, 0x09c3, 0x09c3, 0x09c3, 0x09c3, 0x09c3, 0x09c3, 0x09c3, 0x09c3, 0x09c3, 0x09c3, 0x09c3, 0x09c3, 0x09c3, 0x09c3,
    0x09c3, 0x09c3, 0x09c3, 0x09c3, 0x09c3, 0x09c3, 0x09c3, 0x09c3, 0x09c3, 0x09c3, 0x09c3, 0x09c3, 0x09c3, 0x09c3, 0x09c3, 0x09c3,
    0x09c4, 0x09c4, 0x09c4, 0x09c4, 0x09c4, 0x09c4, 0x09c4, 0x09c4, 0x09c4, 0x09c4, 0x09c4, 0x09c4, 0x09c4, 0x09c4, 0x09c4, 0x09c4,
    0x09c4, 0x09c4, 0x09c4, 0x09c4, 0x09c4, 0x09c4, 0x09c4, 0x09c4, 0x09c4, 0x09c4, 0x09c4, 0x09c4, 0x09c4, 0x09c4, 0x09c4, 0x09c4,
    0x09c4, 0x09c4, 0x09c4, 0x09c4, 0x09c4, 0x09c4, 0x09c4, 0x09c4, 0x09c4, 0x09c4, 0x09c4, 0x09c4, 0x09c4, 0x09c4, 0x09c4, 0x09c4,
    0x09c4, 0x09c4, 0x09c4, 0x09c4, 0x09c4, 0x09c4, 0x09c4, 0x09c4, 0x09c4, 0x09c4, 0x09c4, 0x09c4, 0x09c4, 0x09c4, 0x09c4, 0x09c4,
    0x09c4, 0x09c4, 0x09c4, 0x09c4, 0x09c4, 0x09c4, 0x09c3, 0x09c3, 0x09c4, 0x09c3, 0x09c3, 0x7c8e, 0xff99, 0x09c4, 0x09c4, 0x09c4,
    0x09c4, 0x09c4, 0x09e4, 0x09c3, 0x09c4, 0x09e4, 0x09e4, 0x09e4, 0x09e4, 0x09e4, 0x09e4, 0xff79, 0x536a, 0x09e4, 0x09e4, 0x09e4,
    0x09e4, 0x09e4, 0x09e4, 0x09e4, 0x09e4, 0xf759, 0xff9a, 0xff9a, 0xff9a, 0x5bab, 0x09c4, 0x09e4, 0x09e4, 0x09e4, 0x09e4, 0x09c3,
    0x09c3, 0x09e4, 0x09c3, 0x9d51, 0xd6b6, 0xff9a, 0xff79, 0xff79, 0xff79, 0xf759, 0xff7a, 0xff79, 0x9530, 0x09e4, 0x09e4, 0x09e4,
    0x09e4, 0x09e4, 0x09e4, 0x09e4, 0x09e4, 0xff79, 0xff79, 0xff79, 0xff79, 0xff79, 0xff9a, 0x0163, 0x09e4, 0x09e4, 0x09e4, 0x09c4,
    0x09c4, 0x09c4, 0x09c4, 0x09c4, 0x09c4, 0x09c4, 0x09c4, 0x09e4, 0x09e4, 0x09e4, 0x09e4, 0x09c4, 0x09c4, 0x09c4, 0x09e4, 0x09e4,
    0x09e4, 0xf77a, 0xff79, 0xfc62, 0x5a63, 0x09e3, 0x09e4, 0x09e4, 0x09e4, 0x09e4, 0x09e4, 0x09e4, 0x09c4, 0x09c4, 0x09c4, 0x09c4,
    0x09c4, 0x09c4, 0x09c4, 0x09c4, 0x09c4, 0x09c4, 0x09c4, 0x09c4, 0x09c4, 0x09c4, 0x09c4, 0x09c4, 0x09c4, 0x09c4, 0x09c4, 0x09c4,
    0x09c4, 0x09c4, 0x09c4, 0x09c4, 0x09c4, 0x09c4, 0x09c4, 0x09c4, 0x09c4, 0x09c4, 0x09c4, 0x09c4, 0x09c4, 0x09c4, 0x09c4, 0x09c4,
    0x09c4, 0x09c4, 0x09c4, 0x09c4, 0x09c4, 0x09c4, 0x09c4, 0x09c4, 0x09c4, 0x09c4, 0x09c4, 0x09c4, 0x09c4, 0x09c4, 0x09c4, 0x09c4,
    0x09c4, 0x09c4, 0x09c4, 0x09c4, 0x09c4, 0x09c4, 0x09c4, 0x09c4, 0x09c4, 0x09c4, 0x09c4, 0x09c4, 0x09c4, 0x09c4, 0x09c4, 0x09c4,
    0x09c3, 0x09c3, 0x09c3, 0x09c3, 0x09c3, 0x09c3, 0x09c3, 0x09c3, 0x09c3, 0x09c3, 0x09c3, 0x09c3, 0x09c3, 0x09c3, 0x09c3, 0x09c3,
    0x09c3, 0x09c3, 0x09c3, 0x09c3, 0x09c3, 0x09c3, 0x09c3, 0x09c3, 0x09c3, 0x09c3, 0x09c3, 0x09c3, 0x09c3, 0x09c3, 0x09c3, 0x09c3,
    0x09c3, 0x09c3, 0x09c3, 0x09c3, 0x09c3, 0x09c3, 0x09c3, 0x09c3, 0x09c3, 0x09c3, 0x09c3, 0x09c3, 0x09c3, 0x09c3, 0x09c3, 0x09c3,
    0x09c3, 0x09c3, 0x09c3, 0x09c3, 0x09c3, 0x09c3, 0x09c3, 0x09c3, 0x09c3, 0x09c3, 0x09c3, 0x09c3, 0x09c3, 0x09c3, 0x09c3, 0x09c3,
    0x09c3, 0x09c3, 0x09c3, 0x09c3, 0x09e4, 0x09c4, 0x09c4, 0x09e3, 0x09c3, 0x09e3, 0x09c3, 0x84cf, 0xff99, 0x09c4, 0x09c4, 0x09c4,
    0x09c4, 0x09c4, 0x09c4, 0x09c3, 0x09c4, 0x09c4, 0x09e4, 0x09e4, 0x09e4, 0x09e4, 0x09e4, 0xff79, 0x536a, 0x09e4, 0x09e4, 0x09e4,
    0x09c4, 0x09c4, 0x09e4, 0x09c3, 0x09c3, 0xef17, 0xff78, 0xffb9, 0x01e4, 0x09e4, 0x09e4, 0x09c4, 0x09e4, 0x09c4, 0x09c4, 0x09e4,
    0x09e4, 0x09c4, 0x09e4, 0x0a04, 0x1a65, 0x7c4d, 0xff79, 0xff79, 0xff79, 0xff79, 0xff79, 0xff79, 0x9510, 0x09e4, 0x09e4, 0x09e4,
    0x09e4, 0x09e4, 0x09e4, 0x09e4, 0x09e3, 0xff79, 0xff79, 0xff79, 0xff78, 0xff79, 0xff9a, 0x0183, 0x09e4, 0x09c4, 0x09e4, 0x09e4,
    0x09e4, 0x09c3, 0x09c4, 0x09e4, 0x09c4, 0x09e4, 0x09e4, 0x09e4, 0x09e4, 0x09e4, 0x09e4, 0x09e4, 0x09e4, 0x09e4, 0x09c3, 0x09e4,
    0x09c4, 0xf779, 0xff99, 0xfc83, 0x5a64, 0x09e3, 0x09e4, 0x09e4, 0x09e4, 0x09e4, 0x09e4, 0x09e4, 0x09c3, 0x09c3, 0x09c3, 0x09c3,
    0x09c3, 0x09c3, 0x09c3, 0x09c3, 0x09c3, 0x09c3, 0x09c3, 0x09c3, 0x09c3, 0x09c3, 0x09c3, 0x09c3, 0x09c3, 0x09c3, 0x09c3, 0x09c3,
    0x09c3, 0x09c3, 0x09c3, 0x09c3, 0x09c3, 0x09c3, 0x09c3, 0x09c3, 0x09c3, 0x09c3, 0x09c3, 0x09c3, 0x09c3, 0x09c3, 0x09c3, 0x09c3,
    0x09c3, 0x09c3, 0x09c3, 0x09c3, 0x09c3, 0x09c3, 0x09c3, 0x09c3, 0x09c3, 0x09c3, 0x09c3, 0x09c3, 0x09c3, 0x09c3, 0x09c3, 0x09c3,
    0x09c3, 0x09c3, 0x09c3, 0x09c3, 0x09c3, 0x09c3, 0x09c3, 0x09c3, 0x09c3, 0x09c3, 0x09c3, 0x09c3, 0x09c3, 0x09c3, 0x09c3, 0x09c3,
    0x09c3, 0x09c3, 0x09c3, 0x09c3, 0x09c3, 0x09c3, 0x09c3, 0x09c3, 0x09c3, 0x09c3, 0x09c3, 0x09c3, 0x09c3, 0x09c3, 0x09c3, 0x09c3,
    0x09c3, 0x09c3, 0x09c3, 0x09c3, 0x09c3, 0x09c3, 0x09c3, 0x09c3, 0x09c3, 0x09c3, 0x09c3, 0x09c3, 0x09c3, 0x09c3, 0x09c3, 0x09c3,
    0x09c3, 0x09c3, 0x09c3, 0x09c3, 0x09c3, 0x09c3, 0x09c3, 0x09c3, 0x09c3, 0x09c3, 0x09c3, 0x09c3, 0x09c3, 0x09c3, 0x09c3, 0x09c3,
    0x09c3, 0x09c3, 0x09c3, 0x09c3, 0x09c3, 0x09c3, 0x09c3, 0x09c3, 0x09c3, 0x09c3, 0x09c3, 0x09c3, 0x09c3, 0x09c3, 0x09c3, 0x09c3,
    0x09c3, 0x09c3, 0x09c3, 0x09c3, 0x09e4, 0x09c4, 0x09e4, 0x09c4, 0x09c3, 0x09c4, 0x09c3, 0x7c6e, 0xff99, 0x09c4, 0x09c4, 0x09c4,
    0x09c4, 0x09c3, 0x09c3, 0x09c3, 0x09c4, 0x09c3, 0x09c4, 0x09e4, 0x09c4, 0x09e4, 0x09e4, 0xff79, 0x536a, 0x09e4, 0x09e4, 0x09e4,
    0x09e4, 0x09c4, 0x09c4, 0x09e4, 0x09c4, 0xf758, 0xff79, 0xf758, 0x09c4, 0x09e4, 0x09e4, 0x09e4, 0x09e4, 0x09c4, 0x09e4, 0x09e4,
    0x09c4, 0x09e4, 0x09e4, 0x09e4, 0x09e4, 0x09c4, 0xff79, 0xff79, 0xff79, 0xff79, 0xff79, 0xff79, 0x8cef, 0x09e4, 0x09e4, 0x09e4,
    0x09e4, 0x09e4, 0x09e4, 0x09c3, 0x09e4, 0xff79, 0xff9a, 0xfffc, 0xffba, 0xfffb, 0xff79, 0x0183, 0x09c3, 0x09c3, 0x09e4, 0x09e4,
    0x09e4, 0x09e4, 0x09e4, 0x09e4, 0x09e4, 0x09e4, 0x09e4, 0x09e4, 0x09e4, 0x09e4, 0x09e4, 0x09e4, 0x09e4, 0x09e4, 0x09e4, 0x09e4,
    0x09c4, 0xf779, 0xff79, 0xfca3, 0x6284, 0x09e4, 0x09e4, 0x09e4, 0x09e4, 0x09e4, 0x0a04, 0x0a04, 0x09c3, 0x09c3, 0x09c3, 0x09c3,
    0x09c3, 0x09c3, 0x09c3, 0x09c3, 0x09c3, 0x09c3, 0x09c3, 0x09c3, 0x09c3, 0x09c3, 0x09c3, 0x09c3, 0x09c3, 0x09c3, 0x09c3, 0x09c3,
    0x09c3, 0x09c3, 0x09c3, 0x09c3, 0x09c3, 0x09c3, 0x09c3, 0x09c3, 0x09c3, 0x09c3, 0x09c3, 0x09c3, 0x09c3, 0x09c3, 0x09c3, 0x09c3,
    0x09c3, 0x09c3, 0x09c3, 0x09c3, 0x09c3, 0x09c3, 0x09c3, 0x09c3, 0x09c3, 0x09c3, 0x09c3, 0x09c3, 0x09c3, 0x09c3, 0x09c3, 0x09c3,
    0x09c3, 0x09c3, 0x09c3, 0x09c3, 0x09c3, 0x09c3, 0x09c3, 0x09c3, 0x09c3, 0x09c3, 0x09c3, 0x09c3, 0x09c3, 0x09c3, 0x09c3, 0x09c3,
    0x09c3, 0x09c3, 0x09c3, 0x09c3, 0x09c3, 0x09c3, 0x09c3, 0x09c3, 0x09c3, 0x09c3, 0x09c3, 0x09c3, 0x09c3, 0x09c3, 0x09c3, 0x09c3,
    0x09c3, 0x09c3, 0x09c3, 0x09c3, 0x09c3, 0x09c3, 0x09c3, 0x09c3, 0x09c3, 0x09c3, 0x09c3, 0x09c3, 0x09c3, 0x09c3, 0x09c3, 0x09c3,
    0x09c3, 0x09c3, 0x09c3, 0x09c3, 0x09c3, 0x09c3, 0x09c3, 0x09c3, 0x09c3, 0x09c3, 0x09c3, 0x09c3, 0x09c3, 0x09c3, 0x09c3, 0x09c3,
    0x09c3, 0x09c3, 0x09c3, 0x09c3, 0x09c3, 0x09c3, 0x09c3, 0x09c3, 0x09c3, 0x09c3, 0x09c3, 0x09c3, 0x09c3, 0x09c3, 0x09c3, 0x09c3,
    0x09c3, 0x09c3, 0x09c3, 0x09c3, 0x09e4, 0x09e4, 0x09e4, 0x09e4, 0x09e4, 0x09c3, 0x09c3, 0x7c6e, 0xff99, 0x09c4, 0x09c4, 0x09c4,
    0x09c4, 0x09c4, 0x09c4, 0x09c4, 0x09c4, 0x09c3, 0x09c4, 0x09c4, 0x09c4, 0x09e4, 0x09c4, 0xff79, 0x5bab, 0x09e4, 0x09e4, 0x09e4,
    0x09e4, 0x09e4, 0x09c4, 0x09e4, 0x09c4, 0xdeb6, 0xff9b, 0x09c4, 0x09c4, 0x09c4, 0x09e4, 0x09c4, 0x09e4, 0x09e4, 0x09e4, 0x09e4,
    0x09e4, 0x09e4, 0x09e4, 0x09e4, 0x0162, 0xf759, 0xff79, 0xff79, 0xff79, 0xff79, 0xff79, 0xff59, 0x8cf0, 0x09e4, 0x09e4, 0x09e4,
    0x09e4, 0x09e4, 0x09e3, 0x09e4, 0x09e4, 0xff79, 0xadd2, 0x0a04, 0x09c3, 0x0962, 0xff79, 0x0163, 0x09c4, 0x09c4, 0x09e4, 0x09e4,
    0x09e4, 0x09e4, 0x09e4, 0x09e4, 0x09e4, 0x09e4, 0x09e4, 0x09e4, 0x09e4, 0x09e4, 0x09e4, 0x09e4, 0x09e4, 0x09c4, 0x09e4, 0x09e4,
    0x09c4, 0xf79a, 0xff79, 0xfc63, 0x5a64, 0x09e4, 0x09e4, 0x09e4, 0x09e4, 0x09e4, 0x09e4, 0x0a04, 0x09c3, 0x09c3, 0x09c3, 0x09c3,
    0x09c3, 0x09c3, 0x09c3, 0x09c3, 0x09c3, 0x09c3, 0x09c3, 0x09c3, 0x09c3, 0x09c3, 0x09c3, 0x09c3, 0x09c3, 0x09c3, 0x09c3, 0x09c3,
    0x09c3, 0x09c3, 0x09c3, 0x09c3, 0x09c3, 0x09c3, 0x09c3, 0x09c3, 0x09c3, 0x09c3, 0x09c3, 0x09c3, 0x09c3, 0x09c3, 0x09c3, 0x09c3,
    0x09c3, 0x09c3, 0x09c3, 0x09c3, 0x09c3, 0x09c3, 0x09c3, 0x09c3, 0x09c3, 0x09c3, 0x09c3, 0x09c3, 0x09c3, 0x09c3, 0x09c3, 0x09c3,
    0x09c3, 0x09c3, 0x09c3, 0x09c3, 0x09c3, 0x09c3, 0x09c3, 0x09c3, 0x09c3, 0x09c3, 0x09c3, 0x09c3, 0x09c3, 0x09c3, 0x09c3, 0x09c3,
    0x09c3, 0x09c3, 0x09c3, 0x09c3, 0x09c3, 0x09c3, 0x09c3, 0x09c3, 0x09c3, 0x09c3, 0x09c3, 0x09c3, 0x09c3, 0x09c3, 0x09c3, 0x09c3,
    0x09c3, 0x09c3, 0x09c3, 0x09c3, 0x09c3, 0x09c3, 0x09c3, 0x09c3, 0x09c3, 0x09c3, 0x09c3, 0x09c3, 0x09c3, 0x09c3, 0x09c3, 0x09c3,
    0x09c3, 0x09c3, 0x09c3, 0x09c3, 0x09c3, 0x09c3, 0x09c3, 0x09c3, 0x09c3, 0x09c3, 0x09c3, 0x09c3, 0x09c3, 0x09c3, 0x09c3, 0x09c3,
    0x09c3, 0x09c3, 0x09c3, 0x09c3, 0x09c3, 0x09c3, 0x09c3, 0x09c3, 0x09c3, 0x09c3, 0x09c3, 0x09c3, 0x09c3, 0x09c3, 0x09c3, 0x09c3,
    0x09c3, 0x09c3, 0x09c3, 0x09c3, 0x09e4, 0x09c4, 0x09c4, 0x09c4, 0x09c3, 0x09c4, 0x09c3, 0x7c8e, 0xff79, 0x09c4, 0x09c4, 0x09c4,
    0x09c4, 0x09c4, 0x09c4, 0x09c4, 0x09c4, 0x09e4, 0x09c4, 0x09c3, 0x09c4, 0x09e4, 0x09e4, 0xff79, 0x63cb, 0x09c4, 0x09e4, 0x09e4,
    0x09e4, 0x09c4, 0x09e4, 0x09e4, 0x09c4, 0x09c4, 0x09c4, 0x09c4, 0x09c4, 0x09c4, 0x09e4, 0x09e4, 0x09e4, 0x09e4, 0x09e4, 0x09e4,
    0x09e4, 0x09e4, 0x09e4, 0xb614, 0xff58, 0xff79, 0xff79, 0xff79, 0xff79, 0xff79, 0xff59, 0xff59, 0x9510, 0x09e4, 0x09e4, 0x09e4,
    0x09e4, 0x09e4, 0x09e4, 0x09c3, 0x09e4, 0xff79, 0xadb1, 0x09e4, 0x09e4, 0x09a3, 0xff7a, 0x0163, 0x09c3, 0x09e4, 0x09e4, 0x09e4,
    0x09e4, 0x09e4, 0x09e4, 0x09e4, 0x09e4, 0x09e4, 0x09e4, 0x09e4, 0x09e4, 0x09e4, 0x09e4, 0x09e4, 0x09e4, 0x09e4, 0x09e4, 0x09c4,
    0x09c4, 0xf77a, 0xff99, 0xfc63, 0x6284, 0x09e4, 0x09e4, 0x09e4, 0x09e4, 0x09e4, 0x09e4, 0x09e4, 0x09c3, 0x09c3, 0x09c3, 0x09c3,
    0x09c3, 0x09c3, 0x09c3, 0x09c3, 0x09c3, 0x09c3, 0x09c3, 0x09c3, 0x09c3, 0x09c3, 0x09c3, 0x09c3, 0x09c3, 0x09c3, 0x09c3, 0x09c3,
    0x09c3, 0x09c3, 0x09c3, 0x09c3, 0x09c3, 0x09c3, 0x09c3, 0x09c3, 0x09c3, 0x09c3, 0x09c3, 0x09c3, 0x09c3, 0x09c3, 0x09c3, 0x09c3,
    0x09c3, 0x09c3, 0x09c3, 0x09c3, 0x09c3, 0x09c3, 0x09c3, 0x09c3, 0x09c3, 0x09c3, 0x09c3, 0x09c3, 0x09c3, 0x09c3, 0x09c3, 0x09c3,
    0x09c3, 0x09c3, 0x09c3, 0x09c3, 0x09c3, 0x09c3, 0x09c3, 0x09c3, 0x09c3, 0x09c3, 0x09c3, 0x09c3, 0x09c3, 0x09c3, 0x09c3, 0x09c3,
    0x09c3, 0x09c3, 0x09c3, 0x09c3, 0x09c3, 0x09c3, 0x09c3, 0x09c3, 0x09c3, 0x09c3, 0x09c3, 0x09c3, 0x09c3, 0x09c3, 0x09c3, 0x09c3,
    0x09c3, 0x09c3, 0x09c3, 0x09c3, 0x09c3, 0x09c3, 0x09c3, 0x09c3, 0x09c3, 0x09c3, 0x09c3, 0x09c3, 0x09c3, 0x09c3, 0x09c3, 0x09c3,
    0x09c3, 0x09c3, 0x09c3, 0x09c3, 0x09c3, 0x09c3, 0x09c3, 0x09c3, 0x09c3, 0x09c3, 0x09c3, 0x09c3, 0x09c3, 0x09c3, 0x09c3, 0x09c3,
    0x09c3, 0x09c3, 0x09c3, 0x09c3, 0x09c3, 0x09c3, 0x09c3, 0x09c3, 0x09c3, 0x09c3, 0x09c3, 0x09c3, 0x09c3, 0x09c3, 0x09c3, 0x09c3,
    0x09c3, 0x09c3, 0x09c3, 0x09c3, 0x09e4, 0x09e4, 0x09c4, 0x09c4, 0x09e4, 0x09c4, 0x09c3, 0x7c8e, 0xff99, 0x09c4, 0x09c4, 0x09c4,
    0x09c4, 0x09c4, 0x09c4, 0x09c4, 0x09c4, 0x09e4, 0x09c4, 0x09e4, 0x09e4, 0x09e4, 0x09e4, 0xff79, 0x63cb, 0x09e4, 0x09e4, 0x09e4,
    0x09e4, 0x09e4, 0x09e4, 0x09e4, 0x09e4, 0x09e4, 0x09e4, 0x09c4, 0x09c4, 0x09e4, 0x09e4, 0x09e4, 0x09e4, 0x09e4, 0x09e4, 0x09e4,
    0x09e4, 0x09e4, 0x09e4, 0x09e4, 0x09e4, 0x09c4, 0xf77a, 0xff79, 0xff79, 0xff79, 0xff79, 0xff79, 0x94f0, 0x09e4, 0x09e4, 0x09e4,
    0x09e4, 0x09e4, 0x09e4, 0x09e4, 0x09e4, 0xff79, 0xb5f2, 0x09a3, 0x0a24, 0x09c3, 0xff79, 0x0163, 0x09c3, 0x09c4, 0x09e4, 0x09e4,
    0x09e4, 0x09e4, 0x09e4, 0x09e4, 0x09e4, 0x09e4, 0x09e4, 0x09e4, 0x09e4, 0x09e4, 0x09e4, 0x09e4, 0x09e4, 0x09e4, 0x09e4, 0x09e4,
    0x09e4, 0xf779, 0xff79, 0xfc42, 0x5a84, 0x09e4, 0x09e4, 0x09e4, 0x09e4, 0x09e4, 0x09e4, 0x09e4, 0x09c3, 0x09c3, 0x09c3, 0x09c3,
    0x09c3, 0x09c3, 0x09c3, 0x09c3, 0x09c3, 0x09c3, 0x09c3, 0x09c3, 0x09c3, 0x09c3, 0x09c3, 0x09c3, 0x09c3, 0x09c3, 0x09c3, 0x09c3,
    0x09c3, 0x09c3, 0x09c3, 0x09c3, 0x09c3, 0x09c3, 0x09c3, 0x09c3, 0x09c3, 0x09c3, 0x09c3, 0x09c3, 0x09c3, 0x09c3, 0x09c3, 0x09c3,
    0x09c3, 0x09c3, 0x09c3, 0x09c3, 0x09c3, 0x09c3, 0x09c3, 0x09c3, 0x09c3, 0x09c3, 0x09c3, 0x09c3, 0x09c3, 0x09c3, 0x09c3, 0x09c3,
    0x09c3, 0x09c3, 0x09c3, 0x09c3, 0x09c3, 0x09c3, 0x09c3, 0x09c3, 0x09c3, 0x09c3, 0x09c3, 0x09c3, 0x09c3, 0x09c3, 0x09c3, 0x09c3,
    0x09c4, 0x09c4, 0x09c4, 0x09c4, 0x09c4, 0x09c4, 0x09c4, 0x09c4, 0x09c4, 0x09c4, 0x09c4, 0x09c4, 0x09c4, 0x09c4, 0x09c4, 0x09c4,
    0x09c4, 0x09c4, 0x09c4, 0x09c4, 0x09c4, 0x09c4, 0x09c4, 0x09c4, 0x09c4, 0x09c4, 0x09c4, 0x09c4, 0x09c4, 0x09c4, 0x09c4, 0x09c4,
    0x09c4, 0x09c4, 0x09c4, 0x09c4, 0x09c4, 0x09c4, 0x09c4, 0x09c4, 0x09c4, 0x09c4, 0x09c4, 0x09c4, 0x09c4, 0x09c4, 0x09c4, 0x09c4,
    0x09c4, 0x09c4, 0x09c4, 0x09c4, 0x09c4, 0x09c4, 0x09c4, 0x09c4, 0x09c4, 0x09c4, 0x09c4, 0x09c4, 0x09c4, 0x09c4, 0x09c4, 0x09c4,
    0x09c4, 0x09c4, 0x09c4, 0x09c4, 0x09e4, 0x09e4, 0x09e4, 0x09e4, 0x09e4, 0x09c4, 0x09c4, 0x84ae, 0xff99, 0x09c3, 0x09c4, 0x09e4,
    0x09e4, 0x09c4, 0x09c4, 0x09e4, 0x09e4, 0x09c4, 0x09e4, 0x09e4, 0x09e4, 0x09e4, 0x09c4, 0xff79, 0x63ec, 0x09e4, 0x09e4, 0x09e4,
    0x09e4, 0x09e4, 0x09e4, 0x09e4, 0x09e4, 0x09e4, 0x09e4, 0x09e4, 0x09e4, 0x09e4, 0x09e4, 0x09e4, 0x09e4, 0x09e4, 0x09e4, 0x09e4,
    0x09e4, 0x09e4, 0x09e4, 0x09e4, 0x09e4, 0x09e4, 0x09c4, 0x09e4, 0x09e4, 0x09e4, 0x09e4, 0x09e4, 0x09e4, 0x09e4, 0x09e4, 0x09e4,
    0x09e4, 0x09c4, 0x09e4, 0x09e4, 0x09e4, 0xff79, 0xff79, 0xff78, 0xff79, 0xff79, 0xff79, 0x0183, 0x09e4, 0x09e4, 0x09e4, 0x09e4,
    0x09e4, 0x09e4, 0x09e4, 0x09e4, 0x09e4, 0x09e4, 0x09e4, 0x09e4, 0x09e4, 0x09e4, 0x09e4, 0x09e4, 0x09e4, 0x09e4, 0x09c4, 0x09e4,
    0x09c4, 0xf779, 0xff79, 0xfc62, 0x6284, 0x09e3, 0x09e4, 0x09e4, 0x09e4, 0x09e4, 0x09e4, 0x09e4, 0x09c4, 0x09c4, 0x09c4, 0x09c4,
    0x09c4, 0x09c4, 0x09c4, 0x09c4, 0x09c4, 0x09c4, 0x09c4, 0x09c4, 0x09c4, 0x09c4, 0x09c4, 0x09c4, 0x09c4, 0x09c4, 0x09c4, 0x09c4,
    0x09c4, 0x09c4, 0x09c4, 0x09c4, 0x09c4, 0x09c4, 0x09c4, 0x09c4, 0x09c4, 0x09c4, 0x09c4, 0x09c4, 0x09c4, 0x09c4, 0x09c4, 0x09c4,
    0x09c4, 0x09c4, 0x09c4, 0x09c4, 0x09c4, 0x09c4, 0x09c4, 0x09c4, 0x09c4, 0x09c4, 0x09c4, 0x09c4, 0x09c4, 0x09c4, 0x09c4, 0x09c4,
    0x09c4, 0x09c4, 0x09c4, 0x09c4, 0x09c4, 0x09c4, 0x09c4, 0x09c4, 0x09c4, 0x09c4, 0x09c4, 0x09c4, 0x09c4, 0x09c4, 0x09c4, 0x09c4,
    0x09c4, 0x09c4, 0x09c4, 0x09c4, 0x09c4, 0x09c4, 0x09c4, 0x09c4, 0x09c4, 0x09c4, 0x09c4, 0x09c4, 0x09c4, 0x09c4, 0x09c4, 0x09c4,
    0x09c4, 0x09c4, 0x09c4, 0x09c4, 0x09c4, 0x09c4, 0x09c4, 0x09c4, 0x09c4, 0x09c4, 0x09c4, 0x09c4, 0x09c4, 0x09c4, 0x09c4, 0x09c4,
    0x09c4, 0x09c4, 0x09c4, 0x09c4, 0x09c4, 0x09c4, 0x09c4, 0x09c4, 0x09c4, 0x09c4, 0x09c4, 0x09c4, 0x09c4, 0x09c4, 0x09c4, 0x09c4,
    0x09c4, 0x09c4, 0x09c4, 0x09c4, 0x09c4, 0x09c4, 0x09c4, 0x09c4, 0x09c4, 0x09c4, 0x09c4, 0x09c4, 0x09c4, 0x09c4, 0x09c4, 0x09c4,
    0x09c4, 0x09c4, 0x09c4, 0x09c4, 0x09e4, 0x09e4, 0x09e4, 0x09e4, 0x09e3, 0x09c4, 0x09c4, 0x848e, 0xff9a, 0x09c4, 0x09c3, 0x09c4,
    0x09e4, 0x09e4, 0x09e4, 0x09e4, 0x09e4, 0x09e4, 0x09e4, 0x09e4, 0x0a04, 0x09e4, 0x09e4, 0xff79, 0x63cb, 0x09e4, 0x09e4, 0x09e4,
    0x09e4, 0x09e4, 0x09e4, 0x09e4, 0x09e4, 0x09e4, 0x09e4, 0x09e4, 0x09e4, 0x09e4, 0x09e4, 0x09e4, 0x09e4, 0x09e4, 0x09e4, 0x09e4,
    0x09e4, 0x09e4, 0x09e4, 0x09e4, 0x09e4, 0x09c4, 0x09e4, 0x09e4, 0x09e4, 0x09e4, 0x09e4, 0x09e4, 0x09e4, 0x09e4, 0x09e4, 0x09e4,
    0x09e4, 0x09e4, 0x09e4, 0x09e4, 0x09e4, 0xff78, 0xff79, 0xff79, 0xff79, 0xff79, 0xff79, 0x0183, 0x09e4, 0x09e4, 0x09e4, 0x09e4,
    0x09e4, 0x09e4, 0x09e4, 0x09e4, 0x09e4, 0x09e4, 0x09e4, 0x09e4, 0x09e4, 0x09e4, 0x09e4, 0x09e4, 0x09c4, 0x09e4, 0x09e4, 0x09e4,
    0x09c4, 0xf77a, 0xff79, 0xfc63, 0x5a84, 0x09e3, 0x09e4, 0x09e4, 0x09e4, 0x09e4, 0x09e4, 0x09e4, 0x09c4, 0x09c4, 0x09c4, 0x09c4,
    0x09c4, 0x09c4, 0x09c4, 0x09c4, 0x09c4, 0x09c4, 0x09c4, 0x09c4, 0x09c4, 0x09c4, 0x09c4, 0x09c4, 0x09c4, 0x09c4, 0x09c4, 0x09c4,
    0x09c4, 0x09c4, 0x09c4, 0x09c4, 0x09c4, 0x09c4, 0x09c4, 0x09c4, 0x09c4, 0x09c4, 0x09c4, 0x09c4, 0x09c4, 0x09c4, 0x09c4, 0x09c4,
    0x09c4, 0x09c4, 0x09c4, 0x09c4, 0x09c4, 0x09c4, 0x09c4, 0x09c4, 0x09c4, 0x09c4, 0x09c4, 0x09c4, 0x09c4, 0x09c4, 0x09c4, 0x09c4,
    0x09c4, 0x09c4, 0x09c4, 0x09c4, 0x09c4, 0x09c4, 0x09c4, 0x09c4, 0x09c4, 0x09c4, 0x09c4, 0x09c4, 0x09c4, 0x09c4, 0x09c4, 0x09c4,
    0x09c4, 0x09c4, 0x09c4, 0x09c4, 0x09c4, 0x09c4, 0x09c4, 0x09c4, 0x09c4, 0x09c4, 0x09c4, 0x09c4, 0x09c4, 0x09c4, 0x09c4, 0x09c4,
    0x09c4, 0x09c4, 0x09c4, 0x09c4, 0x09c4, 0x09c4, 0x09c4, 0x09c4, 0x09c4, 0x09c4, 0x09c4, 0x09c4, 0x09c4, 0x09c4, 0x09c4, 0x09c4,
    0x09c4, 0x09c4, 0x09c4, 0x09c4, 0x09c4, 0x09c4, 0x09c4, 0x09c4, 0x09c4, 0x09c4, 0x09c4, 0x09c4, 0x09c4, 0x09c4, 0x09c4, 0x09c4,
    0x09c4, 0x09c4, 0x09c4, 0x09c4, 0x09c4, 0x09c4, 0x09c4, 0x09c4, 0x09c4, 0x09c4, 0x09c4, 0x09c4, 0x09c4, 0x09c4, 0x09c4, 0x09c4,
    0x09c4, 0x09c4, 0x09c4, 0x09c4, 0x09e4, 0x09e4, 0x09c4, 0x09e4, 0x09e4, 0x09e4, 0x09e4, 0x7c8e, 0xff79, 0xf77a, 0xf75a, 0xf75a,
    0xf77a, 0xf77a, 0xf77a, 0xf77a, 0xf758, 0xf77a, 0xf759, 0xf759, 0xf75a, 0xf77a, 0xf77a, 0xff58, 0x536a, 0x09c4, 0x09c4, 0x09e4,
    0x09e4, 0x09e4, 0x09e4, 0x09e4, 0x09e4, 0x09e4, 0x09e4, 0x09e4, 0x09e4, 0x09e4, 0x09e4, 0x09e4, 0x09e4, 0x09e4, 0x09e4, 0x09e4,
    0x09e4, 0x09e4, 0x09e4, 0x09e4, 0x09e4, 0x09e4, 0x09e4, 0x09e4, 0x09e4, 0x09e4, 0x09e4, 0x09e4, 0x09e4, 0x09e4, 0x09e4, 0x09e4,
    0x09e4, 0x09e4, 0x09e4, 0x09e4, 0x09e4, 0xff79, 0xff79, 0xff79, 0xff79, 0xff79, 0xff79, 0x0143, 0x09e4, 0x09e4, 0x09e4, 0x09e4,
    0x09e4, 0x09e4, 0x09e4, 0x09e4, 0x09e4, 0x09e4, 0x09e4, 0x09e4, 0x09e4, 0x09e4, 0x09e4, 0x09c4, 0x09e4, 0x09e4, 0x09e4, 0x09e4,
    0x09c4, 0xf779, 0xff79, 0xfc62, 0x5a63, 0x09c3, 0x09e3, 0x09e4, 0x09e4, 0x09e4, 0x09e4, 0x09e4, 0x09c4, 0x09c4, 0x09c4, 0x09c4,
    0x09c4, 0x09c4, 0x09c4, 0x09c4, 0x09c4, 0x09c4, 0x09c4, 0x09c4, 0x09c4, 0x09c4, 0x09c4, 0x09c4, 0x09c4, 0x09c4, 0x09c4, 0x09c4,
    0x09c4, 0x09c4, 0x09c4, 0x09c4, 0x09c4, 0x09c4, 0x09c4, 0x09c4, 0x09c4, 0x09c4, 0x09c4, 0x09c4, 0x09c4, 0x09c4, 0x09c4, 0x09c4,
    0x09c4, 0x09c4, 0x09c4, 0x09c4, 0x09c4, 0x09c4, 0x09c4, 0x09c4, 0x09c4, 0x09c4, 0x09c4, 0x09c4, 0x09c4, 0x09c4, 0x09c4, 0x09c4,
    0x09c4, 0x09c4, 0x09c4, 0x09c4, 0x09c4, 0x09c4, 0x09c4, 0x09c4, 0x09c4, 0x09c4, 0x09c4, 0x09c4, 0x09c4, 0x09c4, 0x09c4, 0x09c4,
    0x09c4, 0x09c4, 0x09c4, 0x09c4, 0x09c4, 0x09c4, 0x09c4, 0x09c4, 0x09c4, 0x09c4, 0x09c4, 0x09c4, 0x09c4, 0x09c4, 0x09c4, 0x09c4,
    0x09c4, 0x09c4, 0x09c4, 0x09c4, 0x09c4, 0x09c4, 0x09c4, 0x09c4, 0x09c4, 0x09c4, 0x09c4, 0x09c4, 0x09c4, 0x09c4, 0x09c4, 0x09c4,
    0x09c4, 0x09c4, 0x09c4, 0x09c4, 0x09c4, 0x09c4, 0x09c4, 0x09c4, 0x09c4, 0x09c4, 0x09c4, 0x09c4, 0x09c4, 0x09c4, 0x09c4, 0x09c4,
    0x09c4, 0x09c4, 0x09c4, 0x09c4, 0x09c4, 0x09c4, 0x09c4, 0x09c4, 0x09c4, 0x09c4, 0x09c4, 0x09c4, 0x09c4, 0x09c4, 0x09c4, 0x09c4,
    0x09c4, 0x09c4, 0x09c4, 0x09c4, 0x09e4, 0x09e4, 0x09e4, 0x09e4, 0x09e4, 0x09c4, 0x09e4, 0x8ccf, 0xff79, 0xff79, 0xff79, 0xff79,
    0xff79, 0xff79, 0x0163, 0x09e4, 0x0163, 0x42e8, 0xff79, 0xff78, 0xff78, 0xff79, 0xff79, 0xff78, 0x4b4a, 0x09e4, 0x09c4, 0x09e4,
    0x09e4, 0x09e4, 0x09e4, 0x09e4, 0x09e4, 0x09e4, 0x09e4, 0x09c4, 0x09e4, 0x09e4, 0x09e4, 0x09e4, 0x09e4, 0x09e4, 0x09e4, 0x09e4,
    0x09e4, 0x09e4, 0x09e4, 0x09e4, 0x09e4, 0x09e4, 0x09e4, 0x09e4, 0x09e4, 0x09e4, 0x09e4, 0x09e4, 0x09e4, 0x09e4, 0x09e4, 0x09e4,
    0x09c4, 0x09e4, 0x09c4, 0x09c4, 0x09e4, 0xff79, 0xff79, 0xff79, 0xff79, 0xff79, 0xff9a, 0x0183, 0x09e4, 0x0a04, 0x09e4, 0x09e4,
    0x09e4, 0x09e4, 0x09e4, 0x09e4, 0x09e4, 0x09e4, 0x09e4, 0x09e4, 0x09e4, 0x09e4, 0x09c4, 0x09c4, 0x09e4, 0x09e4, 0x09c4, 0x09e4,
    0x09e4, 0xf779, 0xff58, 0xfc42, 0x6283, 0x09e3, 0x09e4, 0x09e4, 0x09e4, 0x0a04, 0x0a04, 0x09e4, 0x09c4, 0x09c4, 0x09c4, 0x09c4,
    0x09c4, 0x09c4, 0x09c4, 0x09c4, 0x09c4, 0x09c4, 0x09c4, 0x09c4, 0x09c4, 0x09c4, 0x09c4, 0x09c4, 0x09c4, 0x09c4, 0x09c4, 0x09c4,
    0x09c4, 0x09c4, 0x09c4, 0x09c4, 0x09c4, 0x09c4, 0x09c4, 0x09c4, 0x09c4, 0x09c4, 0x09c4, 0x09c4, 0x09c4, 0x09c4, 0x09c4, 0x09c4,
    0x09c4, 0x09c4, 0x09c4, 0x09c4, 0x09c4, 0x09c4, 0x09c4, 0x09c4, 0x09c4, 0x09c4, 0x09c4, 0x09c4, 0x09c4, 0x09c4, 0x09c4, 0x09c4,
    0x09c4, 0x09c4, 0x09c4, 0x09c4, 0x09c4, 0x09c4, 0x09c4, 0x09c4, 0x09c4, 0x09c4, 0x09c4, 0x09c4, 0x09c4, 0x09c4, 0x09c4, 0x09c4,
    0x09c4, 0x09c4, 0x09c4, 0x09c4, 0x09c4, 0x09c4, 0x09c4, 0x09c4, 0x09c4, 0x09c4, 0x09c4, 0x09c4, 0x09c4, 0x09c4, 0x09c4, 0x09c4,
    0x09c4, 0x09c4, 0x09c4, 0x09c4, 0x09c4, 0x09c4, 0x09c4, 0x09c4, 0x09c4, 0x09c4, 0x09c4, 0x09c4, 0x09c4, 0x09c4, 0x09c4, 0x09c4,
    0x09c4, 0x09c4, 0x09c4, 0x09c4, 0x09c4, 0x09c4, 0x09c4, 0x09c4, 0x09c4, 0x09c4, 0x09c4, 0x09c4, 0x09c4, 0x09c4, 0x09c4, 0x09c4,
    0x09c4, 0x09c4, 0x09c4, 0x09c4, 0x09c4, 0x09c4, 0x09c4, 0x09c4, 0x09c4, 0x09c4, 0x09c4, 0x09c4, 0x09c4, 0x09c4, 0x09c4, 0x09c4,
    0x09c4, 0x09c4, 0x09c4, 0x09c4, 0x09c4, 0x09e4, 0x09e4, 0x09e4, 0x09c4, 0x09c4, 0x09c4, 0x8ccf, 0xff79, 0xff79, 0xff79, 0xff79,
    0xff79, 0xff79, 0x01c3, 0x0a04, 0x09a3, 0x3aa7, 0xff79, 0xff79, 0xff79, 0xff79, 0xff79, 0xff79, 0x5bab, 0x09c4, 0x09c4, 0x09e4,
    0x09c4, 0x09e4, 0x09e4, 0x09e4, 0x09c4, 0x09e4, 0x09e4, 0x09c4, 0x09e4, 0x09e4, 0x09e4, 0x09e4, 0x09e4, 0x09e4, 0x09e4, 0x09e4,
    0x09e4, 0x09e4, 0x09e4, 0x09e4, 0x09e4, 0x09e4, 0x09e4, 0x09e4, 0x09e4, 0x09e4, 0x09e4, 0x09e4, 0x09e4, 0x09e4, 0x09c4, 0x09e4,
    0x09e4, 0x09c4, 0x09e4, 0x09e4, 0x09e4, 0x0142, 0xff99, 0xff79, 0xff79, 0xff79, 0xff79, 0xf77a, 0xf77a, 0xf77a, 0xf77a, 0xf77a,
    0xf77a, 0xf77a, 0xf77a, 0xf77a, 0xf77a, 0xf77a, 0xf77a, 0xf77a, 0xf77a, 0xf79a, 0xf77b, 0xf77b, 0xf77a, 0xf77a, 0xf77a, 0xf77a,
    0xf77a, 0xff9a, 0xff58, 0x0183, 0x09e3, 0x09e4, 0x09e4, 0x09e4, 0x09e4, 0x09e4, 0x09e4, 0x09e4, 0x09c4, 0x09c4, 0x09c4, 0x09c4,
    0x09c4, 0x09c4, 0x09c4, 0x09c4, 0x09c4, 0x09c4, 0x09c4, 0x09c4, 0x09c4, 0x09c4, 0x09c4, 0x09c4, 0x09c4, 0x09c4, 0x09c4, 0x09c4,
    0x09c4, 0x09c4, 0x09c4, 0x09c4, 0x09c4, 0x09c4, 0x09c4, 0x09c4, 0x09c4, 0x09c4, 0x09c4, 0x09c4, 0x09c4, 0x09c4, 0x09c4, 0x09c4,
    0x09c4, 0x09c4, 0x09c4, 0x09c4, 0x09c4, 0x09c4, 0x09c4, 0x09c4, 0x09c4, 0x09c4, 0x09c4, 0x09c4, 0x09c4, 0x09c4, 0x09c4, 0x09c4,
    0x09c4, 0x09c4, 0x09c4, 0x09c4, 0x09c4, 0x09c4, 0x09c4, 0x09c4, 0x09c4, 0x09c4, 0x09c4, 0x09c4, 0x09c4, 0x09c4, 0x09c4, 0x09c4,
    0x09c4, 0x09c4, 0x09c4, 0x09c4, 0x09c4, 0x09c4, 0x09c4, 0x09c4, 0x09c4, 0x09c4, 0x09c4, 0x09c4, 0x09c4, 0x09c4, 0x09c4, 0x09c4,
    0x09c4, 0x09c4, 0x09c4, 0x09c4, 0x09c4, 0x09c4, 0x09c4, 0x09c4, 0x09c4, 0x09c4, 0x09c4, 0x09c4, 0x09c4, 0x09c4, 0x09c4, 0x09c4,
    0x09c4, 0x09c4, 0x09c4, 0x09c4, 0x09c4, 0x09c4, 0x09c4, 0x09c4, 0x09c4, 0x09c4, 0x09c4, 0x09c4, 0x09c4, 0x09c4, 0x09c4, 0x09c4,
    0x09c4, 0x09c4, 0x09c4, 0x09c4, 0x09c4, 0x09c4, 0x09c4, 0x09c4, 0x09c4, 0x09c4, 0x09c4, 0x09c4, 0x09c4, 0x09c4, 0x09c4, 0x09c4,
    0x09c4, 0x09c4, 0x09c4, 0x09c4, 0x09e4, 0x09e4, 0x09c4, 0x09c3, 0x09c4, 0x09c3, 0x09e4, 0x84ae, 0xff79, 0xff79, 0xff79, 0xff79,
    0xff79, 0xff79, 0x0163, 0x0183, 0x0183, 0x3aa7, 0xff79, 0xff79, 0xff79, 0xff79, 0xff79, 0xff79, 0x536a, 0x09e4, 0x09e4, 0x09e4,
    0x09e4, 0x09e4, 0x09e4, 0x09c4, 0x09e4, 0x09e4, 0x09e4, 0x09e4, 0x09e4, 0x09c4, 0x09c4, 0x09e4, 0x09e4, 0x09e4, 0x09e4, 0x09e4,
    0x09e4, 0x09e4, 0x09e4, 0x09e4, 0x09e4, 0x09e4, 0x09e4, 0x09e4, 0x09e4, 0x09e4, 0x09e4, 0x09e4, 0x09e4, 0x09e4, 0x09e4, 0x09e4,
    0x09e4, 0x09e4, 0x09e4, 0x09e4, 0x09e4, 0x09e4, 0x3ae8, 0x4328, 0x4328, 0x4308, 0x3b08, 0x4328, 0x4328, 0x4328, 0x3b08, 0x3b08,
    0x4328, 0x4328, 0x4328, 0x4328, 0x4328, 0x4328, 0x4328, 0x4329, 0x4349, 0x4b29, 0x4328, 0x4329, 0x3b08, 0x3ae8, 0x3ac8, 0x3ac8,
    0x3b08, 0x3b08, 0x3ae8, 0x09e3, 0x09e4, 0x09e4, 0x09e4, 0x09e4, 0x09e4, 0x09e4, 0x09e4, 0x09e4, 0x09c4, 0x09c4, 0x09c4, 0x09c4,
    0x09c4, 0x09c4, 0x09c4, 0x09c4, 0x09c4, 0x09c4, 0x09c4, 0x09c4, 0x09c4, 0x09c4, 0x09c4, 0x09c4, 0x09c4, 0x09c4, 0x09c4, 0x09c4,
    0x09c4, 0x09c4, 0x09c4, 0x09c4, 0x09c4, 0x09c4, 0x09c4, 0x09c4, 0x09c4, 0x09c4, 0x09c4, 0x09c4, 0x09c4, 0x09c4, 0x09c4, 0x09c4,
    0x09c4, 0x09c4, 0x09c4, 0x09c4, 0x09c4, 0x09c4, 0x09c4, 0x09c4, 0x09c4, 0x09c4, 0x09c4, 0x09c4, 0x09c4, 0x09c4, 0x09c4, 0x09c4,
    0x09c4, 0x09c4, 0x09c4, 0x09c4, 0x09c4, 0x09c4, 0x09c4, 0x09c4, 0x09c4, 0x09c4, 0x09c4, 0x09c4, 0x09c4, 0x09c4, 0x09c4, 0x09c4,
    0x09c4, 0x09c4, 0x09c4, 0x09c4, 0x09c4, 0x09c4, 0x09c4, 0x09c4, 0x09c4, 0x09c4, 0x09c4, 0x09c4, 0x09c4, 0x09c4, 0x09c4, 0x09c4,
    0x09c4, 0x09c4, 0x09c4, 0x09c4, 0x09c4, 0x09c4, 0x09c4, 0x09c4, 0x09c4, 0x09c4, 0x09c4, 0x09c4, 0x09c4, 0x09c4, 0x09c4, 0x09c4,
    0x09c4, 0x09c4, 0x09c4, 0x09c4, 0x09c4, 0x09c4, 0x09c4, 0x09c4, 0x09c4, 0x09c4, 0x09c4, 0x09c4, 0x09c4, 0x09c4, 0x09c4, 0x09c4,
    0x09c4, 0x09c4, 0x09c4, 0x09c4, 0x09c4, 0x09c4, 0x09c4, 0x09c4, 0x09c4, 0x09c4, 0x09c4, 0x09c4, 0x09c4, 0x09c4, 0x09c4, 0x09c4,
    0x09c4, 0x09c4, 0x09c4, 0x09c4, 0x09e4, 0x09e4, 0x09e4, 0x09c4, 0x09e4, 0x09e4, 0x09e4, 0x09c4, 0xdeb7, 0xff9a, 0xff9a, 0xff99,
    0xff99, 0xff9a, 0xff99, 0xff99, 0xffba, 0xff9a, 0xff99, 0xff9a, 0xff9a, 0xff9a, 0xff79, 0x09c3, 0x09e4, 0x09e4, 0x09c4, 0x09c4,
    0x09c4, 0x09c4, 0x09e4, 0x09e4, 0x09e4, 0x09e4, 0x09e4, 0x09c4, 0x09e4, 0x09e4, 0x09e4, 0x09e4, 0x09e4, 0x09e4, 0x09e4, 0x09e4,
    0x09e4, 0x09e4, 0x09e4, 0x09e4, 0x09e4, 0x09e4, 0x09e4, 0x09e4, 0x09e4, 0x09e4, 0x09e4, 0x09e4, 0x09e4, 0x09e4, 0x09e4, 0x09e4,
    0x09e4, 0x09e4, 0x09e4, 0x09e4, 0x09e4, 0x09e4, 0x09e4, 0x09e4, 0x09e4, 0x09e4, 0x09e4, 0x09e4, 0x09e4, 0x0a04, 0x09e4, 0x09e4,
    0x09e4, 0x09e4, 0x09e4, 0x09e4, 0x09e4, 0x09e4, 0x09e4, 0x09e4, 0x09e4, 0x09e4, 0x09e4, 0x09e4, 0x09e4, 0x09e4, 0x09e4, 0x09e4,
    0x09e4, 0x09e4, 0x09c4, 0x09e4, 0x09e4, 0x09e4, 0x09e4, 0x09e4, 0x09e4, 0x09e4, 0x09e4, 0x09e4, 0x09c4, 0x09c4, 0x09c4, 0x09c4,
    0x09c4, 0x09c4, 0x09c4, 0x09c4, 0x09c4, 0x09c4, 0x09c4, 0x09c4, 0x09c4, 0x09c4, 0x09c4, 0x09c4, 0x09c4, 0x09c4, 0x09c4, 0x09c4,
    0x09c4, 0x09c4, 0x09c4, 0x09c4, 0x09c4, 0x09c4, 0x09c4, 0x09c4, 0x09c4, 0x09c4, 0x09c4, 0x09c4, 0x09c4, 0x09c4, 0x09c4, 0x09c4,
    0x09c4, 0x09c4, 0x09c4, 0x09c4, 0x09c4, 0x09c4, 0x09c4, 0x09c4, 0x09c4, 0x09c4, 0x09c4, 0x09c4, 0x09c4, 0x09c4, 0x09c4, 0x09c4,
    0x09c4, 0x09c4, 0x09c4, 0x09c4, 0x09c4, 0x09c4, 0x09c4, 0x09c4, 0x09c4, 0x09c4, 0x09c4, 0x09c4, 0x09c4, 0x09c4, 0x09c4, 0x09c4,
    0x09c4, 0x09c4, 0x09c4, 0x09c4, 0x09c4, 0x09c4, 0x09c4, 0x09c4, 0x09c4, 0x09c4, 0x09c4, 0x09c4, 0x09c4, 0x09c4, 0x09c4, 0x09c4,
    0x09c4, 0x09c4, 0x09c4, 0x09c4, 0x09c4, 0x09c4, 0x09c4, 0x09c4, 0x09c4, 0x09c4, 0x09c4, 0x09c4, 0x09c4, 0x09c4, 0x09c4, 0x09c4,
    0x09c4, 0x09c4, 0x09c4, 0x09c4, 0x09c4, 0x09c4, 0x09c4, 0x09c4, 0x09c4, 0x09c4, 0x09c4, 0x09c4, 0x09c4, 0x09c4, 0x09c4, 0x09c4,
    0x09c4, 0x09c4, 0x09c4, 0x09c4, 0x09c4, 0x09c4, 0x09c4, 0x09c4, 0x09c4, 0x09c4, 0x09c4, 0x09c4, 0x09c4, 0x09c4, 0x09c4, 0x09c4,
    0x09c4, 0x09c4, 0x09c4, 0x09c4, 0x09c4, 0x09c4, 0x09c4, 0x09c4, 0x09c4, 0x09c4, 0x09c4, 0x09c4, 0x09c4, 0x09c4, 0x09c4, 0x09c4,
    0x09c4, 0x09c4, 0x09c4, 0x09c4, 0x09c4, 0x09c4, 0x09c4, 0x09c4, 0x09c4, 0x09c4, 0x09c4, 0x09c4, 0x09c4, 0x09c4, 0x09c4, 0x09c4,
    0x09c4, 0x09c4, 0x09c4, 0x09c4, 0x09c4, 0x09c4, 0x09c4, 0x09c4, 0x09c4, 0x09c4, 0x09c4, 0x09c4, 0x09c4, 0x09c4, 0x09c4, 0x09c4,
    0x09c4, 0x09c4, 0x09c4, 0x09c4, 0x09c4, 0x09c4, 0x09c4, 0x09c4, 0x09c4, 0x09c4, 0x09c4, 0x09c4, 0x09c4, 0x09c4, 0x09c4, 0x09c4,
    0x09c4, 0x09c4, 0x09c4, 0x09c4, 0x09c4, 0x09c4, 0x09c4, 0x09c4, 0x09c4, 0x09c4, 0x09c4, 0x09c4, 0x09c4, 0x09c4, 0x09c4, 0x09c4,
    0x09c4, 0x09c4, 0x09c4, 0x09c4, 0x09c4, 0x09c4, 0x09c4, 0x09c4, 0x09c4, 0x09c4, 0x09c4, 0x09c4, 0x09c4, 0x09c4, 0x09c4, 0x09c4,
    0x09c4, 0x09c4, 0x09c4, 0x09c4, 0x09c4, 0x09c4, 0x09c4, 0x09c4, 0x09c4, 0x09c4, 0x09c4, 0x09c4, 0x09c4, 0x09c4, 0x09c4, 0x09c4,
    0x09c4, 0x09c4, 0x09c4, 0x09c4, 0x09c4, 0x09c4, 0x09c4, 0x09c4, 0x09c4, 0x09c4, 0x09c4, 0x09c4, 0x09c4, 0x09c4, 0x09c4, 0x09c4,
    0x09c4, 0x09c4, 0x09c4, 0x09c4, 0x09c4, 0x09c4, 0x09c4, 0x09c4, 0x09c4, 0x09c4, 0x09c4, 0x09c4, 0x09c4, 0x09c4, 0x09c4, 0x09c4,
    0x09c4, 0x09c4, 0x09c4, 0x09c4, 0x09c4, 0x09c4, 0x09c4, 0x09c4, 0x09c4, 0x09c4, 0x09c4, 0x09c4, 0x09c4, 0x09c4, 0x09c4, 0x09c4,
    0x09c4, 0x09c4, 0x09c4, 0x09c4, 0x09c4, 0x09c4, 0x09c4, 0x09c4, 0x09c4, 0x09c4, 0x09c4, 0x09c4, 0x09c4, 0x09c4, 0x09c4, 0x09c4,
    0x09c4, 0x09c4, 0x09c4, 0x09c4, 0x09c4, 0x09c4, 0x09c4, 0x09c4, 0x09c4, 0x09c4, 0x09c4, 0x09c4, 0x09c4, 0x09c4, 0x09c4, 0x09c4,
    0x09c4, 0x09c4, 0x09c4, 0x09c4, 0x09c4, 0x09c4, 0x09c4, 0x09c4, 0x09c4, 0x09c4, 0x09c4, 0x09c4, 0x09c4, 0x09c4, 0x09c4, 0x09c4,
    0x09c4, 0x09c4, 0x09c4, 0x09c4, 0x09c4, 0x09c4, 0x09c4, 0x09c4, 0x09c4, 0x09c4, 0x09c4, 0x09c4, 0x09c4, 0x09c4, 0x09c4, 0x09c4,
    0x09c4, 0x09c4, 0x09c4, 0x09c4, 0x09c4, 0x09c4, 0x09c4, 0x09c4, 0x09c4, 0x09c4, 0x09c4, 0x09c4, 0x09c4, 0x09c4, 0x09c4, 0x09c4,
    0x09c4, 0x09c4, 0x09c4, 0x09c4, 0x09c4, 0x09c4, 0x09c4, 0x09c4, 0x09c4, 0x09c4, 0x09c4, 0x09c4, 0x09c4, 0x09c4, 0x09c4, 0x09c4,
    0x09c4, 0x09c4, 0x09c4, 0x09c4, 0x09c4, 0x09c4, 0x09c4, 0x09c4, 0x09c4, 0x09c4, 0x09c4, 0x09c4, 0x09c4, 0x09c4, 0x09c4, 0x09c4,
    0x09c4, 0x09c4, 0x09c4, 0x09c4, 0x09c4, 0x09c4, 0x09c4, 0x09c4, 0x09c4, 0x09c4, 0x09c4, 0x09c4, 0x09c4, 0x09c4, 0x09c4, 0x09c4,
    0x09c4, 0x09c4, 0x09c4, 0x09c4, 0x09c4, 0x09c4, 0x09c4, 0x09c4, 0x09c4, 0x09c4, 0x09c4, 0x09c4, 0x09c4, 0x09c4, 0x09c4, 0x09c4,
    0x09c4, 0x09c4, 0x09c4, 0x09c4, 0x09c4, 0x09c4, 0x09c4, 0x09c4, 0x09c4, 0x09c4, 0x09c4, 0x09c4, 0x09c4, 0x09c4, 0x09c4, 0x09c4,
    0x09c4, 0x09c4, 0x09c4, 0x09c4, 0x09c4, 0x09c4, 0x09c4, 0x09c4, 0x09c4, 0x09c4, 0x09c4, 0x09c4, 0x09c4, 0x09c4, 0x09c4, 0x09c4,
    0x09c4, 0x09c4, 0x09c4, 0x09c4, 0x09c4, 0x09c4, 0x09c4, 0x09c4, 0x09c4, 0x09c4, 0x09c4, 0x09c4, 0x09c4, 0x09c4, 0x09c4, 0x09c4,
    0x09c4, 0x09c4, 0x09c4, 0x09c4, 0x09c4, 0x09c4, 0x09c4, 0x09c4, 0x09c4, 0x09c4, 0x09c4, 0x09c4, 0x09c4, 0x09c4, 0x09c4, 0x09c4,
    0x09c4, 0x09c4, 0x09c4, 0x09c4, 0x09c4, 0x09c4, 0x09c4, 0x09c4, 0x09c4, 0x09c4, 0x09c4, 0x09c4, 0x09c4, 0x09c4, 0x09c4, 0x09c4,
    0x09c4, 0x09c4, 0x09c4, 0x09c4, 0x09c4, 0x09c4, 0x09c4, 0x09c4, 0x09c4, 0x09c4, 0x09c4, 0x09c4, 0x09c4, 0x09c4, 0x09c4, 0x09c4,
    0x09c4, 0x09c4, 0x09c4, 0x09c4, 0x09c4, 0x09c4, 0x09c4, 0x09c4, 0x09c4, 0x09c4, 0x09c4, 0x09c4, 0x09c4, 0x09c4, 0x09c4, 0x09c4,
    0x09c4, 0x09c4, 0x09c4, 0x09c4, 0x09c4, 0x09c4, 0x09c4, 0x09c4, 0x09c4, 0x09c4, 0x09c4, 0x09c4, 0x09c4, 0x09c4, 0x09c4, 0x09c4,
    0x09c4, 0x09c4, 0x09c4, 0x09c4, 0x09c4, 0x09c4, 0x09c4, 0x09c4, 0x09c4, 0x09c4, 0x09c4, 0x09c4, 0x09c4, 0x09c4, 0x09c4, 0x09c4,
    0x09c4, 0x09c4, 0x09c4, 0x09c4, 0x09c4, 0x09c4, 0x09c4, 0x09c4, 0x09c4, 0x09c4, 0x09c4, 0x09c4, 0x09c4, 0x09c4, 0x09c4, 0x09c4,
    0x09c4, 0x09c4, 0x09c4, 0x09c4, 0x09c4, 0x09c4, 0x09c4, 0x09c4, 0x09c4, 0x09c4, 0x09c4, 0x09c4, 0x09c4, 0x09c4, 0x09c4, 0x09c4,
    0x09c4, 0x09c4, 0x09c4, 0x09c4, 0x09c4, 0x09c4, 0x09c4, 0x09c4, 0x09c4, 0x09c4, 0x09c4, 0x09c4, 0x09c4, 0x09c4, 0x09c4, 0x09c4,
    0x09c4, 0x09c4, 0x09c4, 0x09c4, 0x09c4, 0x09c4, 0x09c4, 0x09c4, 0x09c4, 0x09c4, 0x09c4, 0x09c4, 0x09c4, 0x09c4, 0x09c4, 0x09c4,
    0x09c4, 0x09c4, 0x09c4, 0x09c4, 0x09c4, 0x09c4, 0x09c4, 0x09c4, 0x09c4, 0x09c4, 0x09c4, 0x09c4, 0x09c4, 0x09c4, 0x09c4, 0x09c4,
    0x09c4, 0x09c4, 0x09c4, 0x09c4, 0x09c4, 0x09c4, 0x09c4, 0x09c4, 0x09c4, 0x09c4, 0x09c4, 0x09c4, 0x09c4, 0x09c4, 0x09c4, 0x09c4,
    0x09c4, 0x09c4, 0x09c4, 0x09c4, 0x09c4, 0x09c4, 0x09c4, 0x09c4, 0x09c4, 0x09c4, 0x09c4, 0x09c4, 0x09c4, 0x09c4, 0x09c4, 0x09c4,
    0x09c4, 0x09c4, 0x09c4, 0x09c4, 0x09c4, 0x09c4, 0x09c4, 0x09c4, 0x09c4, 0x09c4, 0x09c4, 0x09c4, 0x09c4, 0x09c4, 0x09c4, 0x09c4,
    0x09c4, 0x09c4, 0x09c4, 0x09c4, 0x09c4, 0x09c4, 0x09c4, 0x09c4, 0x09c4, 0x09c4, 0x09c4, 0x09c4, 0x09c4, 0x09c4, 0x09c4, 0x09c4,
    0x09c4, 0x09c4, 0x09c4, 0x09c4, 0x09c4, 0x09c4, 0x09c4, 0x09c4, 0x09c4, 0x09c4, 0x09c4, 0x09c4, 0x09c4, 0x09c4, 0x09c4, 0x09c4,
    0x09c4, 0x09c4, 0x09c4, 0x09c4, 0x09c4, 0x09c4, 0x09c4, 0x09c4, 0x09c4, 0x09c4, 0x09c4, 0x09c4, 0x09c4, 0x09c4, 0x09c4, 0x09c4,
    0x09c4, 0x09c4, 0x09c4, 0x09c4, 0x09c4, 0x09c4, 0x09c4, 0x09c4, 0x09c4, 0x09c4, 0x09c4, 0x09c4, 0x09c4, 0x09c4, 0x09c4, 0x09c4,
    0x09c4, 0x09c4, 0x09c4, 0x09c4, 0x09c4, 0x09c4, 0x09c4, 0x09c4, 0x09c4, 0x09c4, 0x09c4, 0x09c4, 0x09c4, 0x09c4, 0x09c4, 0x09c4,
    0x09c4, 0x09c4, 0x09c4, 0x09c4, 0x09c4, 0x09c4, 0x09c4, 0x09c4, 0x09c4, 0x09c4, 0x09c4, 0x09c4, 0x09c4, 0x09c4, 0x09c4, 0x09c4,
    0x09c4, 0x09c4, 0x09c4, 0x09c4, 0x09c4, 0x09c4, 0x09c4, 0x09c4, 0x09c4, 0x09c4, 0x09c4, 0x09c4, 0x09c4, 0x09c4, 0x09c4, 0x09c4,
    0x09c4, 0x09c4, 0x09c4, 0x09c4, 0x09c4, 0x09c4, 0x09c4, 0x09c4, 0x09c4, 0x09c4, 0x09e4, 0x09e4, 0x09e4, 0x09e4, 0x09c4, 0x09c4,
    0x09c3, 0x09e4, 0x09e4, 0x09e4, 0x09e4, 0x09e4, 0x09c4, 0x09e4, 0x09e4, 0x09e4, 0x09e4, 0x09c4, 0x09c4, 0x09c4, 0x09c3, 0x09c3,
    0x09c4, 0x09c3, 0x09c3, 0x09c3, 0x09e4, 0x09e3, 0x09e3, 0x09e3, 0x09e4, 0x09e4, 0x09e4, 0x09e4, 0x09e4, 0x09e4, 0x09e4, 0x09e4,
    0x09e4, 0x09e4, 0x09c3, 0x09c3, 0x09c4, 0x09e4, 0x09c4, 0x09c4, 0x09c4, 0x09c4, 0x09c4, 0x09c4, 0x09c4, 0x09e4, 0x09e4, 0x09c4,
    0x09e4, 0x09e4, 0x09e4, 0x09e4, 0x09e4, 0x09c4, 0x09c4, 0x09c4, 0x09e4, 0x09e4, 0x09e4, 0x09e4, 0x09e4, 0x09e4, 0x09e4, 0x09e4,
    0x09e4, 0x09e4, 0x09e4, 0x09e4, 0x09e4, 0x09e4, 0x09e4, 0x09e4, 0x09e4, 0x09e4, 0x09e4, 0x09e4, 0x09e4, 0x09e4, 0x09e4, 0x09e4,
    0x09e4, 0x09e4, 0x09e4, 0x09e4, 0x09c4, 0x09e4, 0x09e4, 0x09e4, 0x09c4, 0x09c4, 0x09e4, 0x09e4, 0x09e4, 0x09e4, 0x09e4, 0x09e4,
    0x09e4, 0x09e4, 0x09e4, 0x09e4, 0x09e4, 0x09e4, 0x09e4, 0x09e4, 0x09e4, 0x09e4, 0x09e4, 0x09e4, 0x09e4, 0x09e4, 0x09e4, 0x09e4,
    0x09e4, 0x09e4, 0x09e4, 0x09e4, 0x09e4, 0x09e4, 0x09e4, 0x09e4, 0x09e4, 0x09e4, 0x09e4, 0x09e4, 0x09e4, 0x09e4, 0x09e4, 0x09e4,
    0x09e4, 0x09c3, 0x09e4, 0x09c4, 0x09e4, 0x09c4, 0x09c4, 0x09e4, 0x09e4, 0x09c4, 0x09c4, 0x09c4, 0x09c4, 0x09c4, 0x09e4, 0x09e4,
    0x09e4, 0x09e4, 0x09e4, 0x09e4, 0x09e4, 0x09e4, 0x09e4, 0x09e4, 0x09c4, 0x09c4, 0x09c4, 0x09c4, 0x09c4, 0x09c4, 0x09c4, 0x09c4,
    0x09c4, 0x09c4, 0x09c4, 0x09c4, 0x09c4, 0x09c4, 0x09c4, 0x09c4, 0x09c4, 0x09c4, 0x09c4, 0x09c4, 0x09c4, 0x09c4, 0x09c4, 0x09c4,
    0x09c4, 0x09c4, 0x09c4, 0x09c4, 0x09c4, 0x09c4, 0x09c4, 0x09c4, 0x09c4, 0x09c4, 0x09c4, 0x09c4, 0x09c4, 0x09c4, 0x09c4, 0x09c4,
    0x09c4, 0x09c4, 0x09c4, 0x09c4, 0x09c4, 0x09c4, 0x09c4, 0x09c4, 0x09c4, 0x09c4, 0x09c4, 0x09c4, 0x09c4, 0x09c4, 0x09c4, 0x09c4,
    0x09c4, 0x09c4, 0x09c4, 0x09c4, 0x09c4, 0x09c4, 0x09c4, 0x09c4, 0x09c4, 0x09c4, 0x09c4, 0x09c4, 0x09c4, 0x09c4, 0x09c4, 0x09c4,
    0x09c4, 0x09c4, 0x09c4, 0x09c4, 0x09c4, 0x09c4, 0x09c4, 0x09c4, 0x09c4, 0x09c4, 0x09c4, 0x09e4, 0x09e4, 0x09c4, 0x09c4, 0x09e4,
    0x09c3, 0x09c4, 0x09e4, 0x09e4, 0x09e4, 0x09e4, 0x09e4, 0x09e4, 0x09c4, 0x09e4, 0x09c4, 0x09e4, 0x09c4, 0x09c3, 0x09c3, 0x09c3,
    0x09c3, 0x09c3, 0x09e3, 0x09c3, 0x09c3, 0x09e3, 0x09c3, 0x09e3, 0x09e4, 0x09e4, 0x09e4, 0x09e4, 0x09e4, 0x09e4, 0x09e3, 0x09e3,
    0x09e4, 0x09e4, 0x09c4, 0x09c4, 0x09e4, 0x09e4, 0x09c4, 0x09c4, 0x09c4, 0x09c4, 0x09c3, 0x09c4, 0x09c4, 0x09c4, 0x09c4, 0x09c4,
    0x09c4, 0x09e4, 0x09c4, 0x09e4, 0x09e4, 0x09c4, 0x09c4, 0x09c3, 0x09c3, 0x09c3, 0x09c4, 0x09e4, 0x09e4, 0x09c4, 0x09e4, 0x09e4,
    0x09e4, 0x09e4, 0x09e4, 0x09e4, 0x09e4, 0x09e4, 0x09e4, 0x09c3, 0x09c4, 0x09c4, 0x09e4, 0x09e4, 0x09e4, 0x09e4, 0x09e4, 0x09e4,
    0x09e4, 0x09e4, 0x09e4, 0x09e4, 0x09c4, 0x09c4, 0x09e4, 0x09c4, 0x09c4, 0x09e4, 0x09e4, 0x09e4, 0x09e4, 0x09e4, 0x09c4, 0x09c4,
    0x09e4, 0x09e4, 0x09e4, 0x09e4, 0x09e4, 0x09e4, 0x09e4, 0x09e4, 0x09e4, 0x09e4, 0x09e4, 0x09e4, 0x09e4, 0x09e4, 0x09e4, 0x09e4,
    0x09c4, 0x09e4, 0x09c4, 0x09c4, 0x09e4, 0x09e4, 0x09e4, 0x09e4, 0x09e4, 0x09e4, 0x09e4, 0x09e4, 0x09e4, 0x09c4, 0x09c4, 0x09e4,
    0x09e4, 0x09e4, 0x09e4, 0x09e3, 0x09c4, 0x09e4, 0x09e4, 0x09e4, 0x09c4, 0x09c4, 0x09c4, 0x09c4, 0x09c4, 0x09c4, 0x09c3, 0x09c4,
    0x09e4, 0x09e4, 0x09e4, 0x09e4, 0x09e4, 0x09e4, 0x09e4, 0x09c4, 0x09c4, 0x09c4, 0x09c4, 0x09c4, 0x09c4, 0x09c4, 0x09c4, 0x09c4,
    0x09c4, 0x09c4, 0x09c4, 0x09c4, 0x09c4, 0x09c4, 0x09c4, 0x09c4, 0x09c4, 0x09c4, 0x09c4, 0x09c4, 0x09c4, 0x09c4, 0x09c4, 0x09c4,
    0x09c4, 0x09c4, 0x09c4, 0x09c4, 0x09c4, 0x09c4, 0x09c4, 0x09c4, 0x09c4, 0x09c4, 0x09c4, 0x09c4, 0x09c4, 0x09c4, 0x09c4, 0x09c4,
    0x09c4, 0x09c4, 0x09c4, 0x09c4, 0x09c4, 0x09c4, 0x09c4, 0x09c4, 0x09c4, 0x09c4, 0x09c4, 0x09c4, 0x09c4, 0x09c4, 0x09c4, 0x09c4,
    0x09c4, 0x09c4, 0x09c4, 0x09c4, 0x09c4, 0x09c4, 0x09c4, 0x09c4, 0x09c4, 0x09c4, 0x09c4, 0x09c4, 0x09c4, 0x09c4, 0x09c4, 0x09c4,
    0x09c4, 0x09c4, 0x09c4, 0x09c4, 0x09c4, 0x09c4, 0x09c4, 0x09c4, 0x09c4, 0x09c4, 0x09c4, 0x09c4, 0x09e4, 0x09c4, 0x09e4, 0x09c3,
    0x09c4, 0x09c4, 0x09e4, 0x09e4, 0x09e4, 0x09c4, 0x09c4, 0x09c4, 0x09e4, 0x09e4, 0x09e4, 0x09c4, 0x09e4, 0x09c3, 0x09c3, 0x09c3,
    0x09c3, 0x09e3, 0x09e3, 0x09c3, 0x09c3, 0x09c3, 0x09e3, 0x09e3, 0x09e4, 0x09e4, 0x09e4, 0x09e3, 0x09c4, 0x09e4, 0x09e4, 0x09e4,
    0x09c3, 0x09c4, 0x09e4, 0x0a04, 0x0a04, 0x09e4, 0x09e4, 0x09e4, 0x09c4, 0x09c3, 0x09c3, 0x09c4, 0x09c4, 0x09c4, 0x09c4, 0x09c4,
    0x09c4, 0x09e4, 0x09c4, 0x09c4, 0x09c4, 0x09c4, 0x09c4, 0x09c4, 0x09c4, 0x09c3, 0x09c4, 0x09c4, 0x09e4, 0x09e4, 0x09c4, 0x09e4,
    0x09e4, 0x09e4, 0x09e4, 0x09e4, 0x09e4, 0x09e4, 0x09c4, 0x09c4, 0x09e4, 0x09e4, 0x09e4, 0x09e4, 0x09e4, 0x09e4, 0x09e4, 0x09e4,
    0x09c4, 0x09c4, 0x09e4, 0x09e4, 0x09e4, 0x09c4, 0x09c3, 0x09c4, 0x09e4, 0x09e4, 0x09e4, 0x09c3, 0x09c4, 0x09e4, 0x09e4, 0x09e4,
    0x09c4, 0x09c4, 0x09e4, 0x09c4, 0x09e4, 0x09e4, 0x09e4, 0x09e4, 0x09e4, 0x09c4, 0x09e4, 0x09e4, 0x09e4, 0x09e4, 0x09e4, 0x09e4,
    0x09e4, 0x09e4, 0x09c4, 0x09e4, 0x09e4, 0x09e4, 0x09c4, 0x09c4, 0x09c4, 0x09c4, 0x09c3, 0x09e4, 0x09e4, 0x09e4, 0x09c4, 0x09c4,
    0x09c4, 0x09e4, 0x09e4, 0x09e4, 0x09e4, 0x09e4, 0x09e4, 0x09e4, 0x09e4, 0x09e4, 0x09e4, 0x09c4, 0x09c3, 0x09c3, 0x09c3, 0x09e4,
    0x09c4, 0x09c4, 0x09e4, 0x09e4, 0x09e4, 0x09e4, 0x09e4, 0x09e4, 0x09c4, 0x09c4, 0x09c4, 0x09c4, 0x09c4, 0x09c4, 0x09c4, 0x09c4,
    0x09c4, 0x09c4, 0x09c4, 0x09c4, 0x09c4, 0x09c4, 0x09c4, 0x09c4, 0x09c4, 0x09c4, 0x09c4, 0x09c4, 0x09c4, 0x09c4, 0x09c4, 0x09c4,
    0x09c4, 0x09c4, 0x09c4, 0x09c4, 0x09c4, 0x09c4, 0x09c4, 0x09c4, 0x09c4, 0x09c4, 0x09c4, 0x09c4, 0x09c4, 0x09c4, 0x09c4, 0x09c4,
    0x09c4, 0x09c4, 0x09c4, 0x09c4, 0x09c4, 0x09c4, 0x09c4, 0x09c4, 0x09c4, 0x09c4, 0x09c4, 0x09c4, 0x09c4, 0x09c4, 0x09c4, 0x09c4,
    0x09c4, 0x09c4, 0x09c4, 0x09c4, 0x09c4, 0x09c4, 0x09c4, 0x09c4, 0x09c4, 0x09c4, 0x09c4, 0x09c4, 0x09c4, 0x09c4, 0x09c4, 0x09c4,
    0x09c4, 0x09c4, 0x09c4, 0x09c4, 0x09c4, 0x09c4, 0x09c4, 0x09c4, 0x09c4, 0x09c4, 0x09c4, 0x09e4, 0x09e4, 0x09c4, 0x09c3, 0x09c4,
    0x09c4, 0x09c3, 0x09e4, 0x09e4, 0x09e4, 0x09e4, 0x09e4, 0x09c4, 0x09e4, 0x09e4, 0x09e4, 0x09c4, 0x09e4, 0x09c4, 0x09c4, 0x09c3,
    0x09c4, 0x09c3, 0x09e3, 0x09c3, 0x09c3, 0x09e4, 0x0a04, 0x09e4, 0x09e4, 0x0a04, 0x0a04, 0x09c3, 0x09c3, 0x09e4, 0x0a04, 0x09e4,
    0x09a3, 0x09c3, 0x09e4, 0x0a24, 0x0a24, 0x0a04, 0x0a04, 0x09e4, 0x09c4, 0x09c3, 0x09a3, 0x09c4, 0x09c4, 0x09e4, 0x09e4, 0x09e4,
    0x09e4, 0x09e4, 0x09c4, 0x09c4, 0x09c3, 0x09c3, 0x09c4, 0x09c4, 0x09c4, 0x09e4, 0x09e4, 0x09e4, 0x09e4, 0x09e4, 0x09e4, 0x09e4,
    0x09c4, 0x09c4, 0x09e4, 0x09e4, 0x0a04, 0x09e4, 0x09c4, 0x09c4, 0x09e4, 0x09e4, 0x09e4, 0x09e4, 0x09e4, 0x0a04, 0x09e4, 0x09e4,
    0x09e4, 0x09c4, 0x09e4, 0x09e4, 0x09e4, 0x09c4, 0x09c3, 0x09e4, 0x09e4, 0x09e4, 0x09e4, 0x09c3, 0x09c4, 0x09e4, 0x0a04, 0x0a04,
    0x09e4, 0x09a3, 0x09c4, 0x09e4, 0x09e4, 0x09e4, 0x09e4, 0x09e4, 0x09e4, 0x09e4, 0x09c4, 0x09e4, 0x09e4, 0x09e4, 0x09e4, 0x09e4,
    0x09e4, 0x09e4, 0x09e4, 0x09c4, 0x09e4, 0x09e4, 0x09e4, 0x09c3, 0x09c3, 0x09c3, 0x09e3, 0x0a04, 0x0a04, 0x09e4, 0x09c4, 0x09a3,
    0x09c4, 0x09e4, 0x09e4, 0x0a04, 0x1204, 0x09e4, 0x09c4, 0x09e4, 0x09e4, 0x09e4, 0x09c4, 0x09c3, 0x09c3, 0x09c3, 0x09c4, 0x09e4,
    0x09e4, 0x09e4, 0x09e4, 0x09e4, 0x09e4, 0x09e4, 0x09e4, 0x09e4, 0x09c4, 0x09c4, 0x09c4, 0x09c4, 0x09c4, 0x09c4, 0x09c4, 0x09c4,
    0x09c4, 0x09c4, 0x09c4, 0x09c4, 0x09c4, 0x09c4, 0x09c4, 0x09c4, 0x09c4, 0x09c4, 0x09c4, 0x09c4, 0x09c4, 0x09c4, 0x09c4, 0x09c4,
    0x09c4, 0x09c4, 0x09c4, 0x09c4, 0x09c4, 0x09c4, 0x09c4, 0x09c4, 0x09c4, 0x09c4, 0x09c4, 0x09c4, 0x09c4, 0x09c4, 0x09c4, 0x09c4,
    0x09e4, 0x09e4, 0x09e4, 0x09e4, 0x09e4, 0x09e4, 0x09e4, 0x09e4, 0x09e4, 0x09e4, 0x09e4, 0x09e4, 0x09e4, 0x09e4, 0x09e4, 0x09e4,
    0x09e4, 0x09e4, 0x09e4, 0x09e4, 0x09e4, 0x09e4, 0x09e4, 0x09e4, 0x09e4, 0x09e4, 0x09e4, 0x09e4, 0x09e4, 0x09e4, 0x09e4, 0x09e4,
    0x09e4, 0x09e4, 0x09e4, 0x09e4, 0x09e4, 0x09e4, 0x09e4, 0x09e4, 0x09e4, 0x09e4, 0x09c4, 0x09c4, 0x09c4, 0x09c4, 0x09c4, 0x09c3,
    0x09c3, 0x09c3, 0xef5b, 0xf77a, 0xf77a, 0xf77a, 0xf77a, 0xf77a, 0xf77a, 0xf77a, 0xf75a, 0x09c4, 0x09e4, 0xf75a, 0xff7a, 0xf77b,
    0x09e4, 0x09c4, 0x09c3, 0xff9b, 0xff79, 0xf77a, 0x11c5, 0x09e4, 0x7c8d, 0xf77a, 0xf77a, 0xf77a, 0xf759, 0xf77a, 0xf79b, 0xff59,
    0x5349, 0x09a3, 0x1224, 0x1245, 0xf79b, 0xff9b, 0xf77b, 0x4b49, 0x09a3, 0x09c3, 0x09c4, 0xff9b, 0xf77a, 0xf77a, 0xffdb, 0x09c4,
    0x09e4, 0x09c4, 0x09e4, 0x09c4, 0x09e4, 0x09c4, 0x09c3, 0x5349, 0xf77a, 0xf77a, 0xff7a, 0xf779, 0xff7a, 0xf77a, 0xf77b, 0xc656,
    0x09c3, 0x09c4, 0x0a04, 0xf77b, 0xf779, 0xf779, 0xf779, 0xf779, 0xf79b, 0x0a24, 0x09e4, 0x09c4, 0xff9a, 0xf77a, 0xf77a, 0xff59,
    0xf779, 0xf77a, 0xad92, 0x09e4, 0x09c4, 0x0163, 0xef39, 0xff59, 0xf75a, 0x09e3, 0x0a04, 0x09c4, 0xb592, 0xff7a, 0xf79b, 0x8d10,
    0x0a04, 0x94ef, 0xf77a, 0xf77a, 0xf77a, 0xf779, 0xf759, 0xf759, 0xf77b, 0xf77b, 0x538a, 0x09e4, 0x09e4, 0x09e4, 0x09e4, 0x09e4,
    0x09e4, 0x09e4, 0x09e4, 0x09c4, 0x63cb, 0xf77b, 0xf77a, 0xf77a, 0xf759, 0xf759, 0xff9a, 0x09e4, 0x0a24, 0x0a24, 0x09e4, 0x0183,
    0xf759, 0xf77a, 0xf77b, 0xff79, 0xf77a, 0xf77a, 0x5369, 0x09e4, 0x09e4, 0x09e4, 0x09c4, 0xff7a, 0xff9a, 0xff79, 0x09c4, 0x09e4,
    0x09e4, 0x09e4, 0x09e4, 0x09e4, 0x09e4, 0x09e4, 0x09e4, 0x09c4, 0x09e4, 0x09e4, 0x09e4, 0x09e4, 0x09e4, 0x09e4, 0x09e4, 0x09e4,
    0x09e4, 0x09e4, 0x09e4, 0x09e4, 0x09e4, 0x09e4, 0x09e4, 0x09e4, 0x09e4, 0x09e4, 0x09e4, 0x09e4, 0x09e4, 0x09e4, 0x09e4, 0x09e4,
    0x09e4, 0x09e4, 0x09e4, 0x09e4, 0x09e4, 0x09e4, 0x09e4, 0x09e4, 0x09e4, 0x09e4, 0x09e4, 0x09e4, 0x09e4, 0x09e4, 0x09e4, 0x09e4,
    0x09e4, 0x09e4, 0x09e4, 0x09e4, 0x09e4, 0x09e4, 0x09e4, 0x09e4, 0x09e4, 0x09e4, 0x09e4, 0x09e4, 0x09e4, 0x09e4, 0x09e4, 0x09e4,
    0x09e4, 0x09e4, 0x09e4, 0x09e4, 0x09e4, 0x09e4, 0x09e4, 0x09e4, 0x09e4, 0x09e4, 0x09e4, 0x09e4, 0x09e4, 0x09e4, 0x09e4, 0x09e4,
    0x09e4, 0x09e4, 0x09e4, 0x09e4, 0x09e4, 0x09e4, 0x09e4, 0x09e4, 0x09e4, 0x09e4, 0x09e4, 0x09c4, 0x09c4, 0x09c4, 0x09c4, 0x09c3,
    0x09c4, 0x09c3, 0xf779, 0xff99, 0xff99, 0xff79, 0xff79, 0xff99, 0xff99, 0xff9a, 0xff7a, 0x09e4, 0x09c4, 0xf758, 0xff79, 0xff9a,
    0x09e4, 0x09e4, 0x09c4, 0xffba, 0xff79, 0xff79, 0x11a4, 0x09e4, 0x7c8d, 0xff79, 0xff9a, 0xff9a, 0xff79, 0xff99, 0xff99, 0xff79,
    0x7c4c, 0x42a7, 0x1224, 0x1245, 0xff9a, 0xff9a, 0xff99, 0x4b29, 0x0983, 0x09e4, 0x0a04, 0xffdb, 0xff79, 0xff79, 0xfffb, 0x09c4,
    0x09e4, 0x09e4, 0x09e4, 0x09e4, 0x09c4, 0x09c4, 0x09c4, 0x5349, 0xff79, 0xff99, 0xff79, 0xff79, 0xff9a, 0xff9a, 0xff79, 0xded7,
    0x4b29, 0x09e4, 0x0a25, 0xff7a, 0xff78, 0xff78, 0xff79, 0xff79, 0xff9a, 0x0a45, 0x1224, 0x2266, 0xffb9, 0xff79, 0xff9a, 0xff99,
    0xff78, 0xff79, 0xb5b2, 0x09e4, 0x09c4, 0x0142, 0xf738, 0xff79, 0xff79, 0x01c3, 0x0a24, 0x1204, 0xb5d2, 0xff7a, 0xff7a, 0x8d11,
    0x0a24, 0x9d50, 0xff9a, 0xff79, 0xff78, 0xff79, 0xff79, 0xff79, 0xff9a, 0xff99, 0x5bab, 0x09e4, 0x09e4, 0x09e4, 0x09e4, 0x09e4,
    0x09e4, 0x09e4, 0x09c4, 0x2a66, 0x846d, 0xff9a, 0xff9a, 0xff9a, 0xff79, 0xff79, 0xff9a, 0x2aa6, 0x1224, 0x0a44, 0x2285, 0x1a25,
    0xff58, 0xff79, 0xff9b, 0xff9a, 0xff79, 0xff7a, 0x7c6d, 0x42c7, 0x09e4, 0x11e4, 0xd675, 0xc634, 0xce75, 0xe717, 0xb5d2, 0x11e4,
    0x09e4, 0x09e4, 0x09e4, 0x09e4, 0x09e4, 0x09e4, 0x09e4, 0x09e4, 0x09e4, 0x09e4, 0x09e4, 0x09e4, 0x09e4, 0x09e4, 0x09e4, 0x09e4,
    0x09e4, 0x09e4, 0x09e4, 0x09e4, 0x09e4, 0x09e4, 0x09e4, 0x09e4, 0x09e4, 0x09e4, 0x09e4, 0x09e4, 0x09e4, 0x09e4, 0x09e4, 0x09e4,
    0x09e4, 0x09e4, 0x09e4, 0x09e4, 0x09e4, 0x09e4, 0x09e4, 0x09e4, 0x09e4, 0x09e4, 0x09e4, 0x09e4, 0x09e4, 0x09e4, 0x09e4, 0x09e4,
    0x09c4, 0x09c4, 0x09c4, 0x09c4, 0x09c4, 0x09c4, 0x09c4, 0x09c4, 0x09c4, 0x09c4, 0x09c4, 0x09c4, 0x09c4, 0x09c4, 0x09c4, 0x09c4,
    0x09c4, 0x09c4, 0x09c4, 0x09c4, 0x09c4, 0x09c4, 0x09c4, 0x09c4, 0x09c4, 0x09c4, 0x09c4, 0x09c4, 0x09c4, 0x09c4, 0x09c4, 0x09c4,
    0x09c4, 0x09c4, 0x09c4, 0x09c4, 0x09c4, 0x09c4, 0x09c4, 0x09c4, 0x09c4, 0x09c4, 0x09e4, 0x09e4, 0x09c4, 0x09c4, 0x09c4, 0x09c4,
    0x09c4, 0x09c4, 0x09c4, 0x09c4, 0x11c4, 0xff59, 0xff79, 0xff7a, 0x0163, 0x09e4, 0x0a04, 0x09e4, 0x09a3, 0xf759, 0xff79, 0xff7a,
    0x09e4, 0x09e4, 0x09c4, 0xffbb, 0xff79, 0xff79, 0x11c4, 0x0a04, 0x848e, 0xff79, 0xff99, 0xfffd, 0x1225, 0x0a04, 0x32a7, 0xff78,
    0xff79, 0xf77a, 0x09e4, 0x11e4, 0xff79, 0xff99, 0xff79, 0xff78, 0xff99, 0x0a24, 0x1245, 0xffda, 0xff79, 0xff79, 0xffdb, 0x09c4,
    0x09c4, 0x09c4, 0x09e4, 0x09e4, 0x09e4, 0x09e4, 0x09e4, 0x5b69, 0xff79, 0xff79, 0xf759, 0x0a04, 0x1245, 0x01a3, 0xff78, 0xff78,
    0xff7a, 0x0a04, 0x0a25, 0x09e4, 0xf737, 0xff79, 0xff9a, 0xc614, 0x0a04, 0x0a24, 0x2266, 0xf759, 0xff78, 0xf758, 0x1225, 0x1224,
    0x09c3, 0x09a3, 0x0a04, 0x0a04, 0x09e4, 0x0183, 0xf738, 0xff79, 0xff79, 0x01c4, 0x1204, 0x1245, 0xbdf3, 0xff79, 0xff79, 0x84d0,
    0x09e4, 0x0a25, 0x1224, 0x09c4, 0xce54, 0xff79, 0xff99, 0xce35, 0x09e4, 0x09e4, 0x0a04, 0x0a04, 0x09e4, 0x09e4, 0x09e4, 0x09e4,
    0x09e4, 0x09e4, 0x09c3, 0xff9b, 0xff78, 0xff78, 0x09a3, 0x1245, 0x1205, 0xef38, 0xff79, 0xff59, 0x3ac7, 0x1224, 0xce55, 0xff79,
    0xff79, 0xe718, 0x1265, 0x1245, 0x11a4, 0xff79, 0xff79, 0xffba, 0x09e4, 0x09c4, 0xff7b, 0x09c4, 0x11e4, 0x1a24, 0xf77b, 0x19c4,
    0x09e4, 0x09e4, 0x09e4, 0x09e4, 0x09e4, 0x09e4, 0x09e4, 0x09e4, 0x09c4, 0x09c4, 0x09c4, 0x09c4, 0x09c4, 0x09c4, 0x09c4, 0x09c4,
    0x09c4, 0x09c4, 0x09c4, 0x09c4, 0x09c4, 0x09c4, 0x09c4, 0x09c4, 0x09c4, 0x09c4, 0x09c4, 0x09c4, 0x09c4, 0x09c4, 0x09c4, 0x09c4,
    0x09c4, 0x09c4, 0x09c4, 0x09c4, 0x09c4, 0x09c4, 0x09c4, 0x09c4, 0x09c4, 0x09c4, 0x09c4, 0x09c4, 0x09c4, 0x09c4, 0x09c4, 0x09c4,
    0x09c3, 0x09c3, 0x09c3, 0x09c3, 0x09c3, 0x09c3, 0x09c3, 0x09c3, 0x09c3, 0x09c3, 0x09c3, 0x09c3, 0x09c3, 0x09c3, 0x09c3, 0x09c3,
    0x09c3, 0x09c3, 0x09c3, 0x09c3, 0x09c3, 0x09c3, 0x09c3, 0x09c3, 0x09c3, 0x09c3, 0x09c3, 0x09c3, 0x09c3, 0x09c3, 0x09c3, 0x09c3,
    0x09c3, 0x09c3, 0x09c3, 0x09c3, 0x09c3, 0x09c3, 0x09c3, 0x09c3, 0x09c3, 0x09c3, 0x09e4, 0x09c4, 0x09c4, 0x09c4, 0x09c4, 0x09c4,
    0x09c4, 0x09c4, 0x09c3, 0x09c3, 0x11e4, 0xff59, 0xff79, 0xf77a, 0x0183, 0x09e4, 0x09e4, 0x09e4, 0x09c3, 0xf759, 0xff99, 0xff79,
    0x09c4, 0x09e4, 0x09c4, 0xffba, 0xff79, 0xff79, 0x1a05, 0x0a04, 0x84ae, 0xff79, 0xff79, 0xfffd, 0x0a24, 0x09e4, 0x32a7, 0xff78,
    0xff9a, 0xff9b, 0x1204, 0x11c4, 0xff58, 0xff79, 0xff79, 0xff79, 0xffdb, 0x4348, 0x0a25, 0xffb9, 0xff79, 0xff79, 0xffdb, 0x09c4,
    0x09e4, 0x09e4, 0x09e4, 0x09e4, 0x09e4, 0x09e4, 0x09e4, 0x5b8a, 0xff99, 0xff79, 0xf779, 0x0a04, 0x0a04, 0x0183, 0xff79, 0xff79,
    0xff9a, 0x09e4, 0x0a04, 0x09c4, 0xf757, 0xff79, 0xff9a, 0xc614, 0x09c4, 0x09c4, 0x1a05, 0xff79, 0xff79, 0xf758, 0x1224, 0x0a04,
    0x09c3, 0x09a3, 0x0a04, 0x0a04, 0x0a04, 0x09e3, 0xf739, 0xff79, 0xff79, 0x0163, 0x09c4, 0x1225, 0xbdf3, 0xff79, 0xff79, 0x84cf,
    0x09c4, 0x0a04, 0x09e4, 0x09c4, 0xce54, 0xff79, 0xff79, 0xce55, 0x09e4, 0x09e4, 0x09e4, 0x09e4, 0x09e4, 0x09e4, 0x09e4, 0x09e4,
    0x09e4, 0x09e4, 0x09c3, 0xffbb, 0xff79, 0xff78, 0x0183, 0x1224, 0x1204, 0xe717, 0xff79, 0xff79, 0x42c8, 0x11e4, 0xce54, 0xff79,
    0xff99, 0xe738, 0x1225, 0x0a04, 0x09a3, 0xff79, 0xff99, 0xffdb, 0x11e4, 0x09a3, 0xff7a, 0x09c4, 0x1204, 0x1224, 0xff9a, 0x19a4,
    0x09e4, 0x09e4, 0x09e4, 0x09e4, 0x09e4, 0x09e4, 0x09e4, 0x09e4, 0x09c3, 0x09c3, 0x09c3, 0x09c3, 0x09c3, 0x09c3, 0x09c3, 0x09c3,
    0x09c3, 0x09c3, 0x09c3, 0x09c3, 0x09c3, 0x09c3, 0x09c3, 0x09c3, 0x09c3, 0x09c3, 0x09c3, 0x09c3, 0x09c3, 0x09c3, 0x09c3, 0x09c3,
    0x09c3, 0x09c3, 0x09c3, 0x09c3, 0x09c3, 0x09c3, 0x09c3, 0x09c3, 0x09c3, 0x09c3, 0x09c3, 0x09c3, 0x09c3, 0x09c3, 0x09c3, 0x09c3,
    0x09c3, 0x09c3, 0x09c3, 0x09c3, 0x09c3, 0x09c3, 0x09c3, 0x09c3, 0x09c3, 0x09c3, 0x09c3, 0x09c3, 0x09c3, 0x09c3, 0x09c3, 0x09c3,
    0x09c3, 0x09c3, 0x09c3, 0x09c3, 0x09c3, 0x09c3, 0x09c3, 0x09c3, 0x09c3, 0x09c3, 0x09c3, 0x09c3, 0x09c3, 0x09c3, 0x09c3, 0x09c3,
    0x09c3, 0x09c3, 0x09c3, 0x09c3, 0x09c3, 0x09c3, 0x09c3, 0x09c3, 0x09c3, 0x09c3, 0x09c3, 0x09c4, 0x09e4, 0x09c4, 0x09c4, 0x09c4,
    0x09e4, 0x09c4, 0x09c3, 0x09c3, 0x1204, 0xff79, 0xff79, 0xf779, 0x0183, 0x09c4, 0x09e4, 0x09c4, 0x09e4, 0xf779, 0xff99, 0xff79,
    0x09c4, 0x09e4, 0x09e4, 0xffba, 0xff79, 0xff99, 0x1a05, 0x0a04, 0x84ae, 0xff79, 0xff79, 0xffbb, 0x0a04, 0x09e4, 0x32a7, 0xff79,
    0xff9a, 0xff9b, 0x1204, 0x09c4, 0xff37, 0xff78, 0xff99, 0xff99, 0xff9a, 0xf75a, 0x01c4, 0xff99, 0xff79, 0xff79, 0xffdb, 0x09c4,
    0x09c4, 0x09c4, 0x09c4, 0x09e4, 0x09e4, 0x09e4, 0x09e4, 0x5baa, 0xff99, 0xff79, 0xf758, 0x09c4, 0x09a4, 0x0182, 0xff7a, 0xff79,
    0xff79, 0x0183, 0x09c4, 0x09c3, 0xff58, 0xff7a, 0xff7a, 0xbdf3, 0x09c4, 0x09a4, 0x19e4, 0xff7a, 0xff79, 0xf779, 0x1224, 0x0a04,
    0x09c4, 0x09c4, 0x0a04, 0x1204, 0x0a04, 0x09e4, 0xf739, 0xff79, 0xff79, 0x0943, 0x09a3, 0x09e4, 0xc634, 0xff7a, 0xff79, 0x8cf0,
    0x09c4, 0x09c4, 0x09c4, 0x09c4, 0xc654, 0xff79, 0xff79, 0xc635, 0x09e4, 0x09e4, 0x09e4, 0x09e4, 0x09e4, 0x09e4, 0x09e4, 0x09e4,
    0x09e4, 0x09e4, 0x09a3, 0xff9a, 0xff78, 0xff78, 0x0983, 0x0a04, 0x0a04, 0xe717, 0xff79, 0xff9a, 0x3aa7, 0x0983, 0xc613, 0xff7a,
    0xff9a, 0xe718, 0x09e4, 0x09c4, 0x0983, 0xff79, 0xff9a, 0xffdb, 0x1204, 0x09a3, 0xf75a, 0x0163, 0x09c3, 0x1a25, 0xf75a, 0x19e4,
    0x09e4, 0x09e4, 0x09e4, 0x09e4, 0x09e4, 0x09e4, 0x09e4, 0x09e4, 0x09c3, 0x09c3, 0x09c3, 0x09c3, 0x09c3, 0x09c3, 0x09c3, 0x09c3,
    0x09c3, 0x09c3, 0x09c3, 0x09c3, 0x09c3, 0x09c3, 0x09c3, 0x09c3, 0x09c3, 0x09c3, 0x09c3, 0x09c3, 0x09c3, 0x09c3, 0x09c3, 0x09c3,
    0x09c3, 0x09c3, 0x09c3, 0x09c3, 0x09c3, 0x09c3, 0x09c3, 0x09c3, 0x09c3, 0x09c3, 0x09c3, 0x09c3, 0x09c3, 0x09c3, 0x09c3, 0x09c3,
    0x09c3, 0x09c3, 0x09c3, 0x09c3, 0x09c3, 0x09c3, 0x09c3, 0x09c3, 0x09c3, 0x09c3, 0x09c3, 0x09c3, 0x09c3, 0x09c3, 0x09c3, 0x09c3,
    0x09c3, 0x09c3, 0x09c3, 0x09c3, 0x09c3, 0x09c3, 0x09c3, 0x09c3, 0x09c3, 0x09c3, 0x09c3, 0x09c3, 0x09c3, 0x09c3, 0x09c3, 0x09c3,
    0x09c3, 0x09c3, 0x09c3, 0x09c3, 0x09c3, 0x09c3, 0x09c3, 0x09c3, 0x09c3, 0x09c3, 0x09e4, 0x09c4, 0x09c4, 0x09c4, 0x09c4, 0x09e4,
    0x09e4, 0x09c4, 0x09c3, 0x09c3, 0x1204, 0xff79, 0xff79, 0xf779, 0x0183, 0x09c4, 0x09c4, 0x09e4, 0x09e4, 0xf779, 0xff79, 0xff79,
    0x09c4, 0x09e4, 0x09e4, 0xffba, 0xff79, 0xff79, 0x19c4, 0x09e4, 0x84ae, 0xff79, 0xff79, 0xffba, 0x5389, 0x5b89, 0x7c4d, 0xff9a,
    0xff9a, 0xf77c, 0x0a04, 0x09e4, 0xff58, 0xff79, 0xff9a, 0xff9b, 0xff7a, 0xff79, 0xff57, 0xff78, 0xff79, 0xff79, 0xfffb, 0x09c4,
    0x09c4, 0x09c4, 0x09e4, 0x09e4, 0x09e4, 0x09e4, 0x09e4, 0x5b8a, 0xff99, 0xff79, 0xff78, 0x63ca, 0x5baa, 0x5349, 0xff79, 0xff79,
    0xf759, 0x0163, 0x09c3, 0x09c3, 0xff79, 0xff9a, 0xff9a, 0xbdd3, 0x09a3, 0x09a3, 0x11c4, 0xf77a, 0xff79, 0xff9a, 0x1225, 0x1204,
    0xff98, 0xffb9, 0xff98, 0xffb9, 0x11e4, 0x01a3, 0xf738, 0xff79, 0xff79, 0xff78, 0xff78, 0xff78, 0xff9a, 0xff7a, 0xff79, 0x8cf0,
    0x09c4, 0x09c4, 0x09c4, 0x09c4, 0xc654, 0xff79, 0xff79, 0xce34, 0x09e4, 0x09e4, 0x09e4, 0x09e4, 0x09e4, 0x09e4, 0x09e4, 0x09e4,
    0x09e4, 0x09e4, 0x09c3, 0xf77b, 0xff7a, 0xff9a, 0x640b, 0x63eb, 0x744c, 0xef59, 0xff7a, 0xff9a, 0x3287, 0x0963, 0xc633, 0xff9a,
    0xff9a, 0xe718, 0x09c4, 0x0983, 0x0983, 0xff79, 0xff9a, 0xffdc, 0x1204, 0x0a04, 0x09a4, 0xf77a, 0xf75b, 0xef7b, 0x09e4, 0x09e4,
    0x09e4, 0x09e4, 0x09e4, 0x09e4, 0x09e4, 0x09e4, 0x09e4, 0x09e4, 0x09c3, 0x09c3, 0x09c3, 0x09c3, 0x09c3, 0x09c3, 0x09c3, 0x09c3,
    0x09c3, 0x09c3, 0x09c3, 0x09c3, 0x09c3, 0x09c3, 0x09c3, 0x09c3, 0x09c3, 0x09c3, 0x09c3, 0x09c3, 0x09c3, 0x09c3, 0x09c3, 0x09c3,
    0x09c3, 0x09c3, 0x09c3, 0x09c3, 0x09c3, 0x09c3, 0x09c3, 0x09c3, 0x09c3, 0x09c3, 0x09c3, 0x09c3, 0x09c3, 0x09c3, 0x09c3, 0x09c3,
    0x09c4, 0x09c4, 0x09c4, 0x09c4, 0x09c4, 0x09c4, 0x09c4, 0x09c4, 0x09c4, 0x09c4, 0x09c4, 0x09c4, 0x09c4, 0x09c4, 0x09c4, 0x09c4,
    0x09c4, 0x09c4, 0x09c4, 0x09c4, 0x09c4, 0x09c4, 0x09c4, 0x09c4, 0x09c4, 0x09c4, 0x09c4, 0x09c4, 0x09c4, 0x09c4, 0x09c4, 0x09c4,
    0x09c4, 0x09c4, 0x09c4, 0x09c4, 0x09c4, 0x09c4, 0x09c4, 0x09c4, 0x09c4, 0x09c4, 0x09e4, 0x09e4, 0x09e4, 0x09e4, 0x09e4, 0x09e4,
    0x09e4, 0x09e4, 0x09c3, 0x09c4, 0x1204, 0xff79, 0xff79, 0xf759, 0x0183, 0x09c3, 0x09c3, 0x09c4, 0x0a04, 0xf779, 0xff79, 0xff58,
    0x09c4, 0x09e4, 0x09e4, 0xff9a, 0xff79, 0xff79, 0x11a4, 0x09c4, 0x8ccf, 0xff9a, 0xff9a, 0xff79, 0xff58, 0xff7a, 0xff9b, 0xffbb,
    0x6bec, 0x09e4, 0x0a04, 0x0a04, 0xff58, 0xff79, 0xff9a, 0x53ab, 0x09e3, 0xff79, 0xff78, 0xff79, 0xff79, 0xff79, 0xfffb, 0x09c3,
    0x09c3, 0x09c4, 0x09e4, 0x09e4, 0x09e4, 0x09e4, 0x09e4, 0x5b69, 0xff79, 0xff79, 0xff79, 0xff79, 0xff7a, 0xff79, 0xff78, 0xe738,
    0x01a3, 0x09e4, 0x09e4, 0x0a04, 0xff78, 0xff79, 0xff79, 0xbdd3, 0x09c3, 0x09c3, 0x11c4, 0xff7a, 0xff79, 0xff79, 0x09c4, 0x11c4,
    0xff79, 0xff9a, 0xff78, 0xff78, 0x11c4, 0x0163, 0xf738, 0xff79, 0xff9a, 0xff9a, 0xff79, 0xff58, 0xff79, 0xff79, 0xff79, 0x8cd0,
    0x09c4, 0x09c4, 0x09c4, 0x09e4, 0xce55, 0xff79, 0xff79, 0xce55, 0x09e4, 0x09e4, 0x09e4, 0x09e4, 0x09e4, 0x09e4, 0x09e4, 0x09e4,
    0x09e4, 0x09e4, 0x09e4, 0x01c3, 0x63eb, 0xf79c, 0xf77a, 0xf758, 0xf77a, 0xff9b, 0xff99, 0xff7a, 0x3287, 0x0983, 0xce34, 0xff9a,
    0xff9a, 0xdef7, 0x09a4, 0x09a3, 0x09a3, 0xff79, 0xff9a, 0xffdb, 0x1225, 0x0a04, 0x09e4, 0x0183, 0x0183, 0x01c3, 0x09e4, 0x09e4,
    0x09e4, 0x09e4, 0x09e4, 0x09e4, 0x09e4, 0x09e4, 0x09e4, 0x09e4, 0x09c4, 0x09c4, 0x09c4, 0x09c4, 0x09c4, 0x09c4, 0x09c4, 0x09c4,
    0x09c4, 0x09c4, 0x09c4, 0x09c4, 0x09c4, 0x09c4, 0x09c4, 0x09c4, 0x09c4, 0x09c4, 0x09c4, 0x09c4, 0x09c4, 0x09c4, 0x09c4, 0x09c4,
    0x09c4, 0x09c4, 0x09c4, 0x09c4, 0x09c4, 0x09c4, 0x09c4, 0x09c4, 0x09c4, 0x09c4, 0x09c4, 0x09c4, 0x09c4, 0x09c4, 0x09c4, 0x09c4,
    0x09c4, 0x09c4, 0x09c4, 0x09c4, 0x09c4, 0x09c4, 0x09c4, 0x09c4, 0x09c4, 0x09c4, 0x09c4, 0x09c4, 0x09c4, 0x09c4, 0x09c4, 0x09c4,
    0x09c4, 0x09c4, 0x09c4, 0x09c4, 0x09c4, 0x09c4, 0x09c4, 0x09c4, 0x09c4, 0x09c4, 0x09c4, 0x09c4, 0x09c4, 0x09c4, 0x09c4, 0x09c4,
    0x09c4, 0x09c4, 0x09c4, 0x09c4, 0x09c4, 0x09c4, 0x09c4, 0x09c4, 0x09c4, 0x09c4, 0x09e4, 0x09c4, 0x09e4, 0x09e4, 0x09e4, 0x09e4,
    0x09e4, 0x09e4, 0x09e3, 0x09c4, 0x1204, 0xff79, 0xff79, 0xf759, 0x0163, 0x09c3, 0x09c4, 0x09c4, 0x09e4, 0xf758, 0xff78, 0xff58,
    0x09c4, 0x09e4, 0x0a04, 0xffba, 0xff78, 0xff78, 0x11a4, 0x09e4, 0x8cef, 0xff9a, 0xff9a, 0xff79, 0xf779, 0xff58, 0xff9a, 0xc635,
    0x1224, 0x0a04, 0x09e4, 0x09c4, 0xff79, 0xff99, 0xff9a, 0x5bcb, 0x01e3, 0xffbb, 0xff78, 0xff79, 0xff99, 0xff99, 0xfffb, 0x09c3,
    0x09c4, 0x09c4, 0x09c4, 0x09e4, 0x09c4, 0x09c4, 0x09c4, 0x5b69, 0xff79, 0xff79, 0xff9a, 0xffbb, 0xffbb, 0xff7a, 0xf799, 0x11a4,
    0x0a24, 0x0a04, 0x09e4, 0x0a04, 0xf758, 0xff78, 0xff78, 0xbdd2, 0x0a04, 0x09e4, 0x11e4, 0xf77a, 0xff79, 0xff79, 0x09c3, 0x09a3,
    0x01a3, 0xf77a, 0xff79, 0xff9a, 0x1205, 0x0183, 0xf738, 0xff79, 0xff9a, 0x09c4, 0x09e4, 0x0963, 0xbdb2, 0xff79, 0xff79, 0x8cd0,
    0x09c4, 0x09e4, 0x09c4, 0x09c4, 0xce55, 0xff79, 0xff79, 0xce55, 0x09e4, 0x09e4, 0x09e4, 0x09e4, 0x09e4, 0x09e4, 0x09e4, 0x09e4,
    0x09e4, 0x09e4, 0x09e4, 0x09e4, 0x1204, 0x1a45, 0x1a05, 0x19c4, 0x1a05, 0xef38, 0xff79, 0xff79, 0x3ac7, 0x09e4, 0xce54, 0xff79,
    0xff79, 0xe6f8, 0x09e4, 0x0a04, 0x11c4, 0xff79, 0xff79, 0xff9a, 0x1204, 0x09e4, 0x09e4, 0x09e4, 0x09e4, 0x09e4, 0x09e4, 0x09e4,
    0x09e4, 0x09e4, 0x09e4, 0x09e4, 0x09e4, 0x09e4, 0x09e4, 0x09e4, 0x09c4, 0x09c4, 0x09c4, 0x09c4, 0x09c4, 0x09c4, 0x09c4, 0x09c4,
    0x09c4, 0x09c4, 0x09c4, 0x09c4, 0x09c4, 0x09c4, 0x09c4, 0x09c4, 0x09c4, 0x09c4, 0x09c4, 0x09c4, 0x09c4, 0x09c4, 0x09c4, 0x09c4,
    0x09c4, 0x09c4, 0x09c4, 0x09c4, 0x09c4, 0x09c4, 0x09c4, 0x09c4, 0x09c4, 0x09c4, 0x09c4, 0x09c4, 0x09c4, 0x09c4, 0x09c4, 0x09c4,
    0x09c4, 0x09c4, 0x09c4, 0x09c4, 0x09c4, 0x09c4, 0x09c4, 0x09c4, 0x09c4, 0x09c4, 0x09c4, 0x09c4, 0x09c4, 0x09c4, 0x09c4, 0x09c4,
    0x09c4, 0x09c4, 0x09c4, 0x09c4, 0x09c4, 0x09c4, 0x09c4, 0x09c4, 0x09c4, 0x09c4, 0x09c4, 0x09c4, 0x09c4, 0x09c4, 0x09c4, 0x09c4,
    0x09c4, 0x09c4, 0x09c4, 0x09c4, 0x09c4, 0x09c4, 0x09c4, 0x09c4, 0x09c4, 0x09c4, 0x09e4, 0x09c4, 0x09e4, 0x09e4, 0x09e4, 0x09e4,
    0x09e4, 0x09e4, 0x09c3, 0x09e4, 0x11e4, 0xff59, 0xff79, 0xf759, 0x0183, 0x09c3, 0x09c3, 0x09e4, 0x0a04, 0xf758, 0xff78, 0xff79,
    0x09c4, 0x09c3, 0x09e4, 0xffbb, 0xff79, 0xff79, 0x11c4, 0x09e4, 0x8cef, 0xff7a, 0xff79, 0xffbb, 0x09a4, 0xffba, 0xff79, 0xff9a,
    0x846d, 0x09a3, 0x09a3, 0x09c3, 0xff7a, 0xff99, 0xff79, 0x5b8a, 0x09e4, 0x11a4, 0xff78, 0xff79, 0xff79, 0xff79, 0xffdb, 0x09c4,
    0x09c4, 0x09c4, 0x09c4, 0x09e4, 0x09e4, 0x09c4, 0x09c4, 0x5b8a, 0xff79, 0xff79, 0xff7b, 0x0a25, 0xc613, 0xff79, 0xff9a, 0xef18,
    0x0a44, 0x0a24, 0x09e4, 0x09e4, 0xf758, 0xff78, 0xff78, 0xbdd2, 0x0a24, 0x0a24, 0x1a25, 0xf77a, 0xff9a, 0xff7a, 0x0a04, 0x0a04,
    0x0a04, 0xf759, 0xff79, 0xff9a, 0x1265, 0x01c3, 0xf738, 0xff79, 0xff7a, 0x01e4, 0x0a24, 0x09a3, 0xbdb2, 0xff79, 0xff79, 0x8cd0,
    0x09e4, 0x09c4, 0x09e4, 0x09e4, 0xc655, 0xff79, 0xff79, 0xce55, 0x09e4, 0x09e4, 0x09e4, 0x09e4, 0x09e4, 0x09e4, 0x09e4, 0x09e4,
    0x09e4, 0x09e4, 0x09e4, 0x09e4, 0x09e4, 0x0a04, 0x09c4, 0x0963, 0x11a3, 0xded6, 0xff79, 0xff78, 0x3ac8, 0x1225, 0xc634, 0xff58,
    0xff79, 0xe6f7, 0x1245, 0x0a24, 0x11e4, 0xff7a, 0xff79, 0xff99, 0x0a04, 0x09e4, 0x09e4, 0x09e4, 0x09e4, 0x09e4, 0x09e4, 0x09e4,
    0x09e4, 0x09e4, 0x09e4, 0x09e4, 0x09e4, 0x09e4, 0x09e4, 0x09e4, 0x09c4, 0x09c4, 0x09c4, 0x09c4, 0x09c4, 0x09c4, 0x09c4, 0x09c4,
    0x09c4, 0x09c4, 0x09c4, 0x09c4, 0x09c4, 0x09c4, 0x09c4, 0x09c4, 0x09c4, 0x09c4, 0x09c4, 0x09c4, 0x09c4, 0x09c4, 0x09c4, 0x09c4,
    0x09c4, 0x09c4, 0x09c4, 0x09c4, 0x09c4, 0x09c4, 0x09c4, 0x09c4, 0x09c4, 0x09c4, 0x09c4, 0x09c4, 0x09c4, 0x09c4, 0x09c4, 0x09c4,
    0x09c3, 0x09c3, 0x09c3, 0x09c3, 0x09c3, 0x09c3, 0x09c3, 0x09c3, 0x09c3, 0x09c3, 0x09c3, 0x09c3, 0x09c3, 0x09c3, 0x09c3, 0x09c3,
    0x09c3, 0x09c3, 0x09c3, 0x09c3, 0x09c3, 0x09c3, 0x09c3, 0x09c3, 0x09c3, 0x09c3, 0x09c3, 0x09c3, 0x09c3, 0x09c3, 0x09c3, 0x09c3,
    0x09c3, 0x09c3, 0x09c3, 0x09c3, 0x09c3, 0x09c3, 0x09c3, 0x09c3, 0x09c3, 0x09c3, 0x09c4, 0x09e4, 0x09e4, 0x09e4, 0x09e4, 0x09e4,
    0x09e4, 0x09e4, 0x09e4, 0x09e3, 0x1204, 0xff58, 0xff79, 0xf759, 0x0183, 0x09c4, 0x09e4, 0x09c4, 0x09e4, 0xf739, 0xff58, 0xff9a,
    0x4b09, 0x3a87, 0x42c7, 0xffbb, 0xff9a, 0xff7a, 0x11c4, 0x09c4, 0x84ae, 0xff58, 0xff78, 0xffdc, 0x0a45, 0x7c8d, 0xadb2, 0xff79,
    0xff78, 0xf779, 0x09c3, 0x1204, 0xff7a, 0xff99, 0xff78, 0x4b29, 0x09c3, 0x09a3, 0x2a86, 0xffda, 0xff79, 0xff79, 0xfffb, 0x09c4,
    0x09c4, 0x09e4, 0x09c4, 0x09e4, 0x09e4, 0x09e4, 0x09e4, 0x5baa, 0xff79, 0xff79, 0xff7a, 0x1205, 0x744d, 0xa571, 0xff9a, 0xff9a,
    0xffbc, 0x0224, 0x09e4, 0x32a6, 0xf758, 0xff79, 0xff79, 0xd675, 0x4308, 0x0a24, 0x2265, 0xf759, 0xff7a, 0xff79, 0x5369, 0x538a,
    0x538a, 0xff58, 0xff58, 0xf759, 0x1225, 0x0a04, 0xf75a, 0xff79, 0xff79, 0x01c4, 0x0a24, 0x0a04, 0xbdf2, 0xff79, 0xff79, 0x84b0,
    0x09e4, 0x09e4, 0x09c4, 0x09e4, 0xc675, 0xff79, 0xff79, 0xc635, 0x09e4, 0x09e4, 0x09e4, 0x09e4, 0x09e4, 0x09e4, 0x09e4, 0x09e4,
    0x09e3, 0x09e4, 0x09e4, 0x09e4, 0x4b48, 0x4b48, 0x4b28, 0x42c7, 0xce74, 0xff7a, 0xff7a, 0xf759, 0x3ae8, 0x0a44, 0xc634, 0xff38,
    0xff58, 0xef18, 0x4b49, 0x4328, 0x4308, 0xff9a, 0xff79, 0xff9a, 0x0a04, 0x09e4, 0x09e4, 0x09e4, 0x09e4, 0x09e4, 0x09e4, 0x09e4,
    0x09e4, 0x09e4, 0x09e4, 0x09e4, 0x09e4, 0x09e4, 0x09e4, 0x09e4, 0x09c3, 0x09c3, 0x09c3, 0x09c3, 0x09c3, 0x09c3, 0x09c3, 0x09c3,
    0x09c3, 0x09c3, 0x09c3, 0x09c3, 0x09c3, 0x09c3, 0x09c3, 0x09c3, 0x09c3, 0x09c3, 0x09c3, 0x09c3, 0x09c3, 0x09c3, 0x09c3, 0x09c3,
    0x09c3, 0x09c3, 0x09c3, 0x09c3, 0x09c3, 0x09c3, 0x09c3, 0x09c3, 0x09c3, 0x09c3, 0x09c3, 0x09c3, 0x09c3, 0x09c3, 0x09c3, 0x09c3,
    0x09c4, 0x09c4, 0x09c4, 0x09c4, 0x09c4, 0x09c4, 0x09c4, 0x09c4, 0x09c4, 0x09c4, 0x09c4, 0x09c4, 0x09c4, 0x09c4, 0x09c4, 0x09c4,
    0x09c4, 0x09c4, 0x09c4, 0x09c4, 0x09c4, 0x09c4, 0x09c4, 0x09c4, 0x09c4, 0x09c4, 0x09c4, 0x09c4, 0x09c4, 0x09c4, 0x09c4, 0x09c4,
    0x09c4, 0x09c4, 0x09c4, 0x09c4, 0x09c4, 0x09c4, 0x09c4, 0x09c4, 0x09c4, 0x09c4, 0x09e4, 0x09e4, 0x09e4, 0x09e4, 0x09e4, 0x09e4,
    0x09e4, 0x09e4, 0x09c3, 0x09c3, 0x1204, 0xff59, 0xff78, 0xf759, 0x0183, 0x09c4, 0x09c4, 0x09c3, 0x09c3, 0x0183, 0x3286, 0xff9a,
    0xff79, 0xff57, 0xff58, 0xff7a, 0xff9b, 0x0a04, 0x0a04, 0x09c4, 0x848e, 0xff58, 0xff58, 0xffdc, 0x0a24, 0x0a24, 0x5389, 0xff79,
    0xff58, 0xff59, 0x09e4, 0x1225, 0xff7a, 0xff79, 0xff78, 0x4308, 0x09c4, 0x09e4, 0x0a24, 0xffda, 0xff79, 0xff79, 0xfffa, 0x09c4,
    0x09e4, 0x09c4, 0x09c4, 0x09e4, 0x09e4, 0x09e4, 0x09e4, 0x5baa, 0xff7a, 0xff79, 0xff7a, 0x09e4, 0x09c4, 0x0183, 0xff79, 0xff7a,
    0xff7a, 0x0204, 0x09c4, 0xf779, 0xff79, 0xff7a, 0xff7a, 0xff79, 0xf7ba, 0x0a04, 0x0a04, 0x01e4, 0xffba, 0xff58, 0xff79, 0xff9b,
    0xff9a, 0xff78, 0x8cae, 0x0182, 0x09c4, 0x09e3, 0xf75a, 0xff7a, 0xff79, 0x0183, 0x0a04, 0x0a45, 0xc634, 0xff79, 0xf759, 0x848f,
    0x09c3, 0x09e4, 0x09e4, 0x09e4, 0xc675, 0xff79, 0xff79, 0xc634, 0x09e4, 0x09e4, 0x09e4, 0x09e4, 0x09e4, 0x09e4, 0x09e4, 0x09e4,
    0x09e4, 0x09e4, 0x09e4, 0x0a25, 0xef3a, 0xff58, 0xff59, 0xff59, 0xff58, 0xff78, 0xff9b, 0x0a24, 0x0a24, 0x0a04, 0x01c3, 0x0162,
    0xff79, 0xff7a, 0xff7a, 0xff59, 0xff79, 0xff9a, 0x5b8a, 0x09c3, 0x09e4, 0x09e4, 0x09e4, 0x09e4, 0x09e4, 0x09e4, 0x09e4, 0x09e4,
    0x09e4, 0x09e4, 0x09e4, 0x09e4, 0x09e4, 0x09e4, 0x09c4, 0x09e4, 0x09c4, 0x09c4, 0x09c4, 0x09c4, 0x09c4, 0x09c4, 0x09c4, 0x09c4,
    0x09c4, 0x09c4, 0x09c4, 0x09c4, 0x09c4, 0x09c4, 0x09c4, 0x09c4, 0x09c4, 0x09c4, 0x09c4, 0x09c4, 0x09c4, 0x09c4, 0x09c4, 0x09c4,
    0x09c4, 0x09c4, 0x09c4, 0x09c4, 0x09c4, 0x09c4, 0x09c4, 0x09c4, 0x09c4, 0x09c4, 0x09c4, 0x09c4, 0x09c4, 0x09c4, 0x09c4, 0x09c4,
    0x09c4, 0x09c4, 0x09c4, 0x09c4, 0x09c4, 0x09c4, 0x09c4, 0x09c4, 0x09c4, 0x09c4, 0x09c4, 0x09c4, 0x09c4, 0x09c4, 0x09c4, 0x09c4,
    0x09c4, 0x09c4, 0x09c4, 0x09c4, 0x09c4, 0x09c4, 0x09c4, 0x09c4, 0x09c4, 0x09c4, 0x09c4, 0x09c4, 0x09c4, 0x09c4, 0x09c4, 0x09c4,
    0x09c4, 0x09c4, 0x09c4, 0x09c4, 0x09c4, 0x09c4, 0x09c4, 0x09c4, 0x09c4, 0x09c4, 0x09c4, 0x09e4, 0x09e4, 0x09c4, 0x09e4, 0x09e4,
    0x09e4, 0x09e4, 0x09c4, 0x09e4, 0x0a04, 0xffdb, 0xffba, 0xff9a, 0x0183, 0x09c4, 0x09c4, 0x09c3, 0x09c3, 0x09c3, 0x32c7, 0xfffc,
    0xffdb, 0xff99, 0xff9a, 0xffba, 0xffbb, 0x0a04, 0x0a04, 0x09e4, 0x848e, 0xffba, 0xffba, 0xfffd, 0x09e3, 0x09e4, 0x4b89, 0xfffb,
    0xffba, 0xff9a, 0x09e4, 0x0a04, 0xffdb, 0xffdb, 0xffba, 0x4329, 0x09e4, 0x09e4, 0x0a04, 0xfffc, 0xfffb, 0xffba, 0xfffc, 0x09e4,
    0x09e4, 0x09e4, 0x09e4, 0x09e4, 0x09e4, 0x09e4, 0x09e4, 0x63cc, 0xfffc, 0xffbb, 0xff7a, 0x09c4, 0x0a04, 0x01c3, 0xffdb, 0xffbb,
    0xff9a, 0x01c3, 0x09a4, 0xfffc, 0xffdb, 0xffdb, 0xffbb, 0xff9a, 0xff9b, 0x09c3, 0x0a04, 0x0a04, 0xfffd, 0xffba, 0xffda, 0xffdb,
    0xffdb, 0xffba, 0x8ccf, 0x09e4, 0x09c4, 0x0183, 0xffbb, 0xfffc, 0xffdb, 0x0183, 0x09e4, 0x0a24, 0xc675, 0xfffc, 0xff9a, 0x7c4f,
    0x09a3, 0x09e4, 0x09e4, 0x09e4, 0xceb6, 0xfffb, 0xff9a, 0xce35, 0x09e4, 0x09e4, 0x09e4, 0x09e4, 0x09e4, 0x09e4, 0x09e4, 0x09e4,
    0x09e4, 0x09e4, 0x09e4, 0x1204, 0xffdb, 0xffdb, 0xffba, 0xff9a, 0xff9a, 0xff9a, 0xff9b, 0x0a24, 0x0a04, 0x09e4, 0x09e4, 0x01c3,
    0xfffb, 0xffdb, 0xffdb, 0xffbb, 0xff9a, 0xffba, 0x5bcb, 0x09e4, 0x09e4, 0x09e4, 0x09e4, 0x09e4, 0x09e4, 0x09e4, 0x09e4, 0x09e4,
    0x09e4, 0x09e4, 0x09e4, 0x09e4, 0x09e4, 0x09e4, 0x09e4, 0x09e4, 0x09c4, 0x09c4, 0x09c4, 0x09c4, 0x09c4, 0x09c4, 0x09c4, 0x09c4,
    0x09c4, 0x09c4, 0x09c4, 0x09c4, 0x09c4, 0x09c4, 0x09c4, 0x09c4, 0x09c4, 0x09c4, 0x09c4, 0x09c4, 0x09c4, 0x09c4, 0x09c4, 0x09c4,
    0x09c4, 0x09c4, 0x09c4, 0x09c4, 0x09c4, 0x09c4, 0x09c4, 0x09c4, 0x09c4, 0x09c4, 0x09c4, 0x09c4, 0x09c4, 0x09c4, 0x09c4, 0x09c4,
    0x09c4, 0x09c4, 0x09c4, 0x09c4, 0x09c4, 0x09c4, 0x09c4, 0x09c4, 0x09c4, 0x09c4, 0x09c4, 0x09c4, 0x09c4, 0x09c4, 0x09c4, 0x09c4,
    0x09c4, 0x09c4, 0x09c4, 0x09c4, 0x09c4, 0x09c4, 0x09c4, 0x09c4, 0x09c4, 0x09c4, 0x09c4, 0x09c4, 0x09c4, 0x09c4, 0x09c4, 0x09c4,
    0x09c4, 0x09c4, 0x09c4, 0x09c4, 0x09c4, 0x09c4, 0x09c4, 0x09c4, 0x09c4, 0x09c4, 0x09c4, 0x09c4, 0x09e4, 0x09e4, 0x09e4, 0x09e4,
    0x09e4, 0x09e4, 0x09c3, 0x09e4, 0x09c3, 0x0a04, 0x09e4, 0x09c4, 0x09c4, 0x09c3, 0x09c3, 0x09c3, 0x09c3, 0x09c3, 0x09e3, 0x0a24,
    0x0a24, 0x09a3, 0x09a3, 0x09a3, 0x09c4, 0x09e4, 0x09e4, 0x09e4, 0x09c3, 0x09a3, 0x0a04, 0x09e4, 0x09c3, 0x09c3, 0x0a04, 0x0a04,
    0x0a24, 0x09c4, 0x09c3, 0x09c4, 0x1224, 0x1224, 0x0a04, 0x09e4, 0x09e4, 0x09e4, 0x09e4, 0x09e4, 0x09e4, 0x09e4, 0x11c4, 0x09e4,
    0x09e4, 0x09e4, 0x09c4, 0x09e4, 0x09e4, 0x09e4, 0x09e4, 0x09e4, 0x1224, 0x09e4, 0x09e4, 0x09e4, 0x0a04, 0x0a24, 0x1204, 0x09e4,
    0x11e4, 0x09c4, 0x09c3, 0x11e4, 0x11e4, 0x1224, 0x1244, 0x1204, 0x09c4, 0x09c4, 0x0a04, 0x0a04, 0x0a24, 0x0a24, 0x0a04, 0x11c4,
    0x11e4, 0x1224, 0x1204, 0x0a04, 0x09e4, 0x09e4, 0x1204, 0x1244, 0x0a24, 0x09c3, 0x09c3, 0x0a04, 0x0a45, 0x1265, 0x09e4, 0x09c3,
    0x09c4, 0x09c3, 0x09c4, 0x09e4, 0x0a24, 0x1244, 0x09e4, 0x09e4, 0x09e4, 0x09e4, 0x09e4, 0x09e4, 0x09e4, 0x09e4, 0x09e4, 0x09e4,
    0x09e4, 0x09e4, 0x09e4, 0x09e4, 0x1204, 0x1224, 0x11e4, 0x11e4, 0x11e4, 0x11e4, 0x09e4, 0x0a04, 0x0a04, 0x09e4, 0x09e4, 0x0a04,
    0x1224, 0x1224, 0x11e4, 0x09e4, 0x09c3, 0x11e4, 0x11e4, 0x09e4, 0x09e4, 0x09e3, 0x09e4, 0x09e4, 0x09e4, 0x09e4, 0x09c4, 0x09e4,
    0x09e4, 0x09e4, 0x09e4, 0x09e4, 0x09e4, 0x09e4, 0x09e4, 0x09e4, 0x09c4, 0x09c4, 0x09c4, 0x09c4, 0x09c4, 0x09c4, 0x09c4, 0x09c4,
    0x09c4, 0x09c4, 0x09c4, 0x09c4, 0x09c4, 0x09c4, 0x09c4, 0x09c4, 0x09c4, 0x09c4, 0x09c4, 0x09c4, 0x09c4, 0x09c4, 0x09c4, 0x09c4,
    0x09c4, 0x09c4, 0x09c4, 0x09c4, 0x09c4, 0x09c4, 0x09c4, 0x09c4, 0x09c4, 0x09c4, 0x09c4, 0x09c4, 0x09c4, 0x09c4, 0x09c4, 0x09c4,
    0x09c4, 0x09c4, 0x09c4, 0x09c4, 0x09c4, 0x09c4, 0x09c4, 0x09c4, 0x09c4, 0x09c4, 0x09c4, 0x09c4, 0x09c4, 0x09c4, 0x09c4, 0x09c4,
    0x09c4, 0x09c4, 0x09c4, 0x09c4, 0x09c4, 0x09c4, 0x09c4, 0x09c4, 0x09c4, 0x09c4, 0x09c4, 0x09c4, 0x09c4, 0x09c4, 0x09c4, 0x09c4,
    0x09c4, 0x09c4, 0x09c4, 0x09c4, 0x09c4, 0x09c4, 0x09c4, 0x09c4, 0x09c4, 0x09c4, 0x09c4, 0x09e4, 0x09e4, 0x09e4, 0x09c4, 0x09e4,
    0x09c4, 0x09e4, 0x09c4, 0x09c3, 0x09c3, 0x09c3, 0x09c3, 0x09c3, 0x09c4, 0x09c4, 0x09c4, 0x09c4, 0x09c3, 0x09c3, 0x09c3, 0x09e3,
    0x09e4, 0x09c3, 0x09a3, 0x09c3, 0x09c3, 0x09c3, 0x09e4, 0x09e3, 0x09c3, 0x09c3, 0x09e3, 0x09c4, 0x09c3, 0x09c3, 0x09e4, 0x09e4,
    0x09c3, 0x09c3, 0x09e4, 0x09e4, 0x09e4, 0x09e4, 0x09e3, 0x09e4, 0x09c4, 0x09c3, 0x09c3, 0x09c3, 0x09c3, 0x09e4, 0x09e4, 0x09e4,
    0x09e4, 0x09e4, 0x09e4, 0x09e4, 0x09e4, 0x09c4, 0x09e4, 0x09e4, 0x09e4, 0x09e4, 0x0a04, 0x09e4, 0x09e4, 0x0a04, 0x09e4, 0x09e4,
    0x09e4, 0x09c3, 0x09c3, 0x09e4, 0x09e4, 0x09e4, 0x0a04, 0x0a04, 0x09e4, 0x09c3, 0x09e4, 0x09e4, 0x0a04, 0x0a04, 0x09c3, 0x09c3,
    0x09c3, 0x09c4, 0x09e4, 0x09e4, 0x09e4, 0x09e4, 0x09e4, 0x09e4, 0x09e4, 0x09c3, 0x09c3, 0x09e4, 0x0a04, 0x0a04, 0x0a04, 0x09e4,
    0x09e4, 0x09c4, 0x09c3, 0x09c4, 0x09e4, 0x09e4, 0x09e4, 0x09e4, 0x09e4, 0x09e4, 0x09e4, 0x09e4, 0x09e4, 0x09e4, 0x09e4, 0x09e4,
    0x09e4, 0x09e4, 0x09e4, 0x09e4, 0x09e4, 0x0a04, 0x09e4, 0x09e4, 0x09e4, 0x09e4, 0x09e3, 0x09e4, 0x09e4, 0x09e4, 0x09e4, 0x0a04,
    0x0a04, 0x0a04, 0x09c3, 0x09c3, 0x09e4, 0x0a04, 0x09e4, 0x09e3, 0x09e4, 0x09e4, 0x09e4, 0x09e4, 0x09e4, 0x09e4, 0x09e4, 0x09e4,
    0x09e4, 0x09e4, 0x09e4, 0x09e4, 0x09e4, 0x09e4, 0x09e4, 0x09e4, 0x09c4, 0x09c4, 0x09c4, 0x09c4, 0x09c4, 0x09c4, 0x09c4, 0x09c4,
    0x09c4, 0x09c4, 0x09c4, 0x09c4, 0x09c4, 0x09c4, 0x09c4, 0x09c4, 0x09c4, 0x09c4, 0x09c4, 0x09c4, 0x09c4, 0x09c4, 0x09c4, 0x09c4,
    0x09c4, 0x09c4, 0x09c4, 0x09c4, 0x09c4, 0x09c4, 0x09c4, 0x09c4, 0x09c4, 0x09c4, 0x09c4, 0x09c4, 0x09c4, 0x09c4, 0x09c4, 0x09c4,
    0x09c4, 0x09c4, 0x09c4, 0x09c4, 0x09c4, 0x09c4, 0x09c4, 0x09c4, 0x09c4, 0x09c4, 0x09c4, 0x09c4, 0x09c4, 0x09c4, 0x09c4, 0x09c4,
    0x09c4, 0x09c4, 0x09c4, 0x09c4, 0x09c4, 0x09c4, 0x09c4, 0x09c4, 0x09c4, 0x09c4, 0x09c4, 0x09c4, 0x09c4, 0x09c4, 0x09c4, 0x09c4,
    0x09c4, 0x09c4, 0x09c4, 0x09c4, 0x09c4, 0x09c4, 0x09c4, 0x09c4, 0x09c4, 0x09c4, 0x09c4, 0x09e4, 0x09e4, 0x09e4, 0x09c4, 0x09c4,
    0x09c4, 0x09c4, 0x09c4, 0x09c4, 0x09c4, 0x09c3, 0x09c3, 0x09e4, 0x09e4, 0x09c4, 0x09c4, 0x09c3, 0x09c3, 0x09c3, 0x09c3, 0x09e3,
    0x09e3, 0x09c3, 0x09c3, 0x09c3, 0x09c3, 0x09c3, 0x09c3, 0x09c3, 0x09c3, 0x09c3, 0x09c3, 0x09c4, 0x09e4, 0x09e4, 0x09e4, 0x09e3,
    0x09c4, 0x09c3, 0x09e4, 0x09e4, 0x09e3, 0x09c3, 0x09c3, 0x09e3, 0x09e4, 0x09c3, 0x09c3, 0x09c3, 0x09c4, 0x09e4, 0x0a04, 0x09e4,
    0x09e4, 0x09e4, 0x09e4, 0x09e4, 0x09e4, 0x09e4, 0x09e4, 0x09e4, 0x09e4, 0x09e4, 0x09e4, 0x09e4, 0x09c4, 0x09e4, 0x09e4, 0x09e4,
    0x09e4, 0x09e4, 0x09e4, 0x09e4, 0x09e4, 0x09e4, 0x0a04, 0x0a04, 0x09e4, 0x09e4, 0x09e4, 0x09e4, 0x09e4, 0x09e4, 0x09c4, 0x09c3,
    0x09c3, 0x09c3, 0x09e4, 0x09e4, 0x09e4, 0x09e4, 0x09e4, 0x09e4, 0x0a04, 0x09e4, 0x09c4, 0x09e4, 0x0a04, 0x09e4, 0x0a04, 0x0a04,
    0x09e4, 0x09c4, 0x09c4, 0x09e4, 0x09e4, 0x09c3, 0x09e4, 0x09e4, 0x09e4, 0x09e4, 0x09e4, 0x09e4, 0x09e4, 0x09e4, 0x09e4, 0x09e4,
    0x09e4, 0x09e4, 0x09e4, 0x09e4, 0x09e4, 0x09e4, 0x09e4, 0x09e4, 0x09e4, 0x09e4, 0x09e4, 0x09e4, 0x09e4, 0x09e4, 0x09e4, 0x0a04,
    0x0a04, 0x09e4, 0x09e4, 0x09e4, 0x09e4, 0x0a04, 0x09e4, 0x09e4, 0x09e4, 0x09e4, 0x09e4, 0x09e4, 0x09e4, 0x09e4, 0x09e4, 0x09e4,
    0x09e4, 0x09e4, 0x09e4, 0x09e4, 0x09e4, 0x09e4, 0x09e4, 0x09e4, 0x09c4, 0x09c4, 0x09c4, 0x09c4, 0x09c4, 0x09c4, 0x09c4, 0x09c4,
    0x09c4, 0x09c4, 0x09c4, 0x09c4, 0x09c4, 0x09c4, 0x09c4, 0x09c4, 0x09c4, 0x09c4, 0x09c4, 0x09c4, 0x09c4, 0x09c4, 0x09c4, 0x09c4,
    0x09c4, 0x09c4, 0x09c4, 0x09c4, 0x09c4, 0x09c4, 0x09c4, 0x09c4, 0x09c4, 0x09c4, 0x09c4, 0x09c4, 0x09c4, 0x09c4, 0x09c4, 0x09c4,
    0x09c4, 0x09c4, 0x09c4, 0x09c4, 0x09c4, 0x09c4, 0x09c4, 0x09c4, 0x09c4, 0x09c4, 0x09c4, 0x09c4, 0x09c4, 0x09c4, 0x09c4, 0x09c4,
    0x09c4, 0x09c4, 0x09c4, 0x09c4, 0x09c4, 0x09c4, 0x09c4, 0x09c4, 0x09c4, 0x09c4, 0x09c4, 0x09c4, 0x09c4, 0x09c4, 0x09c4, 0x09c4,
    0x09c4, 0x09c4, 0x09c4, 0x09c4, 0x09c4, 0x09c4, 0x09c4, 0x09c4, 0x09c4, 0x09c4, 0x09c4, 0x09e4, 0x09c4, 0x09e4, 0x09e4, 0x09c4,
    0x09c4, 0x09c4, 0x09c4, 0x09c4, 0x09c3, 0x09c3, 0x09c3, 0x09e4, 0x09e3, 0x09e4, 0x09c3, 0x09c3, 0x09c3, 0x09e4, 0x09c3, 0x09c3,
    0x09e3, 0x09e4, 0x09e4, 0x09e3, 0x09c3, 0x09c3, 0x09c3, 0x09c3, 0x09e3, 0x09e4, 0x09c3, 0x09c3, 0x09e4, 0x09e4, 0x09e4, 0x09c3,
    0x09c3, 0x09e3, 0x09e4, 0x09e4, 0x09e3, 0x09e3, 0x09e4, 0x09e3, 0x09e4, 0x09e4, 0x09e4, 0x09e4, 0x09e4, 0x09e4, 0x09e4, 0x09e4,
    0x09e4, 0x09e4, 0x09e4, 0x09e4, 0x09e4, 0x09e4, 0x09e4, 0x09e4, 0x09e4, 0x09e4, 0x09e4, 0x09e4, 0x09c4, 0x09e4, 0x0a04, 0x0a04,
    0x0a04, 0x09e4, 0x09e4, 0x09e4, 0x09e4, 0x09e4, 0x0a04, 0x0a04, 0x09e4, 0x09e4, 0x09e4, 0x09e4, 0x09e4, 0x09e4, 0x09c3, 0x09c3,
    0x09c4, 0x09e4, 0x0a04, 0x09e4, 0x09e4, 0x09e4, 0x09e4, 0x0a04, 0x0a04, 0x09e4, 0x09e4, 0x09e4, 0x09e4, 0x0a04, 0x0a04, 0x0a04,
    0x09e4, 0x09e4, 0x09c4, 0x09e4, 0x09e4, 0x09c3, 0x09e3, 0x09e4, 0x09e4, 0x09e4, 0x09e4, 0x09e4, 0x09e4, 0x09e4, 0x09e4, 0x09e4,
    0x09e4, 0x09e4, 0x09e4, 0x09e4, 0x09e4, 0x09e4, 0x0a04, 0x0a04, 0x0a04, 0x09e4, 0x09e4, 0x09e4, 0x09e4, 0x0a04, 0x0a04, 0x0a04,
    0x09e4, 0x09e3, 0x09e4, 0x09e4, 0x0a04, 0x09e4, 0x09e4, 0x09e4, 0x09e4, 0x09e4, 0x09e4, 0x09e3, 0x09e3, 0x09e4, 0x09e4, 0x09e4,
    0x09e4, 0x09c4, 0x09e4, 0x09e4, 0x09e4, 0x09e4, 0x09e4, 0x09e4, 0x09c4, 0x09c4, 0x09c4, 0x09c4, 0x09c4, 0x09c4, 0x09c4, 0x09c4,
    0x09c4, 0x09c4, 0x09c4, 0x09c4, 0x09c4, 0x09c4, 0x09c4, 0x09c4, 0x09c4, 0x09c4, 0x09c4, 0x09c4, 0x09c4, 0x09c4, 0x09c4, 0x09c4,
    0x09c4, 0x09c4, 0x09c4, 0x09c4, 0x09c4, 0x09c4, 0x09c4, 0x09c4, 0x09c4, 0x09c4, 0x09c4, 0x09c4, 0x09c4, 0x09c4, 0x09c4, 0x09c4,
    0x09c4, 0x09c4, 0x09c4, 0x09c4, 0x09c4, 0x09c4, 0x09c4, 0x09c4, 0x09c4, 0x09c4, 0x09c4, 0x09c4, 0x09c4, 0x09c4, 0x09c4, 0x09c4,
    0x09c4, 0x09c4, 0x09c4, 0x09c4, 0x09c4, 0x09c4, 0x09c4, 0x09c4, 0x09c4, 0x09c4, 0x09c4, 0x09c4, 0x09c4, 0x09c4, 0x09c4, 0x09c4,
    0x09c4, 0x09c4, 0x09c4, 0x09c4, 0x09c4, 0x09c4, 0x09c4, 0x09c4, 0x09c4, 0x09c4, 0x09e4, 0x09e4, 0x09e4, 0x09c4, 0x09c4, 0x09c4,
    0x09c3, 0x09c4, 0x09c3, 0x09c3, 0x09c4, 0x09a3, 0x09c4, 0x09e4, 0x09e4, 0x09e4, 0x09c4, 0x09c4, 0x09e4, 0x0a04, 0x09e4, 0x09c3,
    0x09c3, 0x09e4, 0x09e4, 0x09e3, 0x09e4, 0x09c3, 0x09a3, 0x09a3, 0x09e4, 0x0a04, 0x0a04, 0x09e4, 0x09e4, 0x09e4, 0x09c3, 0x09c3,
    0x09e4, 0x09e3, 0x09e4, 0x09e4, 0x09c3, 0x0a04, 0x0a04, 0x09e4, 0x09c4, 0x09e4, 0x09e4, 0x09e4, 0x09e4, 0x09c3, 0x09c4, 0x09e4,
    0x09e4, 0x09e4, 0x09e4, 0x09e4, 0x09e4, 0x09e4, 0x09e4, 0x09e4, 0x09e4, 0x09c3, 0x09a3, 0x09c4, 0x09c4, 0x09e4, 0x0a04, 0x0a24,
    0x0a24, 0x09e4, 0x09e4, 0x0a04, 0x09c4, 0x09c4, 0x0a04, 0x0a04, 0x09e4, 0x09c4, 0x11e4, 0x09e4, 0x0a04, 0x09e4, 0x09c3, 0x09c3,
    0x09c3, 0x0a04, 0x0a45, 0x0a04, 0x09e4, 0x09e4, 0x0a04, 0x0a04, 0x0a04, 0x09e4, 0x09e4, 0x09e4, 0x09c4, 0x09e4, 0x0a24, 0x0a04,
    0x09e4, 0x09a3, 0x09e4, 0x0a24, 0x0a04, 0x09e3, 0x09e3, 0x09e4, 0x09e4, 0x09e4, 0x0a04, 0x0a04, 0x09e4, 0x09e4, 0x09c4, 0x09e4,
    0x09e4, 0x09e4, 0x09e4, 0x09e4, 0x09e4, 0x09e4, 0x09e4, 0x0a04, 0x0a04, 0x09e4, 0x09c3, 0x09e3, 0x0a04, 0x0a04, 0x0a24, 0x0a04,
    0x09e4, 0x09e4, 0x0a04, 0x0a04, 0x09e4, 0x09e4, 0x09e4, 0x09e4, 0x09e4, 0x09e4, 0x09e4, 0x09e4, 0x09e4, 0x09e4, 0x09e4, 0x09e4,
    0x09e4, 0x09e4, 0x09e4, 0x09e4, 0x09e4, 0x09e4, 0x09e4, 0x09e4, 0x09c4, 0x09c4, 0x09c4, 0x09c4, 0x09c4, 0x09c4, 0x09c4, 0x09c4,
    0x09c4, 0x09c4, 0x09c4, 0x09c4, 0x09c4, 0x09c4, 0x09c4, 0x09c4, 0x09c4, 0x09c4, 0x09c4, 0x09c4, 0x09c4, 0x09c4, 0x09c4, 0x09c4,
    0x09c4, 0x09c4, 0x09c4, 0x09c4, 0x09c4, 0x09c4, 0x09c4, 0x09c4, 0x09c4, 0x09c4, 0x09c4, 0x09c4, 0x09c4, 0x09c4, 0x09c4, 0x09c4,
    0x09c4, 0x09c4, 0x09c4, 0x09c4, 0x09c4, 0x09c4, 0x09c4, 0x09c4, 0x09c4, 0x09c4, 0x09c4, 0x09c4, 0x09c4, 0x09c4, 0x09c4, 0x09c4,
    0x09c4, 0x09c4, 0x09c4, 0x09c4, 0x09c4, 0x09c4, 0x09c4, 0x09c4, 0x09c4, 0x09c4, 0x09c4, 0x09c4, 0x09c4, 0x09c4, 0x09c4, 0x09c4,
    0x09c4, 0x09c4, 0x09c4, 0x09c4, 0x09c4, 0x09c4, 0x09c4, 0x09c4, 0x09c4, 0x09c4, 0x09e4, 0x09e4, 0x09e4, 0x09e4, 0x09c4, 0x09c4,
    0x09c4, 0x09c4, 0x09c4, 0x09c3, 0x09e4, 0xe719, 0xe718, 0xe738, 0xe718, 0xe718, 0xe738, 0xe739, 0xef39, 0xef59, 0x53aa, 0x09c4,
    0x84cf, 0xe718, 0xe718, 0xbdf3, 0x0a04, 0x09e4, 0x2225, 0xded7, 0xdef7, 0xdef8, 0x1245, 0x0a24, 0xded8, 0xd6d7, 0xded7, 0xdef7,
    0xdef8, 0xdf18, 0xdef8, 0xdef7, 0x9d72, 0x0a04, 0x0182, 0xdef8, 0xdf18, 0xd6d8, 0x09e4, 0x09e4, 0x09e4, 0x0183, 0xded7, 0xdf17,
    0xe718, 0x0a04, 0x09e4, 0x09c4, 0x09e4, 0x09e4, 0x09e4, 0x09e4, 0x09c4, 0x09a3, 0xdef8, 0xdef8, 0xe739, 0xe738, 0xe718, 0xe739,
    0xe739, 0xef5b, 0x09e4, 0x0a04, 0x09c4, 0xc635, 0xe718, 0xe718, 0xdef8, 0xdef7, 0xe738, 0xef38, 0xe718, 0x2a86, 0x09c3, 0x09c3,
    0x01a3, 0xdef8, 0xe759, 0xe718, 0xded7, 0xdef7, 0xe718, 0xe738, 0xe719, 0x01a3, 0x09e4, 0x09e4, 0x09c3, 0xdef8, 0xe739, 0xe718,
    0xdef7, 0xdef7, 0xe718, 0xef7c, 0x1244, 0x0a04, 0x09e4, 0xe73a, 0xe718, 0xe738, 0xe738, 0xe738, 0xe738, 0xe718, 0x0183, 0x09e4,
    0x09e4, 0x09e4, 0x09e4, 0x09e4, 0x09e4, 0x09e4, 0x09e4, 0x0a04, 0xd6f7, 0xdef7, 0xded7, 0xdef8, 0xdef7, 0xded7, 0x2ac7, 0x1224,
    0x09e4, 0xc676, 0xe739, 0xe739, 0xbe15, 0x09c3, 0x0a04, 0x2265, 0xdef8, 0xe717, 0xdf18, 0x09c4, 0x09e4, 0x09e4, 0x09e4, 0x09e4,
    0x09e4, 0x09e4, 0x09e4, 0x09e4, 0x09e4, 0x09e4, 0x09e4, 0x09e4, 0x09c4, 0x09c4, 0x09c4, 0x09c4, 0x09c4, 0x09c4, 0x09c4, 0x09c4,
    0x09c4, 0x09c4, 0x09c4, 0x09c4, 0x09c4, 0x09c4, 0x09c4, 0x09c4, 0x09c4, 0x09c4, 0x09c4, 0x09c4, 0x09c4, 0x09c4, 0x09c4, 0x09c4,
    0x09c4, 0x09c4, 0x09c4, 0x09c4, 0x09c4, 0x09c4, 0x09c4, 0x09c4, 0x09c4, 0x09c4, 0x09c4, 0x09c4, 0x09c4, 0x09c4, 0x09c4, 0x09c4,
    0x09c4, 0x09c4, 0x09c4, 0x09c4, 0x09c4, 0x09c4, 0x09c4, 0x09c4, 0x09c4, 0x09c4, 0x09c4, 0x09c4, 0x09c4, 0x09c4, 0x09c4, 0x09c4,
    0x09c4, 0x09c4, 0x09c4, 0x09c4, 0x09c4, 0x09c4, 0x09c4, 0x09c4, 0x09c4, 0x09c4, 0x09c4, 0x09c4, 0x09c4, 0x09c4, 0x09c4, 0x09c4,
    0x09c4, 0x09c4, 0x09c4, 0x09c4, 0x09c4, 0x09c4, 0x09c4, 0x09c4, 0x09c4, 0x09c4, 0x09e4, 0x09e4, 0x09e4, 0x09e4, 0x09c4, 0x09e4,
    0x09c4, 0x09c4, 0x09c4, 0x09e4, 0x09e4, 0xf7ba, 0xff79, 0xff79, 0xff58, 0xff78, 0xff79, 0xff9a, 0xff79, 0xf77a, 0x53eb, 0x09e4,
    0x950f, 0xff78, 0xff9a, 0xdeb6, 0x0a04, 0x0a04, 0x2286, 0xff59, 0xff78, 0xf739, 0x1225, 0x1225, 0xff9a, 0xff79, 0xff79, 0xff79,
    0xff9a, 0xff9a, 0xff9a, 0xff7a, 0xad92, 0x09c4, 0x0162, 0xff79, 0xff7a, 0xef39, 0x09c4, 0x0a04, 0x0a04, 0x01a3, 0xf718, 0xff9a,
    0xff7a, 0x0a05, 0x09e4, 0x09c4, 0x09e4, 0x09e4, 0x09e4, 0x09e4, 0x09c4, 0x09a3, 0xff99, 0xff79, 0xff9a, 0xff9a, 0xff79, 0xff78,
    0xff79, 0xffbc, 0x1245, 0x0a24, 0x11e3, 0xd695, 0xff79, 0xff79, 0xff9a, 0xff79, 0xff79, 0xff79, 0xff7a, 0x32a7, 0x1204, 0x0a04,
    0x01e3, 0xf75a, 0xff9a, 0xff79, 0xff79, 0xff78, 0xff79, 0xff7a, 0xf77a, 0x01c3, 0x0a24, 0x0a04, 0x0a04, 0xf77b, 0xff9b, 0xff7a,
    0xff79, 0xff79, 0xff9a, 0xfffb, 0x1245, 0x0a24, 0x1204, 0xffbb, 0xff7a, 0xff9a, 0xff79, 0xff58, 0xff79, 0xf77a, 0x01a3, 0x09e4,
    0x09e4, 0x09e4, 0x09e4, 0x09e4, 0x09e4, 0x09e4, 0x09e4, 0x1204, 0xf779, 0xff79, 0xff79, 0xff79, 0xff58, 0xf758, 0x2ae7, 0x1224,
    0x09e4, 0xded6, 0xff9b, 0xff7a, 0xd6b6, 0x09a3, 0x09e4, 0x2265, 0xf77b, 0xff79, 0xff99, 0x09c4, 0x09e4, 0x09e4, 0x09e4, 0x09e4,
    0x09e4, 0x09e4, 0x09e4, 0x09e4, 0x09e4, 0x09e4, 0x09e4, 0x09e4, 0x09c4, 0x09c4, 0x09c4, 0x09c4, 0x09c4, 0x09c4, 0x09c4, 0x09c4,
    0x09c4, 0x09c4, 0x09c4, 0x09c4, 0x09c4, 0x09c4, 0x09c4, 0x09c4, 0x09c4, 0x09c4, 0x09c4, 0x09c4, 0x09c4, 0x09c4, 0x09c4, 0x09c4,
    0x09c4, 0x09c4, 0x09c4, 0x09c4, 0x09c4, 0x09c4, 0x09c4, 0x09c4, 0x09c4, 0x09c4, 0x09c4, 0x09c4, 0x09c4, 0x09c4, 0x09c4, 0x09c4,
    0x09c3, 0x09c3, 0x09c3, 0x09c3, 0x09c3, 0x09c3, 0x09c3, 0x09c3, 0x09c3, 0x09c3, 0x09c3, 0x09c3, 0x09c3, 0x09c3, 0x09c3, 0x09c3,
    0x09c3, 0x09c3, 0x09c3, 0x09c3, 0x09c3, 0x09c3, 0x09c3, 0x09c3, 0x09c3, 0x09c3, 0x09c3, 0x09c3, 0x09c3, 0x09c3, 0x09c3, 0x09c3,
    0x09c3, 0x09c3, 0x09c3, 0x09c3, 0x09c3, 0x09c3, 0x09c3, 0x09c3, 0x09c3, 0x09c3, 0x09c4, 0x09e4, 0x09e4, 0x09c4, 0x09c4, 0x09c4,
    0x09c4, 0x09e4, 0x09e4, 0x09e4, 0x09e4, 0x9530, 0x8cef, 0x94ef, 0xff99, 0xff79, 0xff79, 0xc614, 0x950f, 0x950f, 0x3307, 0x0a04,
    0x9d50, 0xff78, 0xff9a, 0xdeb6, 0x09e3, 0x09e4, 0x2aa6, 0xff9a, 0xff79, 0xf759, 0x11c4, 0x09c4, 0xff9a, 0xff79, 0xff79, 0xad71,
    0x950f, 0x8d0f, 0x8d30, 0x9530, 0x640d, 0x09a3, 0x0121, 0xff79, 0xff79, 0xff79, 0xce96, 0x01e3, 0x0a24, 0x01c3, 0xf739, 0xff9a,
    0xff7a, 0x09e4, 0x09c3, 0x09c4, 0x09c4, 0x09e4, 0x09e4, 0x09e4, 0x09e4, 0x09c3, 0xff79, 0xff79, 0xff79, 0x8ccf, 0x8d0f, 0x94ef,
    0xff58, 0xff79, 0xf77a, 0x2aa6, 0x1224, 0xd695, 0xff79, 0xff79, 0xf738, 0x8cef, 0x8ccf, 0x9d2f, 0xff78, 0xff59, 0xff9a, 0x1285,
    0x0a04, 0xf759, 0xff79, 0xff58, 0x848d, 0x8d0f, 0x9530, 0x8cef, 0x8ccf, 0x09e4, 0x0a24, 0xf79b, 0xff59, 0xff9a, 0xff9a, 0x950f,
    0x950f, 0x9530, 0x9d50, 0x94ef, 0x09e4, 0x0182, 0xf779, 0xff79, 0xff79, 0x8cef, 0x8d0f, 0x8cce, 0x8cef, 0x9510, 0x09e4, 0x09e4,
    0x09e4, 0x09e4, 0x09e4, 0x09e4, 0x09e4, 0x09e4, 0x09c3, 0xf759, 0xff99, 0xff99, 0x8ccf, 0x8cae, 0x8cae, 0xff79, 0xff79, 0xf758,
    0x09c4, 0xded7, 0xff9a, 0xff7a, 0xded6, 0x09c4, 0xb613, 0xbdf3, 0xff7a, 0xded6, 0xce75, 0x09e4, 0x09e4, 0x09e4, 0x09c4, 0x09e4,
    0x09e4, 0x09e4, 0x09e4, 0x09e4, 0x09e4, 0x09e4, 0x09e4, 0x09e4, 0x09c3, 0x09c3, 0x09c3, 0x09c3, 0x09c3, 0x09c3, 0x09c3, 0x09c3,
    0x09c3, 0x09c3, 0x09c3, 0x09c3, 0x09c3, 0x09c3, 0x09c3, 0x09c3, 0x09c3, 0x09c3, 0x09c3, 0x09c3, 0x09c3, 0x09c3, 0x09c3, 0x09c3,
    0x09c3, 0x09c3, 0x09c3, 0x09c3, 0x09c3, 0x09c3, 0x09c3, 0x09c3, 0x09c3, 0x09c3, 0x09c3, 0x09c3, 0x09c3, 0x09c3, 0x09c3, 0x09c3,
    0x09c3, 0x09c3, 0x09c3, 0x09c3, 0x09c3, 0x09c3, 0x09c3, 0x09c3, 0x09c3, 0x09c3, 0x09c3, 0x09c3, 0x09c3, 0x09c3, 0x09c3, 0x09c3,
    0x09c3, 0x09c3, 0x09c3, 0x09c3, 0x09c3, 0x09c3, 0x09c3, 0x09c3, 0x09c3, 0x09c3, 0x09c3, 0x09c3, 0x09c3, 0x09c3, 0x09c3, 0x09c3,
    0x09c3, 0x09c3, 0x09c3, 0x09c3, 0x09c3, 0x09c3, 0x09c3, 0x09c3, 0x09c3, 0x09c3, 0x09e4, 0x09c4, 0x09e4, 0x09c4, 0x09e4, 0x09c4,
    0x09c4, 0x09e4, 0x09c4, 0x09c4, 0x09c4, 0x09c3, 0x09a3, 0x09c3, 0xffba, 0xff79, 0xff79, 0x7c6e, 0x09c3, 0x09c3, 0x0a04, 0x0a04,
    0xa591, 0xff99, 0xff99, 0xde96, 0x09a3, 0x09c3, 0x2a86, 0xff9a, 0xff79, 0xf75a, 0x09e4, 0x09c4, 0xff7a, 0xff79, 0xff9a, 0x4b29,
    0x0a24, 0x0a04, 0x09e4, 0x0a04, 0x0a04, 0x09e3, 0x0121, 0xff78, 0xff79, 0xff9a, 0xff9b, 0x01c3, 0x09e4, 0x09a3, 0xf759, 0xff9a,
    0xff7a, 0x09e4, 0x09c3, 0x09c4, 0x09e4, 0x09e4, 0x09e4, 0x09e4, 0x09c4, 0x09c4, 0xff79, 0xff79, 0xff7a, 0x0142, 0x09c4, 0x11e4,
    0xf779, 0xff79, 0xff79, 0x22a6, 0x1244, 0xd675, 0xff79, 0xff99, 0xded7, 0x0a04, 0x09e4, 0x2224, 0xff78, 0xff79, 0xffdb, 0x1285,
    0x01e3, 0xf758, 0xff79, 0xf758, 0x0162, 0x1245, 0x1245, 0x09c4, 0x0983, 0x09c3, 0x09c3, 0xffbb, 0xff79, 0xff78, 0xffb9, 0x09a3,
    0x09e4, 0x1244, 0x1224, 0x09a3, 0x09a3, 0x0142, 0xff79, 0xff79, 0xff78, 0x09c4, 0x0a44, 0x0a04, 0x09a3, 0x09c4, 0x0a04, 0x09e4,
    0x09e4, 0x09e4, 0x09e4, 0x09e4, 0x09e4, 0x09e4, 0x09c3, 0xf759, 0xff9a, 0xff79, 0x09c4, 0x0983, 0x0983, 0xff7a, 0xff9a, 0xf779,
    0x09e4, 0xd6b6, 0xff79, 0xff79, 0xded7, 0x1225, 0xffbb, 0xff58, 0xff79, 0x7c4d, 0x09e4, 0x09e4, 0x09e4, 0x09e4, 0x09e4, 0x09c4,
    0x09e4, 0x09e4, 0x09e4, 0x09e4, 0x09e4, 0x09c4, 0x09c4, 0x09c4, 0x09c3, 0x09c3, 0x09c3, 0x09c3, 0x09c3, 0x09c3, 0x09c3, 0x09c3,
    0x09c3, 0x09c3, 0x09c3, 0x09c3, 0x09c3, 0x09c3, 0x09c3, 0x09c3, 0x09c3, 0x09c3, 0x09c3, 0x09c3, 0x09c3, 0x09c3, 0x09c3, 0x09c3,
    0x09c3, 0x09c3, 0x09c3, 0x09c3, 0x09c3, 0x09c3, 0x09c3, 0x09c3, 0x09c3, 0x09c3, 0x09c3, 0x09c3, 0x09c3, 0x09c3, 0x09c3, 0x09c3,
    0x09c3, 0x09c3, 0x09c3, 0x09c3, 0x09c3, 0x09c3, 0x09c3, 0x09c3, 0x09c3, 0x09c3, 0x09c3, 0x09c3, 0x09c3, 0x09c3, 0x09c3, 0x09c3,
    0x09c3, 0x09c3, 0x09c3, 0x09c3, 0x09c3, 0x09c3, 0x09c3, 0x09c3, 0x09c3, 0x09c3, 0x09c3, 0x09c3, 0x09c3, 0x09c3, 0x09c3, 0x09c3,
    0x09c3, 0x09c3, 0x09c3, 0x09c3, 0x09c3, 0x09c3, 0x09c3, 0x09c3, 0x09c3, 0x09c3, 0x09c4, 0x09c4, 0x09c4, 0x09c4, 0x09c4, 0x09c4,
    0x09c4, 0x09c4, 0x09c3, 0x09c4, 0x09c3, 0x09c3, 0x09c3, 0x09a3, 0xffba, 0xff79, 0xff79, 0x7c6e, 0x09c3, 0x09c3, 0x09c3, 0x09e3,
    0xa591, 0xff99, 0xff79, 0xd655, 0x09c3, 0x11e4, 0x32c7, 0xff7a, 0xff79, 0xf75a, 0x1205, 0x09c4, 0xff9a, 0xff79, 0xff9a, 0x4b69,
    0x1265, 0x1245, 0x09c3, 0x0983, 0x09c3, 0x0a04, 0x0162, 0xff79, 0xff79, 0xff9a, 0xff9a, 0xff79, 0xf779, 0x09c3, 0xf75a, 0xff7a,
    0xff79, 0x09e4, 0x09c3, 0x09c3, 0x09e4, 0x09e4, 0x09e4, 0x09e4, 0x09e4, 0x09c4, 0xff99, 0xff79, 0xff79, 0x0183, 0x0a04, 0x1204,
    0xf758, 0xff79, 0xff79, 0x2246, 0x1224, 0xd695, 0xff79, 0xff79, 0xe6f8, 0x0a04, 0x11e4, 0x1a04, 0xff79, 0xff9a, 0xffba, 0x1244,
    0x01e3, 0xf738, 0xff79, 0xf759, 0x09e4, 0x1285, 0x1265, 0x09c4, 0x0983, 0x09a3, 0x0983, 0xffba, 0xff79, 0xff78, 0xffb9, 0x09e4,
    0x1245, 0x1265, 0x0a24, 0x09a3, 0x09a3, 0x0142, 0xff79, 0xff79, 0xff78, 0x09a4, 0x1245, 0x1265, 0x09c4, 0x09a3, 0x09e4, 0x09e4,
    0x09e4, 0x09e4, 0x09e4, 0x09e4, 0x09e4, 0x09e4, 0x09a3, 0xf759, 0xff79, 0xff79, 0x09c3, 0x09c4, 0x09e4, 0xff7a, 0xff9a, 0xff9a,
    0x0a05, 0xd695, 0xff79, 0xff79, 0xff9a, 0xff9b, 0xff79, 0xff58, 0xc614, 0x1204, 0x09e4, 0x09e4, 0x09e4, 0x09e4, 0x09c4, 0x09e4,
    0x09c4, 0x09e4, 0x09e4, 0x09e4, 0x09e4, 0x09e4, 0x09e4, 0x09c4, 0x09c3, 0x09c3, 0x09c3, 0x09c3, 0x09c3, 0x09c3, 0x09c3, 0x09c3,
    0x09c3, 0x09c3, 0x09c3, 0x09c3, 0x09c3, 0x09c3, 0x09c3, 0x09c3, 0x09c3, 0x09c3, 0x09c3, 0x09c3, 0x09c3, 0x09c3, 0x09c3, 0x09c3,
    0x09c3, 0x09c3, 0x09c3, 0x09c3, 0x09c3, 0x09c3, 0x09c3, 0x09c3, 0x09c3, 0x09c3, 0x09c3, 0x09c3, 0x09c3, 0x09c3, 0x09c3, 0x09c3,
    0x09c4, 0x09c4, 0x09c4, 0x09c4, 0x09c4, 0x09c4, 0x09c4, 0x09c4, 0x09c4, 0x09c4, 0x09c4, 0x09c4, 0x09c4, 0x09c4, 0x09c4, 0x09c4,
    0x09c4, 0x09c4, 0x09c4, 0x09c4, 0x09c4, 0x09c4, 0x09c4, 0x09c4, 0x09c4, 0x09c4, 0x09c4, 0x09c4, 0x09c4, 0x09c4, 0x09c4, 0x09c4,
    0x09c4, 0x09c4, 0x09c4, 0x09c4, 0x09c4, 0x09c4, 0x09c4, 0x09c4, 0x09c4, 0x09c4, 0x09e4, 0x09e4, 0x09e3, 0x09c3, 0x09c3, 0x09c4,
    0x09c4, 0x09c4, 0x09c3, 0x09c4, 0x09c3, 0x09c3, 0x09c3, 0x09c3, 0xffba, 0xff79, 0xff79, 0x846e, 0x09e4, 0x09c3, 0x09c3, 0x09c3,
    0xa591, 0xff79, 0xff79, 0xff79, 0xff9a, 0xff9a, 0xffba, 0xff79, 0xff79, 0xf759, 0x1205, 0x11e4, 0xff9a, 0xff79, 0xff79, 0xff9a,
    0xffdb, 0xffdb, 0xff9a, 0x0122, 0x09a3, 0x09e3, 0x0182, 0xff79, 0xff79, 0xff79, 0xff79, 0xff78, 0xff78, 0xf779, 0xff7a, 0xff9a,
    0xff79, 0x1205, 0x09e4, 0x09e4, 0x09e4, 0x09e4, 0x09e4, 0x09e4, 0x09e4, 0x09c4, 0xff79, 0xff79, 0xff79, 0x01a3, 0x0a45, 0x1245,
    0xf758, 0xff78, 0xff79, 0x2246, 0x09c4, 0xdeb6, 0xff79, 0xff79, 0xef18, 0x1265, 0x1245, 0x1a45, 0xff79, 0xff79, 0xff99, 0x09c4,
    0x0183, 0xf738, 0xff79, 0xff79, 0xffba, 0xffba, 0xffba, 0xff99, 0x0983, 0x09c3, 0x09c4, 0xffba, 0xf75a, 0xff78, 0xff78, 0xff9a,
    0xffdb, 0xffbb, 0x3b08, 0x09a3, 0x09c4, 0x0182, 0xf759, 0xff79, 0xff78, 0xff99, 0xffba, 0xffbb, 0xded7, 0x0983, 0x09e4, 0x09e4,
    0x09e4, 0x09e4, 0x09e4, 0x09e4, 0x09e4, 0x09c4, 0x0183, 0xf758, 0xff79, 0xff79, 0x0a04, 0x0a04, 0x0a04, 0xff7a, 0xff79, 0xff9a,
    0x0a25, 0xd695, 0xff79, 0xff79, 0xff9a, 0xff7a, 0xff79, 0x6beb, 0x09c3, 0x0a04, 0x09e4, 0x09e4, 0x09e4, 0x09e4, 0x09e4, 0x09e4,
    0x09e4, 0x09e4, 0x09e4, 0x09e4, 0x09e4, 0x09e4, 0x09c4, 0x09e4, 0x09c4, 0x09c4, 0x09c4, 0x09c4, 0x09c4, 0x09c4, 0x09c4, 0x09c4,
    0x09c4, 0x09c4, 0x09c4, 0x09c4, 0x09c4, 0x09c4, 0x09c4, 0x09c4, 0x09c4, 0x09c4, 0x09c4, 0x09c4, 0x09c4, 0x09c4, 0x09c4, 0x09c4,
    0x09c4, 0x09c4, 0x09c4, 0x09c4, 0x09c4, 0x09c4, 0x09c4, 0x09c4, 0x09c4, 0x09c4, 0x09c4, 0x09c4, 0x09c4, 0x09c4, 0x09c4, 0x09c4,
    0x09c4, 0x09c4, 0x09c4, 0x09c4, 0x09c4, 0x09c4, 0x09c4, 0x09c4, 0x09c4, 0x09c4, 0x09c4, 0x09c4, 0x09c4, 0x09c4, 0x09c4, 0x09c4,
    0x09c4, 0x09c4, 0x09c4, 0x09c4, 0x09c4, 0x09c4, 0x09c4, 0x09c4, 0x09c4, 0x09c4, 0x09c4, 0x09c4, 0x09c4, 0x09c4, 0x09c4, 0x09c4,
    0x09c4, 0x09c4, 0x09c4, 0x09c4, 0x09c4, 0x09c4, 0x09c4, 0x09c4, 0x09c4, 0x09c4, 0x09c4, 0x09c3, 0x09e4, 0x09e4, 0x09c4, 0x09c4,
    0x09c4, 0x09c4, 0x09c3, 0x09c4, 0x09c3, 0x09c4, 0x09c3, 0x09c3, 0xffba, 0xff59, 0xff79, 0x844e, 0x09e4, 0x09e3, 0x09c3, 0x09c3,
    0xa570, 0xff79, 0xff79, 0xff58, 0xff58, 0xff78, 0xff79, 0xff7a, 0xff79, 0xf759, 0x11e5, 0x11e4, 0xff9b, 0xff9a, 0xff79, 0xf759,
    0xf77a, 0xf77a, 0xf759, 0x0122, 0x09a3, 0x09c3, 0x0142, 0xff9a, 0xff79, 0xff79, 0xffb9, 0xff78, 0xff79, 0xff9a, 0xff79, 0xff79,
    0xff79, 0x0a05, 0x09e4, 0x09e4, 0x09e4, 0x09e4, 0x09e4, 0x09e4, 0x09e4, 0x09c3, 0xff79, 0xff79, 0xff79, 0xffdb, 0xfffb, 0xffda,
    0xff79, 0xff78, 0xffdb, 0x2286, 0x09e4, 0xde95, 0xff79, 0xff79, 0xff79, 0xf79b, 0xff9b, 0xff9b, 0xff9a, 0xf779, 0xb5d3, 0x09a3,
    0x0142, 0xf759, 0xff9a, 0xff9a, 0xf79c, 0xf77a, 0xf758, 0xf759, 0x09c4, 0x09e3, 0x09e4, 0x01c3, 0x01a3, 0xf759, 0xff79, 0xff9b,
    0xff9b, 0xff7a, 0xf779, 0xff9a, 0x1224, 0x09e4, 0x0163, 0xff9a, 0xff79, 0xff79, 0xff79, 0xff9a, 0xff9a, 0xf758, 0x0183, 0x09c4,
    0x09c4, 0x09e4, 0x09e4, 0x09e4, 0x09e4, 0x09c4, 0x0183, 0xf738, 0xff79, 0xff79, 0x0a44, 0x0a24, 0x0a24, 0xff79, 0xff78, 0xf758,
    0x09e4, 0xdeb6, 0xff99, 0xff7a, 0xff9a, 0xff79, 0xff79, 0x6beb, 0x09c4, 0x0a04, 0x0a04, 0x09e4, 0x09e4, 0x09e4, 0x09e4, 0x09e4,
    0x09e4, 0x09e4, 0x09e4, 0x09e4, 0x09e4, 0x09e4, 0x09c4, 0x09c4, 0x09c4, 0x09c4, 0x09c4, 0x09c4, 0x09c4, 0x09c4, 0x09c4, 0x09c4,
    0x09c4, 0x09c4, 0x09c4, 0x09c4, 0x09c4, 0x09c4, 0x09c4, 0x09c4, 0x09c4, 0x09c4, 0x09c4, 0x09c4, 0x09c4, 0x09c4, 0x09c4, 0x09c4,
    0x09c4, 0x09c4, 0x09c4, 0x09c4, 0x09c4, 0x09c4, 0x09c4, 0x09c4, 0x09c4, 0x09c4, 0x09c4, 0x09c4, 0x09c4, 0x09c4, 0x09c4, 0x09c4,
    0x09c3, 0x09c3, 0x09c3, 0x09c3, 0x09c3, 0x09c3, 0x09c3, 0x09c3, 0x09c3, 0x09c3, 0x09c3, 0x09c3, 0x09c3, 0x09c3, 0x09c3, 0x09c3,
    0x09c3, 0x09c3, 0x09c3, 0x09c3, 0x09c3, 0x09c3, 0x09c3, 0x09c3, 0x09c3, 0x09c3, 0x09c3, 0x09c3, 0x09c3, 0x09c3, 0x09c3, 0x09c3,
    0x09c3, 0x09c3, 0x09c3, 0x09c3, 0x09c3, 0x09c3, 0x09c3, 0x09c3, 0x09c3, 0x09c3, 0x09c4, 0x09c4, 0x09e4, 0x09e4, 0x09e4, 0x09c4,
    0x09e4, 0x09c4, 0x09c4, 0x09c3, 0x09c3, 0x09c3, 0x09c3, 0x09c3, 0xffb9, 0xff79, 0xff79, 0x846e, 0x09e3, 0x09c3, 0x09c3, 0x09c3,
    0xa570, 0xff79, 0xff7a, 0xf759, 0xc655, 0xc655, 0xceb6, 0xff7a, 0xff79, 0xf759, 0x11e4, 0x11e4, 0xff9b, 0xff9a, 0xff79, 0x5b69,
    0x2225, 0x2205, 0x2225, 0x09c3, 0x09c3, 0x09c3, 0x0121, 0xff9a, 0xff7a, 0xf759, 0x11a4, 0xff9a, 0xff9a, 0xff79, 0xff79, 0xff79,
    0xff79, 0x1205, 0x09e4, 0x09c4, 0x09e4, 0x09e4, 0x09e4, 0x09e4, 0x09e4, 0x09c3, 0xff79, 0xff79, 0xff79, 0xff9a, 0xff78, 0xff58,
    0xff79, 0xffbb, 0x1245, 0x1224, 0x0a04, 0xd695, 0xff79, 0xff79, 0xff79, 0xff9a, 0xff79, 0xff9a, 0xff9a, 0xb5d3, 0x09a3, 0x09a3,
    0x0142, 0xf759, 0xff9a, 0xff7b, 0x2a25, 0x3266, 0x2225, 0x2204, 0x09e4, 0x09e4, 0x09e4, 0x0a04, 0x09c4, 0xc655, 0xc696, 0xce96,
    0xceb7, 0xff79, 0xff78, 0xffdb, 0x1245, 0x09c4, 0x09a3, 0xce96, 0xd6d7, 0xd6b7, 0xce76, 0xff79, 0xff7a, 0xff7a, 0x0183, 0x09e4,
    0x09e4, 0x09e4, 0x09e4, 0x09e4, 0x09e4, 0x09e4, 0x0183, 0xf758, 0xff99, 0xff9a, 0x0a24, 0x0a04, 0x09e3, 0xff79, 0xff78, 0xf778,
    0x09e4, 0xdeb6, 0xff7a, 0xff9a, 0xff99, 0xff79, 0xff79, 0xe738, 0xe718, 0x0a24, 0x09e4, 0x09e4, 0x09e4, 0x09e4, 0x09e4, 0x09e4,
    0x09e4, 0x09e4, 0x09e4, 0x09e4, 0x09e4, 0x09e4, 0x09c4, 0x09e4, 0x09c3, 0x09c3, 0x09c3, 0x09c3, 0x09c3, 0x09c3, 0x09c3, 0x09c3,
    0x09c3, 0x09c3, 0x09c3, 0x09c3, 0x09c3, 0x09c3, 0x09c3, 0x09c3, 0x09c3, 0x09c3, 0x09c3, 0x09c3, 0x09c3, 0x09c3, 0x09c3, 0x09c3,
    0x09c3, 0x09c3, 0x09c3, 0x09c3, 0x09c3, 0x09c3, 0x09c3, 0x09c3, 0x09c3, 0x09c3, 0x09c3, 0x09c3, 0x09c3, 0x09c3, 0x09c3, 0x09c3,
    0x09c3, 0x09c3, 0x09c3, 0x09c3, 0x09c3, 0x09c3, 0x09c3, 0x09c3, 0x09c3, 0x09c3, 0x09c3, 0x09c3, 0x09c3, 0x09c3, 0x09c3, 0x09c3,
    0x09c3, 0x09c3, 0x09c3, 0x09c3, 0x09c3, 0x09c3, 0x09c3, 0x09c3, 0x09c3, 0x09c3, 0x09c3, 0x09c3, 0x09c3, 0x09c3, 0x09c3, 0x09c3,
    0x09c3, 0x09c3, 0x09c3, 0x09c3, 0x09c3, 0x09c3, 0x09c3, 0x09c3, 0x09c3, 0x09c3, 0x09c4, 0x09c4, 0x09e4, 0x09e4, 0x09c4, 0x09e4,
    0x09e4, 0x09c4, 0x09c3, 0x09c3, 0x09c3, 0x09c3, 0x09c3, 0x09c3, 0xffba, 0xff79, 0xff79, 0x848e, 0x09c3, 0x09e3, 0x09c3, 0x09e3,
    0xa570, 0xff99, 0xff9a, 0xdeb7, 0x09a3, 0x0963, 0x2204, 0xff7a, 0xff79, 0xf759, 0x11e4, 0x11e4, 0xff9b, 0xff9a, 0xff9b, 0x4308,
    0x09a3, 0x0983, 0x0a04, 0x0a04, 0x09c3, 0x09e3, 0x0162, 0xff79, 0xff79, 0xf738, 0x09a4, 0x744d, 0x744d, 0xff79, 0xff79, 0xff79,
    0xff7a, 0x0a04, 0x09c3, 0x09c4, 0x09e4, 0x09e4, 0x09e4, 0x09e4, 0x09e4, 0x09c3, 0xff79, 0xff79, 0xff79, 0x4328, 0x538a, 0x4b69,
    0x536a, 0x534a, 0x09e4, 0x09e4, 0x09e4, 0xde95, 0xff79, 0xff79, 0xe717, 0x5bcb, 0xffbb, 0xff79, 0xef38, 0x742d, 0x09e4, 0x09e4,
    0x0183, 0xf758, 0xff7a, 0xf77a, 0x0142, 0x09c3, 0x0983, 0x09a3, 0x09e4, 0x09c3, 0x09e4, 0x09c3, 0x09a3, 0x09e4, 0x0a24, 0x09e4,
    0x0962, 0xff79, 0xff79, 0xffdb, 0x1204, 0x09e4, 0x09c3, 0x09a3, 0x09c3, 0x09e4, 0x0983, 0xf759, 0xff79, 0xff7a, 0x0183, 0x09e4,
    0x09e4, 0x09e4, 0x09e4, 0x09e4, 0x09e4, 0x09c4, 0x01a3, 0xf77a, 0xff9a, 0xff9a, 0x09e4, 0x09c4, 0x09a3, 0xf759, 0xff79, 0xff79,
    0x09c4, 0xd696, 0xff7a, 0xff7a, 0xe718, 0x63eb, 0xffdb, 0xff9a, 0xffba, 0x536a, 0x09e4, 0x09e4, 0x09e4, 0x09e4, 0x09e4, 0x09e4,
    0x09e4, 0x09e4, 0x09e4, 0x09e4, 0x09e4, 0x09c4, 0x09c4, 0x09c4, 0x09c3, 0x09c3, 0x09c3, 0x09c3, 0x09c3, 0x09c3, 0x09c3, 0x09c3,
    0x09c3, 0x09c3, 0x09c3, 0x09c3, 0x09c3, 0x09c3, 0x09c3, 0x09c3, 0x09c3, 0x09c3, 0x09c3, 0x09c3, 0x09c3, 0x09c3, 0x09c3, 0x09c3,
    0x09c3, 0x09c3, 0x09c3, 0x09c3, 0x09c3, 0x09c3, 0x09c3, 0x09c3, 0x09c3, 0x09c3, 0x09c3, 0x09c3, 0x09c3, 0x09c3, 0x09c3, 0x09c3,
    0x09c4, 0x09c4, 0x09c4, 0x09c4, 0x09c4, 0x09c4, 0x09c4, 0x09c4, 0x09c4, 0x09c4, 0x09c4, 0x09c4, 0x09c4, 0x09c4, 0x09c4, 0x09c4,
    0x09c4, 0x09c4, 0x09c4, 0x09c4, 0x09c4, 0x09c4, 0x09c4, 0x09c4, 0x09c4, 0x09c4, 0x09c4, 0x09c4, 0x09c4, 0x09c4, 0x09c4, 0x09c4,
    0x09c4, 0x09c4, 0x09c4, 0x09c4, 0x09c4, 0x09c4, 0x09c4, 0x09c4, 0x09c4, 0x09c4, 0x09c4, 0x09c4, 0x09c4, 0x09c4, 0x09c4, 0x09c4,
    0x09c3, 0x09c3, 0x09c4, 0x09c3, 0x09c3, 0x09c3, 0x09c3, 0x09a3, 0xffba, 0xff79, 0xff79, 0x846e, 0x09c3, 0x09c3, 0x09c3, 0x09e3,
    0xa591, 0xff79, 0xff99, 0xdeb7, 0x09e4, 0x09c3, 0x2245, 0xff58, 0xff79, 0xf75a, 0x1225, 0x1204, 0xff9a, 0xff79, 0xff9a, 0x4349,
    0x09e4, 0x09a3, 0x0a24, 0x09e4, 0x09a3, 0x0a04, 0x0183, 0xff79, 0xff78, 0xf738, 0x0a04, 0x09e4, 0x0183, 0xffba, 0xff78, 0xff79,
    0xff9a, 0x0a04, 0x09c3, 0x09c4, 0x09e4, 0x09e4, 0x09e4, 0x09e4, 0x09e4, 0x09c3, 0xff79, 0xff79, 0xff79, 0x0122, 0x0a04, 0x09e4,
    0x09c4, 0x09e4, 0x09e4, 0x09c4, 0x09c4, 0xdeb6, 0xff79, 0xff79, 0xded7, 0x0a04, 0xffbb, 0xff59, 0xff58, 0xff99, 0x01e3, 0x0a04,
    0x01a3, 0xf758, 0xff79, 0xf759, 0x0122, 0x09c4, 0x09e4, 0x09c4, 0x0a04, 0x0a04, 0x09c3, 0x09c3, 0x09a3, 0x0a04, 0x1245, 0x11e4,
    0x0983, 0xff79, 0xff7a, 0xffdb, 0x11e4, 0x09e4, 0x0a04, 0x09a3, 0x09a3, 0x1204, 0x1204, 0xf759, 0xff78, 0xff79, 0x01a3, 0x09e4,
    0x09e4, 0x09e4, 0x09e4, 0x09e4, 0x09e4, 0x09c4, 0x01a2, 0xf75b, 0xff9a, 0xff79, 0x09e4, 0x0a04, 0x1204, 0xf759, 0xff79, 0xf759,
    0x09e4, 0xd696, 0xff79, 0xff79, 0xded7, 0x0a04, 0xffdb, 0xff7a, 0xff7a, 0xd695, 0x9d50, 0x09e4, 0x09e4, 0x09e4, 0x09e4, 0x09e4,
    0x09e4, 0x09e4, 0x09e4, 0x09e4, 0x09e4, 0x09c4, 0x09c4, 0x09c4, 0x09c4, 0x09c4, 0x09c4, 0x09c4, 0x09c4, 0x09c4, 0x09c4, 0x09c4,
    0x09c4, 0x09c4, 0x09c4, 0x09c4, 0x09c4, 0x09c4, 0x09c4, 0x09c4, 0x09c4, 0x09c4, 0x09c4, 0x09c4, 0x09c4, 0x09c4, 0x09c4, 0x09c4,
    0x09c4, 0x09c4, 0x09c4, 0x09c4, 0x09c4, 0x09c4, 0x09c4, 0x09c4, 0x09c4, 0x09c4, 0x09c4, 0x09c4, 0x09c4, 0x09c4, 0x09c4, 0x09c4,
    0x09c3, 0x09c3, 0x09c3, 0x09c3, 0x09c3, 0x09c3, 0x09c3, 0x09c3, 0x09c3, 0x09c3, 0x09c3, 0x09c3, 0x09c3, 0x09c3, 0x09c3, 0x09c3,
    0x09c3, 0x09c3, 0x09c3, 0x09c3, 0x09c3, 0x09c3, 0x09c3, 0x09c3, 0x09c3, 0x09c3, 0x09c3, 0x09c3, 0x09c3, 0x09c3, 0x09c3, 0x09c3,
    0x09c3, 0x09c3, 0x09c3, 0x09c3, 0x09c3, 0x09c3, 0x09c3, 0x09c3, 0x09c3, 0x09c3, 0x09c4, 0x09c4, 0x09c3, 0x09c4, 0x09c4, 0x09c4,
    0x09c3, 0x09c3, 0x09c4, 0x09c4, 0x09c4, 0x09c3, 0x09c3, 0x09a3, 0xffba, 0xff79, 0xff79, 0x7c6e, 0x09c3, 0x09c3, 0x09c3, 0x09c3,
    0x9d70, 0xff79, 0xff79, 0xd695, 0x09e4, 0x09e4, 0x2aa6, 0xff58, 0xff78, 0xf759, 0x1225, 0x1204, 0xff7a, 0xff79, 0xff79, 0xffbb,
    0xffba, 0xff99, 0xffba, 0xffda, 0xb5d2, 0x0a04, 0x0182, 0xff7a, 0xff78, 0xf738, 0x0a04, 0x09e4, 0x09a3, 0x0983, 0xf759, 0xff7a,
    0xff79, 0x09e4, 0x09c3, 0x09c3, 0x09e4, 0x09e4, 0x09e4, 0x09e4, 0x09e4, 0x09c3, 0xff99, 0xff79, 0xff79, 0x0142, 0x09e4, 0x09e4,
    0x09e4, 0x09e4, 0x09e4, 0x09e4, 0x09c4, 0xded6, 0xff79, 0xff58, 0xded7, 0x0a04, 0x09e4, 0x2aa6, 0xff58, 0xff58, 0xff79, 0x0a04,
    0x0183, 0xf759, 0xff79, 0xff58, 0xffba, 0xffba, 0xffda, 0xffda, 0xffdb, 0x0a04, 0x09e4, 0xf7bc, 0xffba, 0xfffb, 0xffdb, 0xffba,
    0xffdb, 0xff9a, 0xe718, 0xdef8, 0x0a45, 0x01a3, 0xffdb, 0xffba, 0xffba, 0xffdb, 0xffdb, 0xff79, 0xff58, 0xd695, 0x01a3, 0x09e4,
    0x09e4, 0x09e4, 0x09e4, 0x09e4, 0x09e4, 0x09c4, 0x01a3, 0xce75, 0xff9a, 0xff79, 0xffda, 0xffdb, 0xffdb, 0xff59, 0xd695, 0xc635,
    0x09e4, 0xded6, 0xff7a, 0xff79, 0xdef7, 0x09e4, 0x6c0c, 0x84ae, 0xff79, 0xff79, 0xff99, 0x09e4, 0x09e4, 0x09e4, 0x09e4, 0x09e4,
    0x09e4, 0x09e4, 0x09e4, 0x09e4, 0x09e4, 0x09e4, 0x09c4, 0x09c4, 0x09c3, 0x09c3, 0x09c3, 0x09c3, 0x09c3, 0x09c3, 0x09c3, 0x09c3,
    0x09c3, 0x09c3, 0x09c3, 0x09c3, 0x09c3, 0x09c3, 0x09c3, 0x09c3, 0x09c3, 0x09c3, 0x09c3, 0x09c3, 0x09c3, 0x09c3, 0x09c3, 0x09c3,
    0x09c3, 0x09c3, 0x09c3, 0x09c3, 0x09c3, 0x09c3, 0x09c3, 0x09c3, 0x09c3, 0x09c3, 0x09c3, 0x09c3, 0x09c3, 0x09c3, 0x09c3, 0x09c3,
    0x09c3, 0x09c3, 0x09c3, 0x09c3, 0x09c3, 0x09c3, 0x09c3, 0x09c3, 0x09c3, 0x09c3, 0x09c3, 0x09c3, 0x09c3, 0x09c3, 0x09c3, 0x09c3,
    0x09c3, 0x09c3, 0x09c3, 0x09c3, 0x09c3, 0x09c3, 0x09c3, 0x09c3, 0x09c3, 0x09c3, 0x09c3, 0x09c3, 0x09c3, 0x09c3, 0x09c3, 0x09c3,
    0x09c3, 0x09c3, 0x09c3, 0x09c3, 0x09c3, 0x09c3, 0x09c3, 0x09c3, 0x09c3, 0x09c3, 0x09c4, 0x09c4, 0x09c4, 0x09c4, 0x09c4, 0x09c4,
    0x09c4, 0x09c4, 0x09c4, 0x09c4, 0x09c4, 0x09c3, 0x09c3, 0x09c3, 0xffba, 0xf759, 0xf759, 0x7c4d, 0x09c3, 0x09c3, 0x09c3, 0x09c3,
    0x9d70, 0xf75a, 0xf759, 0xce14, 0x09c3, 0x09e4, 0x2ac6, 0xf75a, 0xf759, 0xef3a, 0x0a04, 0x09e4, 0xf77b, 0xf759, 0xf759, 0xf759,
    0xf759, 0xf758, 0xf759, 0xf75a, 0xa592, 0x0a04, 0x0142, 0xf759, 0xf75a, 0xef3a, 0x09c3, 0x09c3, 0x09a3, 0x01a3, 0xef3a, 0xf77b,
    0xf75a, 0x09e4, 0x09c4, 0x09c3, 0x09e4, 0x09e4, 0x09e4, 0x09c4, 0x09c4, 0x09c3, 0xff9a, 0xf759, 0xf75a, 0x0182, 0x09c3, 0x09e4,
    0x09e4, 0x09e4, 0x09e4, 0x09e4, 0x09e4, 0xd695, 0xf759, 0xf739, 0xdeb6, 0x09c4, 0x09e4, 0x2aa6, 0xf75a, 0xf77a, 0xff7a, 0x09e4,
    0x0162, 0xef3a, 0xf75a, 0xf759, 0xf759, 0xf759, 0xf75a, 0xf75a, 0xf75a, 0x09c4, 0x09e4, 0xf7bb, 0xf77a, 0xf77a, 0xf759, 0xf759,
    0xf75a, 0xf77b, 0x3b28, 0x0a04, 0x0a24, 0x01a2, 0xf75a, 0xf759, 0xf759, 0xf759, 0xf75a, 0xf75a, 0xeef7, 0x09e4, 0x09e4, 0x09e4,
    0x09e4, 0x09e4, 0x09e4, 0x09e4, 0x09e4, 0x09e4, 0x09c4, 0x09e4, 0xef38, 0xf77a, 0xf759, 0xf759, 0xf77a, 0xf73a, 0x2a86, 0x09e4,
    0x09e4, 0xdeb6, 0xf75b, 0xf77b, 0xe6f7, 0x09c4, 0x09c4, 0x2245, 0xf75a, 0xf77a, 0xff9a, 0x09c4, 0x09c4, 0x09e4, 0x09e4, 0x09e4,
    0x09e4, 0x09e4, 0x09e4, 0x09e4, 0x09e4, 0x09e4, 0x09c4, 0x09c4, 0x09c3, 0x09c3, 0x09c3, 0x09c3, 0x09c3, 0x09c3, 0x09c3, 0x09c3,
    0x09c3, 0x09c3, 0x09c3, 0x09c3, 0x09c3, 0x09c3, 0x09c3, 0x09c3, 0x09c3, 0x09c3, 0x09c3, 0x09c3, 0x09c3, 0x09c3, 0x09c3, 0x09c3,
    0x09c3, 0x09c3, 0x09c3, 0x09c3, 0x09c3, 0x09c3, 0x09c3, 0x09c3, 0x09c3, 0x09c3, 0x09c3, 0x09c3, 0x09c3, 0x09c3, 0x09c3, 0x09c3,
    0x09c3, 0x09c3, 0x09c3, 0x09c3, 0x09c3, 0x09c3, 0x09c3, 0x09c3, 0x09c3, 0x09c3, 0x09c3, 0x09c3, 0x09c3, 0x09c3, 0x09c3, 0x09c3,
    0x09c3, 0x09c3, 0x09c3, 0x09c3, 0x09c3, 0x09c3, 0x09c3, 0x09c3, 0x09c3, 0x09c3, 0x09c3, 0x09c3, 0x09c3, 0x09c3, 0x09c3, 0x09c3,
    0x09c3, 0x09c3, 0x09c3, 0x09c3, 0x09c3, 0x09c3, 0x09c3, 0x09c3, 0x09c3, 0x09c3, 0x09e4, 0x09c4, 0x09c3, 0x09c3, 0x09c4, 0x09c4,
    0x09c4, 0x09c4, 0x09c3, 0x09c4, 0x09c4, 0x09c3, 0x09c3, 0x09c3, 0x09c3, 0x09c3, 0x09a3, 0x09a3, 0x09c4, 0x09c3, 0x09c3, 0x09c3,
    0x09c3, 0x11c4, 0x09a4, 0x09a3, 0x09a3, 0x09e3, 0x09e4, 0x11e4, 0x09c4, 0x11c4, 0x09c4, 0x09e4, 0x11c3, 0x11c3, 0x09c3, 0x11e4,
    0x11e4, 0x11e4, 0x09c3, 0x09c3, 0x09e4, 0x09e4, 0x0183, 0x0983, 0x09c4, 0x09a3, 0x09c3, 0x09c4, 0x09c4, 0x09c4, 0x11c4, 0x11e4,
    0x11a3, 0x09c3, 0x09c4, 0x09c4, 0x09e4, 0x09e4, 0x09e4, 0x09c4, 0x09c4, 0x09c4, 0x09c4, 0x09c4, 0x11e4, 0x09e4, 0x09e4, 0x09e4,
    0x09e4, 0x09e4, 0x09e4, 0x09e4, 0x09e4, 0x09c4, 0x09c4, 0x09c4, 0x09c3, 0x09c4, 0x09e4, 0x09e4, 0x1225, 0x1204, 0x09c3, 0x09e4,
    0x09c3, 0x09a3, 0x09c4, 0x11c4, 0x11e4, 0x1204, 0x1205, 0x11e4, 0x11c4, 0x09e4, 0x09e4, 0x09c4, 0x11e4, 0x11e4, 0x11e4, 0x11e4,
    0x11e4, 0x09e4, 0x09e4, 0x09e4, 0x09e4, 0x09c4, 0x09c4, 0x09c3, 0x11e4, 0x11c4, 0x09c4, 0x09c4, 0x09e4, 0x09e4, 0x09e4, 0x09e4,
    0x09e4, 0x09e4, 0x09e4, 0x09c4, 0x09e4, 0x09c4, 0x09e4, 0x09e4, 0x09c3, 0x09e4, 0x11e4, 0x11e4, 0x11e4, 0x11e4, 0x09e4, 0x09e4,
    0x09c4, 0x09a3, 0x11e4, 0x11e4, 0x09c3, 0x09c4, 0x09c4, 0x09c4, 0x11e4, 0x11e4, 0x11c4, 0x09e4, 0x09e4, 0x09e4, 0x09e4, 0x09e4,
    0x09e4, 0x09e4, 0x09e4, 0x09c4, 0x09c4, 0x09c4, 0x09c4, 0x09c4, 0x09c3, 0x09c3, 0x09c3, 0x09c3, 0x09c3, 0x09c3, 0x09c3, 0x09c3,
    0x09c3, 0x09c3, 0x09c3, 0x09c3, 0x09c3, 0x09c3, 0x09c3, 0x09c3, 0x09c3, 0x09c3, 0x09c3, 0x09c3, 0x09c3, 0x09c3, 0x09c3, 0x09c3,
    0x09c3, 0x09c3, 0x09c3, 0x09c3, 0x09c3, 0x09c3, 0x09c3, 0x09c3, 0x09c3, 0x09c3, 0x09c3, 0x09c3, 0x09c3, 0x09c3, 0x09c3, 0x09c3,
    0x09c4, 0x09c4, 0x09c4, 0x09c4, 0x09c4, 0x09c4, 0x09c4, 0x09c4, 0x09c4, 0x09c4, 0x09c4, 0x09c4, 0x09c4, 0x09c4, 0x09c4, 0x09c4,
    0x09c4, 0x09c4, 0x09c4, 0x09c4, 0x09c4, 0x09c4, 0x09c4, 0x09c4, 0x09c4, 0x09c4, 0x09c4, 0x09c4, 0x09c4, 0x09c4, 0x09c4, 0x09c4,
    0x09c4, 0x09c4, 0x09c4, 0x09c4, 0x09c4, 0x09c4, 0x09c4, 0x09c4, 0x09c4, 0x09c4, 0x09c3, 0x09c3, 0x09c3, 0x09c4, 0x09c4, 0x09c4,
    0x09c4, 0x09c4, 0x09c3, 0x09c3, 0x09c4, 0x09c3, 0x09c3, 0x09c3, 0x09c3, 0x09c3, 0x09c3, 0x09c3, 0x09c3, 0x09c4, 0x09e3, 0x09e3,
    0x09c4, 0x09c4, 0x09c3, 0x09c3, 0x09c3, 0x09e4, 0x09e4, 0x09e4, 0x09c4, 0x09c4, 0x09c4, 0x09c4, 0x09c4, 0x09c4, 0x09c4, 0x09c4,
    0x09c4, 0x09e4, 0x09e4, 0x09e4, 0x09e4, 0x09e4, 0x09c3, 0x09a3, 0x09c4, 0x09c3, 0x09c4, 0x09c3, 0x09c3, 0x09c4, 0x09e4, 0x09e4,
    0x09c4, 0x09c4, 0x09c3, 0x09c4, 0x09e4, 0x09c4, 0x09e4, 0x09c4, 0x09c4, 0x09c4, 0x09e4, 0x09e4, 0x09e4, 0x09c4, 0x09e4, 0x09e4,
    0x09e4, 0x09e4, 0x09e4, 0x09e4, 0x09e4, 0x09c4, 0x09e4, 0x09e4, 0x09c4, 0x09e4, 0x09e4, 0x09e4, 0x0a04, 0x09e4, 0x09e4, 0x09e4,
    0x09e4, 0x09e4, 0x09e4, 0x09e4, 0x09e4, 0x09e4, 0x09e4, 0x09e4, 0x09e4, 0x09e4, 0x09e4, 0x09e4, 0x09e4, 0x09e4, 0x09c4, 0x09e4,
    0x09e4, 0x09c4, 0x09e4, 0x09e4, 0x09e4, 0x09e4, 0x09e4, 0x09e4, 0x09e4, 0x09e4, 0x09c4, 0x09e4, 0x09e4, 0x09e4, 0x09e4, 0x09e4,
    0x09e4, 0x09e4, 0x09e4, 0x09e4, 0x09e4, 0x09c4, 0x09e4, 0x09e4, 0x09e4, 0x09e4, 0x09e4, 0x09e4, 0x09e4, 0x09e4, 0x09e4, 0x09e4,
    0x09e4, 0x09c4, 0x09e4, 0x09e4, 0x09c4, 0x09c4, 0x09c4, 0x09c4, 0x09e4, 0x09c4, 0x09c4, 0x09c4, 0x09e4, 0x09e4, 0x09e4, 0x09e4,
    0x09e4, 0x09e4, 0x09c4, 0x09c4, 0x09c3, 0x09e4, 0x09c4, 0x09c4, 0x09c4, 0x09c4, 0x09c4, 0x09c4, 0x09c4, 0x09c4, 0x09c4, 0x09c4,
    0x09c4, 0x09c4, 0x09c4, 0x09c4, 0x09c4, 0x09c4, 0x09c4, 0x09c4, 0x09c4, 0x09c4, 0x09c4, 0x09c4, 0x09c4, 0x09c4, 0x09c4, 0x09c4,
    0x09c4, 0x09c4, 0x09c4, 0x09c4, 0x09c4, 0x09c4, 0x09c4, 0x09c4, 0x09c4, 0x09c4, 0x09c4, 0x09c4, 0x09c4, 0x09c4, 0x09c4, 0x09c4,
    0x09c3, 0x09c3, 0x09c3, 0x09c3, 0x09c3, 0x09c3, 0x09c3, 0x09c3, 0x09c3, 0x09c3, 0x09c3, 0x09c3, 0x09c3, 0x09c3, 0x09c3, 0x09c3,
    0x09c3, 0x09c3, 0x09c3, 0x09c3, 0x09c3, 0x09c3, 0x09c3, 0x09c3, 0x09c3, 0x09c3, 0x09c3, 0x09c3, 0x09c3, 0x09c3, 0x09c3, 0x09c3,
    0x09c3, 0x09c3, 0x09c3, 0x09c3, 0x09c3, 0x09c3, 0x09c3, 0x09c3, 0x09c3, 0x09c3, 0x09e4, 0x09c4, 0x09e4, 0x09c4, 0x09c4, 0x09c4,
    0x09c4, 0x09c4, 0x09c4, 0x09c3, 0x09c4, 0x09c3, 0x09c3, 0x09c3, 0x09c3, 0x09c3, 0x09c3, 0x09c3, 0x09c3, 0x09c4, 0x09e4, 0x09c4,
    0x09c4, 0x09c3, 0x09e4, 0x09c4, 0x09c3, 0x09c3, 0x09c4, 0x09c4, 0x09c4, 0x09c4, 0x09e4, 0x09c4, 0x09c4, 0x09c4, 0x09e4, 0x09e4,
    0x09e4, 0x09e4, 0x09e4, 0x09e4, 0x09e4, 0x09c4, 0x09c3, 0x09c3, 0x09c3, 0x09c3, 0x09c3, 0x09c4, 0x09c4, 0x09c4, 0x09c4, 0x09c4,
    0x09e4, 0x09c4, 0x09c4, 0x09c4, 0x09c4, 0x09e4, 0x09e4, 0x09c4, 0x09c4, 0x09c4, 0x09c4, 0x09c4, 0x09c4, 0x09c4, 0x09e4, 0x09e4,
    0x09e4, 0x09e4, 0x09e4, 0x09e4, 0x09e4, 0x09e4, 0x09e4, 0x09e4, 0x09e4, 0x09c4, 0x09e4, 0x09e4, 0x09e4, 0x09e4, 0x09e4, 0x09e4,
    0x09e4, 0x09e4, 0x09e4, 0x09e4, 0x09e4, 0x09e4, 0x09e4, 0x09e4, 0x09e4, 0x09e4, 0x09e4, 0x09e4, 0x09e4, 0x09e4, 0x09e4, 0x09e4,
    0x09e4, 0x09e4, 0x09e4, 0x09e4, 0x09e4, 0x09e4, 0x09e4, 0x09e4, 0x09e4, 0x09e4, 0x09e4, 0x09e4, 0x09e4, 0x09e4, 0x09e4, 0x09e4,
    0x09e4, 0x09e4, 0x09e4, 0x09e4, 0x09e4, 0x09c4, 0x09c4, 0x09e4, 0x09e4, 0x09e4, 0x09e4, 0x09e4, 0x09e4, 0x09e4, 0x09e4, 0x09e4,
    0x09e4, 0x09e4, 0x09e4, 0x09e4, 0x09e4, 0x09c4, 0x09c4, 0x09c4, 0x09c4, 0x09e4, 0x09e4, 0x09e4, 0x09e4, 0x09e4, 0x09e4, 0x09e4,
    0x09e4, 0x09c4, 0x09c4, 0x09c4, 0x09e4, 0x09c4, 0x09e4, 0x09c4, 0x09c3, 0x09c3, 0x09c3, 0x09c3, 0x09c3, 0x09c3, 0x09c3, 0x09c3,
    0x09c3, 0x09c3, 0x09c3, 0x09c3, 0x09c3, 0x09c3, 0x09c3, 0x09c3, 0x09c3, 0x09c3, 0x09c3, 0x09c3, 0x09c3, 0x09c3, 0x09c3, 0x09c3,
    0x09c3, 0x09c3, 0x09c3, 0x09c3, 0x09c3, 0x09c3, 0x09c3, 0x09c3, 0x09c3, 0x09c3, 0x09c3, 0x09c3, 0x09c3, 0x09c3, 0x09c3, 0x09c3,
    0x09c4, 0x09c4, 0x09c4, 0x09c4, 0x09c4, 0x09c4, 0x09c4, 0x09c4, 0x09c4, 0x09c4, 0x09c4, 0x09c4, 0x09c4, 0x09c4, 0x09c4, 0x09c4,
    0x09c4, 0x09c4, 0x09c4, 0x09c4, 0x09c4, 0x09c4, 0x09c4, 0x09c4, 0x09c4, 0x09c4, 0x09c4, 0x09c4, 0x09c4, 0x09c4, 0x09c4, 0x09c4,
    0x09c4, 0x09c4, 0x09c4, 0x09c4, 0x09c4, 0x09c4, 0x09c4, 0x09c4, 0x09c4, 0x09c4, 0x09e4, 0x09e4, 0x09c4, 0x09e4, 0x09c4, 0x09c4,
    0x09c4, 0x09c4, 0x09c3, 0x09c3, 0x09c4, 0x09c4, 0x09c3, 0x09c3, 0x09c3, 0x09c3, 0x09c4, 0x09c3, 0x09c3, 0x09c4, 0x09c4, 0x09c4,
    0x09c4, 0x09c4, 0x09c4, 0x09c4, 0x09c4, 0x09c4, 0x09e3, 0x09e4, 0x09e4, 0x09c4, 0x09e4, 0x09c4, 0x09c4, 0x09c4, 0x09c4, 0x09e4,
    0x09c4, 0x09c4, 0x09c4, 0x09e4, 0x09c4, 0x09c3, 0x09c4, 0x09c4, 0x09c4, 0x09c4, 0x09c4, 0x09c4, 0x09c4, 0x09c4, 0x09c4, 0x09c4,
    0x09c4, 0x09c4, 0x09c3, 0x09c4, 0x09c4, 0x09c4, 0x09c4, 0x09e4, 0x09c4, 0x09c4, 0x09c4, 0x09c4, 0x09c4, 0x09e4, 0x09e4, 0x09e4,
    0x09e4, 0x09e4, 0x09e4, 0x09e4, 0x09e4, 0x09e4, 0x09e4, 0x09e4, 0x09c4, 0x09e4, 0x09e4, 0x09e4, 0x09e4, 0x09e4, 0x09e4, 0x09e4,
    0x09e4, 0x09e4, 0x09e4, 0x09e4, 0x09e4, 0x09e4, 0x09e4, 0x09e4, 0x09e4, 0x09e4, 0x09e4, 0x09e4, 0x09e4, 0x09e4, 0x09e4, 0x09c4,
    0x09c4, 0x09e4, 0x09e4, 0x09e4, 0x09e4, 0x09e4, 0x09e4, 0x09e4, 0x09e4, 0x09c4, 0x09c4, 0x09e4, 0x09e4, 0x09e4, 0x09e4, 0x09e4,
    0x09c4, 0x09c4, 0x09c4, 0x09c4, 0x09e4, 0x09e4, 0x09c4, 0x09e4, 0x09e4, 0x09e4, 0x09e4, 0x09e4, 0x09e4, 0x09e4, 0x09e4, 0x09e4,
    0x09e4, 0x09e4, 0x09e4, 0x09e4, 0x09e4, 0x09c4, 0x09c4, 0x09c4, 0x09e4, 0x09e4, 0x09e4, 0x09e4, 0x09e4, 0x09c4, 0x09c4, 0x09c4,
    0x09c4, 0x09e4, 0x09c4, 0x09c4, 0x09c4, 0x09e4, 0x09c4, 0x09e4, 0x09c4, 0x09c4, 0x09c4, 0x09c4, 0x09c4, 0x09c4, 0x09c4, 0x09c4,
    0x09c4, 0x09c4, 0x09c4, 0x09c4, 0x09c4, 0x09c4, 0x09c4, 0x09c4, 0x09c4, 0x09c4, 0x09c4, 0x09c4, 0x09c4, 0x09c4, 0x09c4, 0x09c4,
    0x09c4, 0x09c4, 0x09c4, 0x09c4, 0x09c4, 0x09c4, 0x09c4, 0x09c4, 0x09c4, 0x09c4, 0x09c4, 0x09c4, 0x09c4, 0x09c4, 0x09c4, 0x09c4,
    0x09c4, 0x09c4, 0x09c4, 0x09c4, 0x09c4, 0x09c4, 0x09c4, 0x09c4, 0x09c4, 0x09c4, 0x09c4, 0x09c4, 0x09c4, 0x09c4, 0x09c4, 0x09c4,
    0x09c4, 0x09c4, 0x09c4, 0x09c4, 0x09c4, 0x09c4, 0x09c4, 0x09c4, 0x09c4, 0x09c4, 0x09c4, 0x09c4, 0x09c4, 0x09c4, 0x09c4, 0x09c4,
    0x09c4, 0x09c4, 0x09c4, 0x09c4, 0x09c4, 0x09c4, 0x09c4, 0x09c4, 0x09c4, 0x09c4, 0x09c4, 0x09e4, 0x09e4, 0x09e4, 0x09c4, 0x09c4,
    0x09c4, 0x09c4, 0x09c3, 0x09c3, 0x09c4, 0x09c4, 0x09c3, 0x09c4, 0x09c3, 0x09c3, 0x09c4, 0x09c3, 0x09c3, 0x09c4, 0x09c4, 0x09c4,
    0x09c4, 0x09c3, 0x09c4, 0x09c4, 0x09c4, 0x09c4, 0x09e4, 0x09c4, 0x09e4, 0x09e4, 0x09c4, 0x09e4, 0x09c4, 0x09c4, 0x09c4, 0x09e4,
    0x09c4, 0x09c4, 0x09c4, 0x09c4, 0x09c4, 0x09e4, 0x09c3, 0x09c3, 0x09c4, 0x09c4, 0x09c3, 0x09c3, 0x09c4, 0x09c4, 0x09c3, 0x09c4,
    0x09c4, 0x09c4, 0x09c4, 0x09c3, 0x09c4, 0x09c4, 0x09c4, 0x09c4, 0x09c4, 0x09c4, 0x09c3, 0x09e4, 0x09c4, 0x09c4, 0x09e4, 0x09e4,
    0x09e4, 0x09e4, 0x09e4, 0x09e4, 0x09e4, 0x09e4, 0x09e4, 0x09e4, 0x09e4, 0x09e4, 0x09e4, 0x09e4, 0x09e4, 0x09e4, 0x09e4, 0x09e4,
    0x09e4, 0x09e4, 0x09e4, 0x09e4, 0x09e4, 0x09e4, 0x09e4, 0x09e4, 0x09e4, 0x09e4, 0x09e4, 0x09e4, 0x09c4, 0x09e4, 0x09e4, 0x09e4,
    0x09e4, 0x09e4, 0x09e4, 0x09e4, 0x09e4, 0x09e4, 0x09e4, 0x09e4, 0x09e4, 0x09e4, 0x09e4, 0x09e4, 0x09e4, 0x09e4, 0x09e4, 0x09e4,
    0x09c4, 0x09c4, 0x09c4, 0x09c4, 0x09e4, 0x09e4, 0x09e4, 0x09e4, 0x09e4, 0x09e4, 0x09e4, 0x09e4, 0x09e4, 0x09e4, 0x09e4, 0x09c4,
    0x09e4, 0x09e4, 0x09e4, 0x09e4, 0x09e4, 0x09e4, 0x09c4, 0x09c4, 0x09e4, 0x09c4, 0x09e4, 0x09c4, 0x09e4, 0x09c4, 0x09c4, 0x09c4,
    0x09c4, 0x09c4, 0x09e4, 0x09c4, 0x09e4, 0x09e4, 0x09e4, 0x09e4, 0x09c4, 0x09c4, 0x09c4, 0x09c4, 0x09c4, 0x09c4, 0x09c4, 0x09c4,
    0x09c4, 0x09c4, 0x09c4, 0x09c4, 0x09c4, 0x09c4, 0x09c4, 0x09c4, 0x09c4, 0x09c4, 0x09c4, 0x09c4, 0x09c4, 0x09c4, 0x09c4, 0x09c4,
    0x09c4, 0x09c4, 0x09c4, 0x09c4, 0x09c4, 0x09c4, 0x09c4, 0x09c4, 0x09c4, 0x09c4, 0x09c4, 0x09c4, 0x09c4, 0x09c4, 0x09c4, 0x09c4,
    0x09c4, 0x09c4, 0x09c4, 0x09c4, 0x09c4, 0x09c4, 0x09c4, 0x09c4, 0x09c4, 0x09c4, 0x09c4, 0x09c4, 0x09c4, 0x09c4, 0x09c4, 0x09c4,
    0x09c4, 0x09c4, 0x09c4, 0x09c4, 0x09c4, 0x09c4, 0x09c4, 0x09c4, 0x09c4, 0x09c4, 0x09c4, 0x09c4, 0x09c4, 0x09c4, 0x09c4, 0x09c4,
    0x09c4, 0x09c4, 0x09c4, 0x09c4, 0x09c4, 0x09c4, 0x09c4, 0x09c4, 0x09c4, 0x09c4, 0x09c4, 0x09c4, 0x09c4, 0x09c4, 0x09c4, 0x09c4,
    0x09c4, 0x09c4, 0x09c4, 0x09c4, 0x09c4, 0x09c4, 0x09c4, 0x09c4, 0x09c4, 0x09c4, 0x09c4, 0x09c4, 0x09c4, 0x09c4, 0x09c4, 0x09c4,
    0x09c4, 0x09c4, 0x09c4, 0x09c4, 0x09c4, 0x09c4, 0x09c4, 0x09c4, 0x09c4, 0x09c4, 0x09c4, 0x09c4, 0x09c4, 0x09c4, 0x09c4, 0x09c4,
    0x09c4, 0x09c4, 0x09c4, 0x09c4, 0x09c4, 0x09c4, 0x09c4, 0x09c4, 0x09c4, 0x09c4, 0x09c4, 0x09c4, 0x09c4, 0x09c4, 0x09c4, 0x09c4,
    0x09c4, 0x09c4, 0x09c4, 0x09c4, 0x09c4, 0x09c4, 0x09c4, 0x09c4, 0x09c4, 0x09c4, 0x09c4, 0x09c4, 0x09c4, 0x09c4, 0x09c4, 0x09c4,
    0x09c4, 0x09c4, 0x09c4, 0x09c4, 0x09c4, 0x09c4, 0x09c4, 0x09c4, 0x09c4, 0x09c4, 0x09c4, 0x09c4, 0x09c4, 0x09c4, 0x09c4, 0x09c4,
    0x09c4, 0x09c4, 0x09c4, 0x09c4, 0x09c4, 0x09c4, 0x09c4, 0x09c4, 0x09c4, 0x09c4, 0x09c4, 0x09c4, 0x09c4, 0x09c4, 0x09c4, 0x09c4,
    0x09c4, 0x09c4, 0x09c4, 0x09c4, 0x09c4, 0x09c4, 0x09c4, 0x09c4, 0x09c4, 0x09c4, 0x09c4, 0x09c4, 0x09c4, 0x09c4, 0x09c4, 0x09c4,
    0x09c4, 0x09c4, 0x09c4, 0x09c4, 0x09c4, 0x09c4, 0x09c4, 0x09c4, 0x09c4, 0x09c4, 0x09c4, 0x09c4, 0x09c4, 0x09c4, 0x09c4, 0x09c4,
    0x09c4, 0x09c4, 0x09c4, 0x09c4, 0x09c4, 0x09c4, 0x09c4, 0x09c4, 0x09c4, 0x09c4, 0x09c4, 0x09c4, 0x09c4, 0x09c4, 0x09c4, 0x09c4,
    0x09c4, 0x09c4, 0x09c4, 0x09c4, 0x09c4, 0x09c4, 0x09c4, 0x09c4, 0x09c4, 0x09c4, 0x09c4, 0x09c4, 0x09c4, 0x09c4, 0x09c4, 0x09c4,
    0x09c4, 0x09c4, 0x09c4, 0x09c4, 0x09c4, 0x09c4, 0x09c4, 0x09c4, 0x09c4, 0x09c4, 0x09c4, 0x09c4, 0x09c4, 0x09c4, 0x09c4, 0x09c4,
    0x09c4, 0x09c4, 0x09c4, 0x09c4, 0x09c4, 0x09c4, 0x09c4, 0x09c4, 0x09c4, 0x09c4, 0x09c4, 0x09c4, 0x09c4, 0x09c4, 0x09c4, 0x09c4,
    0x09c3, 0x09c3, 0x09c3, 0x09c3, 0x09c3, 0x09c3, 0x09c3, 0x09c3, 0x09c3, 0x09c3, 0x09c3, 0x09c3, 0x09c3, 0x09c3, 0x09c3, 0x09c3,
    0x09c3, 0x09c3, 0x09c3, 0x09c3, 0x09c3, 0x09c3, 0x09c3, 0x09c3, 0x09c3, 0x09c3, 0x09c3, 0x09c3, 0x09c3, 0x09c3, 0x09c3, 0x09c3,
    0x09c3, 0x09c3, 0x09c3, 0x09c3, 0x09c3, 0x09c3, 0x09c3, 0x09c3, 0x09c3, 0x09c3, 0x09c3, 0x09c3, 0x09c3, 0x09c3, 0x09c3, 0x09c3,
    0x09c3, 0x09c3, 0x09c3, 0x09c3, 0x09c3, 0x09c3, 0x09c3, 0x09c3, 0x09c3, 0x09c3, 0x09c3, 0x09c3, 0x09c3, 0x09c3, 0x09c3, 0x09c3,
    0x09c3, 0x09c3, 0x09c3, 0x09c3, 0x09c3, 0x09c3, 0x09c3, 0x09c3, 0x09c3, 0x09c3, 0x09c3, 0x09c3, 0x09c3, 0x09c3, 0x09c3, 0x09c3,
    0x09c3, 0x09c3, 0x09c3, 0x09c3, 0x09c3, 0x09c3, 0x09c3, 0x09c3, 0x09c3, 0x09c3, 0x09c3, 0x09c3, 0x09c3, 0x09c3, 0x09c3, 0x09c3,
    0x09c3, 0x09c3, 0x09c3, 0x09c3, 0x09c3, 0x09c3, 0x09c3, 0x09c3, 0x09c3, 0x09c3, 0x09c3, 0x09c3, 0x09c3, 0x09c3, 0x09c3, 0x09c3,
    0x09c3, 0x09c3, 0x09c3, 0x09c3, 0x09c3, 0x09c3, 0x09c3, 0x09c3, 0x09c3, 0x09c3, 0x09c3, 0x09c3, 0x09c3, 0x09c3, 0x09c3, 0x09c3,
    0x09c3, 0x09c3, 0x09c3, 0x09c3, 0x09c3, 0x09c3, 0x09c3, 0x09c3, 0x09c3, 0x09c3, 0x09c3, 0x09c3, 0x09c3, 0x09c3, 0x09c3, 0x09c3,
    0x09c3, 0x09c3, 0x09c3, 0x09c3, 0x09c3, 0x09c3, 0x09c3, 0x09c3, 0x09c3, 0x09c3, 0x09c3, 0x09c3, 0x09c3, 0x09c3, 0x09c3, 0x09c3,
    0x09c3, 0x09c3, 0x09c3, 0x09c3, 0x09c3, 0x09c3, 0x09c3, 0x09c3, 0x09c3, 0x09c3, 0x09c3, 0x09c3, 0x09c3, 0x09c3, 0x09c3, 0x09c3,
    0x09c3, 0x09c3, 0x09c3, 0x09c3, 0x09c3, 0x09c3, 0x09c3, 0x09c3, 0x09c3, 0x09c3, 0x09c3, 0x09c3, 0x09c3, 0x09c3, 0x09c3, 0x09c3,
    0x09c3, 0x09c3, 0x09c3, 0x09c3, 0x09c3, 0x09c3, 0x09c3, 0x09c3, 0x09c3, 0x09c3, 0x09c3, 0x09c3, 0x09c3, 0x09c3, 0x09c3, 0x09c3,
    0x09c3, 0x09c3, 0x09c3, 0x09c3, 0x09c3, 0x09c3, 0x09c3, 0x09c3, 0x09c3, 0x09c3, 0x09c3, 0x09c3, 0x09c3, 0x09c3, 0x09c3, 0x09c3,
    0x09c3, 0x09c3, 0x09c3, 0x09c3, 0x09c3, 0x09c3, 0x09c3, 0x09c3, 0x09c3, 0x09c3, 0x09c3, 0x09c3, 0x09c3, 0x09c3, 0x09c3, 0x09c3
};
